rating_id,user_id,movie_id,rating,timestamp
R000001,U0009,M0002,4,2026-09-10 08:31:00
R000002,U0159,M0051,5,2026-08-14 13:07:00
R000003,U0184,M0012,5,2026-07-11 09:05:00
R000004,U0145,M0069,5,2026-07-17 17:23:00
R000005,U0077,M0044,4,2026-09-04 01:08:00
R000006,U0111,M0008,5,2026-07-18 23:32:00
R000007,U0012,M0021,2,2026-07-06 17:25:00
R000008,U0068,M0009,5,2026-07-14 18:48:00
R000009,U0121,M0093,5,2026-08-04 10:00:00
R000010,U0112,M0011,3,2026-07-13 01:36:00
R000011,U0070,M0048,5,2026-09-04 12:25:00
R000012,U0134,M0014,4,2026-07-11 17:12:00
R000013,U0110,M0058,4,2026-08-06 13:58:00
R000014,U0093,M0061,4,2026-07-16 19:41:00
R000015,U0148,M0080,5,2026-07-11 21:05:00
R000016,U0102,M0008,5,2026-07-18 17:43:00
R000017,U0161,M0005,4,2026-08-08 13:18:00
R000018,U0058,M0014,4,2026-07-27 02:39:00
R000019,U0097,M0005,3,2026-08-29 00:41:00
R000020,U0071,M0031,5,2026-08-11 19:28:00
R000021,U0192,M0003,5,2026-08-19 14:52:00
R000022,U0079,M0067,4,2026-08-04 22:54:00
R000023,U0109,M0005,5,2026-08-12 15:35:00
R000024,U0026,M0012,4,2026-09-24 20:08:00
R000025,U0048,M0013,4,2026-09-13 12:08:00
R000026,U0023,M0009,5,2026-07-22 23:06:00
R000027,U0147,M0005,4,2026-08-03 11:07:00
R000028,U0071,M0090,5,2026-08-30 16:20:00
R000029,U0128,M0018,5,2026-08-18 06:35:00
R000030,U0132,M0008,5,2026-07-08 21:28:00
R000031,U0123,M0012,3,2026-08-07 08:07:00
R000032,U0012,M0006,5,2026-08-19 04:02:00
R000033,U0148,M0017,4,2026-07-24 18:23:00
R000034,U0189,M0038,4,2026-08-16 20:27:00
R000035,U0159,M0039,4,2026-09-09 23:58:00
R000036,U0037,M0009,5,2026-08-26 08:23:00
R000037,U0187,M0004,3,2026-08-23 12:19:00
R000038,U0085,M0027,4,2026-08-08 13:12:00
R000039,U0084,M0010,4,2026-09-21 06:43:00
R000040,U0070,M0070,4,2026-08-27 20:40:00
R000041,U0153,M0008,4,2026-09-13 10:08:00
R000042,U0168,M0044,5,2026-09-05 13:12:00
R000043,U0008,M0012,3,2026-07-14 17:54:00
R000044,U0137,M0011,5,2026-09-16 11:13:00
R000045,U0150,M0059,5,2026-07-30 12:10:00
R000046,U0092,M0097,3,2026-09-18 05:07:00
R000047,U0100,M0031,5,2026-09-12 22:58:00
R000048,U0058,M0079,4,2026-09-08 16:06:00
R000049,U0197,M0009,5,2026-07-02 11:32:00
R000050,U0139,M0051,5,2026-08-24 10:59:00
R000051,U0135,M0006,3,2026-08-29 13:49:00
R000052,U0045,M0031,4,2026-08-30 03:17:00
R000053,U0023,M0099,3,2026-07-13 17:51:00
R000054,U0177,M0010,3,2026-07-13 04:44:00
R000055,U0198,M0002,3,2026-08-06 02:57:00
R000056,U0178,M0037,5,2026-07-28 09:47:00
R000057,U0001,M0080,5,2026-07-02 02:11:00
R000058,U0170,M0092,4,2026-07-03 20:23:00
R000059,U0191,M0010,4,2026-09-05 10:00:00
R000060,U0021,M0086,5,2026-08-27 07:57:00
R000061,U0012,M0003,4,2026-09-28 07:06:00
R000062,U0069,M0061,3,2026-07-08 19:53:00
R000063,U0027,M0071,4,2026-08-06 20:35:00
R000064,U0120,M0004,3,2026-07-05 04:56:00
R000065,U0076,M0001,4,2026-07-25 10:14:00
R000066,U0126,M0072,5,2026-07-11 23:16:00
R000067,U0167,M0002,4,2026-08-07 19:44:00
R000068,U0134,M0025,5,2026-08-11 02:33:00
R000069,U0127,M0010,5,2026-07-05 09:01:00
R000070,U0164,M0092,5,2026-08-03 10:54:00
R000071,U0003,M0097,5,2026-07-14 06:48:00
R000072,U0086,M0072,3,2026-09-28 22:02:00
R000073,U0051,M0048,5,2026-09-21 11:51:00
R000074,U0139,M0085,4,2026-09-17 19:02:00
R000075,U0001,M0032,4,2026-09-06 15:00:00
R000076,U0192,M0051,4,2026-07-29 04:07:00
R000077,U0014,M0007,5,2026-07-12 17:31:00
R000078,U0035,M0010,5,2026-08-14 04:25:00
R000079,U0049,M0006,5,2026-08-21 06:49:00
R000080,U0041,M0064,4,2026-08-18 20:52:00
R000081,U0127,M0024,4,2026-07-17 06:35:00
R000082,U0037,M0006,5,2026-09-09 13:10:00
R000083,U0060,M0003,5,2026-09-28 08:30:00
R000084,U0130,M0004,5,2026-07-17 19:24:00
R000085,U0178,M0087,4,2026-08-10 20:52:00
R000086,U0042,M0048,4,2026-07-14 07:14:00
R000087,U0043,M0015,4,2026-07-06 15:44:00
R000088,U0132,M0054,4,2026-07-25 03:25:00
R000089,U0076,M0086,5,2026-08-08 03:51:00
R000090,U0059,M0004,4,2026-07-28 08:24:00
R000091,U0042,M0005,5,2026-09-18 22:25:00
R000092,U0123,M0048,4,2026-08-27 07:40:00
R000093,U0100,M0060,5,2026-09-14 19:58:00
R000094,U0151,M0073,5,2026-08-23 22:02:00
R000095,U0168,M0002,5,2026-08-24 10:26:00
R000096,U0199,M0026,3,2026-08-21 20:51:00
R000097,U0141,M0009,5,2026-07-09 20:35:00
R000098,U0147,M0022,5,2026-09-01 09:05:00
R000099,U0156,M0059,4,2026-09-23 00:31:00
R000100,U0058,M0035,4,2026-08-27 02:10:00
R000101,U0017,M0009,5,2026-07-09 14:27:00
R000102,U0088,M0006,5,2026-07-10 07:18:00
R000103,U0173,M0087,4,2026-09-18 20:52:00
R000104,U0048,M0091,4,2026-09-12 18:53:00
R000105,U0153,M0037,5,2026-09-12 15:10:00
R000106,U0024,M0047,4,2026-07-21 16:09:00
R000107,U0196,M0002,3,2026-07-20 07:08:00
R000108,U0082,M0012,4,2026-08-11 00:27:00
R000109,U0126,M0055,3,2026-09-26 02:17:00
R000110,U0078,M0074,4,2026-07-11 06:45:00
R000111,U0063,M0002,5,2026-08-27 23:53:00
R000112,U0166,M0019,4,2026-09-02 20:04:00
R000113,U0090,M0010,4,2026-08-07 21:54:00
R000114,U0112,M0013,3,2026-08-23 11:42:00
R000115,U0127,M0080,5,2026-09-15 23:45:00
R000116,U0196,M0022,4,2026-07-15 09:31:00
R000117,U0187,M0095,5,2026-08-11 16:36:00
R000118,U0189,M0067,4,2026-07-23 13:23:00
R000119,U0079,M0020,5,2026-07-31 20:40:00
R000120,U0128,M0001,5,2026-07-17 07:01:00
R000121,U0143,M0084,5,2026-08-22 08:01:00
R000122,U0196,M0010,5,2026-08-15 20:47:00
R000123,U0132,M0005,4,2026-07-13 08:11:00
R000124,U0034,M0061,5,2026-08-02 14:35:00
R000125,U0173,M0041,5,2026-08-09 13:43:00
R000126,U0118,M0056,4,2026-09-14 08:14:00
R000127,U0153,M0083,3,2026-08-01 21:43:00
R000128,U0152,M0062,5,2026-08-09 14:14:00
R000129,U0147,M0098,4,2026-08-28 00:20:00
R000130,U0046,M0096,4,2026-08-23 22:39:00
R000131,U0031,M0007,4,2026-08-14 07:32:00
R000132,U0150,M0024,5,2026-08-17 21:05:00
R000133,U0016,M0006,4,2026-07-12 03:36:00
R000134,U0028,M0085,4,2026-07-11 08:02:00
R000135,U0091,M0002,5,2026-07-30 16:23:00
R000136,U0195,M0054,4,2026-09-13 14:00:00
R000137,U0031,M0055,5,2026-08-22 06:06:00
R000138,U0013,M0058,3,2026-08-04 03:37:00
R000139,U0106,M0014,4,2026-08-10 05:53:00
R000140,U0135,M0036,4,2026-08-20 09:13:00
R000141,U0131,M0078,4,2026-07-09 04:42:00
R000142,U0005,M0019,4,2026-09-04 18:32:00
R000143,U0040,M0054,4,2026-07-20 01:43:00
R000144,U0010,M0009,4,2026-07-06 02:27:00
R000145,U0028,M0008,4,2026-07-17 19:35:00
R000146,U0178,M0100,5,2026-08-20 05:45:00
R000147,U0130,M0047,4,2026-07-16 04:55:00
R000148,U0053,M0038,3,2026-08-07 06:05:00
R000149,U0099,M0012,4,2026-08-20 04:44:00
R000150,U0024,M0011,3,2026-07-25 11:44:00
R000151,U0170,M0008,5,2026-08-06 21:18:00
R000152,U0057,M0045,4,2026-08-30 09:04:00
R000153,U0018,M0021,4,2026-09-27 02:52:00
R000154,U0041,M0011,4,2026-07-19 11:25:00
R000155,U0154,M0082,4,2026-09-15 09:55:00
R000156,U0040,M0070,4,2026-09-01 08:56:00
R000157,U0105,M0002,4,2026-08-16 11:30:00
R000158,U0157,M0008,5,2026-09-22 05:56:00
R000159,U0071,M0031,4,2026-07-06 18:25:00
R000160,U0060,M0032,5,2026-09-16 02:54:00
R000161,U0153,M0002,5,2026-09-17 14:49:00
R000162,U0002,M0042,5,2026-08-28 10:29:00
R000163,U0181,M0056,5,2026-09-28 19:39:00
R000164,U0012,M0065,5,2026-09-03 23:25:00
R000165,U0142,M0015,5,2026-07-10 23:54:00
R000166,U0124,M0075,4,2026-08-21 08:43:00
R000167,U0040,M0005,4,2026-08-13 01:39:00
R000168,U0002,M0005,5,2026-08-05 07:39:00
R000169,U0063,M0045,5,2026-08-31 07:08:00
R000170,U0044,M0012,2,2026-09-13 06:10:00
R000171,U0056,M0004,4,2026-07-21 02:04:00
R000172,U0078,M0012,4,2026-08-17 05:32:00
R000173,U0126,M0007,4,2026-07-31 22:33:00
R000174,U0191,M0098,4,2026-08-30 22:47:00
R000175,U0068,M0069,4,2026-07-20 13:35:00
R000176,U0045,M0013,3,2026-08-02 00:39:00
R000177,U0111,M0085,4,2026-09-21 04:10:00
R000178,U0146,M0061,4,2026-08-15 10:44:00
R000179,U0100,M0088,3,2026-08-19 17:29:00
R000180,U0100,M0002,5,2026-09-26 21:26:00
R000181,U0022,M0009,4,2026-07-29 23:26:00
R000182,U0172,M0007,5,2026-08-16 04:14:00
R000183,U0089,M0057,5,2026-09-23 10:59:00
R000184,U0094,M0005,5,2026-07-21 07:49:00
R000185,U0133,M0050,4,2026-07-01 06:59:00
R000186,U0096,M0007,4,2026-07-21 06:27:00
R000187,U0168,M0050,4,2026-07-12 07:33:00
R000188,U0176,M0011,4,2026-08-15 06:50:00
R000189,U0065,M0010,5,2026-08-07 21:26:00
R000190,U0104,M0003,4,2026-09-21 21:33:00
R000191,U0010,M0086,4,2026-07-19 08:22:00
R000192,U0134,M0007,5,2026-08-08 18:26:00
R000193,U0023,M0023,5,2026-08-24 00:20:00
R000194,U0110,M0077,4,2026-08-26 02:41:00
R000195,U0175,M0018,5,2026-07-12 15:06:00
R000196,U0148,M0012,5,2026-09-10 08:52:00
R000197,U0030,M0026,5,2026-09-21 03:21:00
R000198,U0083,M0012,5,2026-09-10 23:44:00
R000199,U0001,M0091,4,2026-08-28 12:00:00
R000200,U0014,M0012,4,2026-09-06 04:54:00
R000201,U0152,M0078,4,2026-08-16 04:07:00
R000202,U0007,M0010,4,2026-08-15 07:38:00
R000203,U0179,M0073,4,2026-09-19 08:59:00
R000204,U0190,M0068,4,2026-09-05 00:11:00
R000205,U0103,M0010,5,2026-07-04 19:00:00
R000206,U0018,M0012,5,2026-07-14 19:06:00
R000207,U0121,M0002,4,2026-08-19 21:06:00
R000208,U0074,M0057,5,2026-07-29 11:52:00
R000209,U0017,M0081,5,2026-09-20 08:54:00
R000210,U0066,M0047,4,2026-09-10 09:01:00
R000211,U0181,M0008,5,2026-08-08 22:36:00
R000212,U0097,M0004,3,2026-09-09 07:56:00
R000213,U0038,M0009,5,2026-08-04 16:35:00
R000214,U0163,M0051,5,2026-09-15 18:04:00
R000215,U0097,M0047,4,2026-09-09 05:20:00
R000216,U0178,M0087,5,2026-09-23 06:17:00
R000217,U0062,M0089,4,2026-09-04 18:00:00
R000218,U0019,M0047,5,2026-09-14 20:41:00
R000219,U0180,M0001,5,2026-08-04 13:52:00
R000220,U0115,M0007,4,2026-07-21 21:55:00
R000221,U0091,M0054,5,2026-08-29 14:59:00
R000222,U0077,M0089,3,2026-08-19 06:23:00
R000223,U0072,M0002,5,2026-07-11 08:26:00
R000224,U0175,M0011,4,2026-07-05 21:55:00
R000225,U0031,M0002,4,2026-08-29 18:56:00
R000226,U0003,M0003,4,2026-09-28 09:10:00
R000227,U0031,M0093,5,2026-07-08 12:31:00
R000228,U0192,M0004,5,2026-08-20 01:11:00
R000229,U0033,M0088,4,2026-09-19 00:09:00
R000230,U0044,M0002,5,2026-07-17 13:28:00
R000231,U0143,M0029,5,2026-09-03 06:28:00
R000232,U0035,M0002,5,2026-07-20 07:42:00
R000233,U0152,M0038,3,2026-08-16 04:10:00
R000234,U0103,M0092,3,2026-08-12 13:21:00
R000235,U0165,M0010,4,2026-07-30 05:29:00
R000236,U0109,M0002,4,2026-08-20 08:36:00
R000237,U0001,M0016,4,2026-07-26 22:42:00
R000238,U0022,M0088,5,2026-08-25 00:33:00
R000239,U0194,M0095,4,2026-09-28 01:32:00
R000240,U0103,M0098,4,2026-09-15 11:18:00
R000241,U0160,M0011,4,2026-07-02 17:13:00
R000242,U0078,M0007,4,2026-09-23 13:12:00
R000243,U0080,M0029,5,2026-08-29 20:01:00
R000244,U0155,M0090,5,2026-07-17 09:20:00
R000245,U0104,M0011,5,2026-08-19 04:04:00
R000246,U0020,M0064,4,2026-09-20 19:43:00
R000247,U0129,M0011,4,2026-08-13 01:15:00
R000248,U0096,M0007,3,2026-07-17 07:33:00
R000249,U0190,M0095,4,2026-09-20 07:42:00
R000250,U0177,M0075,3,2026-07-10 01:48:00
R000251,U0090,M0009,3,2026-09-03 15:22:00
R000252,U0079,M0012,4,2026-08-22 18:56:00
R000253,U0028,M0003,4,2026-09-04 03:36:00
R000254,U0179,M0068,4,2026-09-13 05:54:00
R000255,U0098,M0092,4,2026-07-14 12:16:00
R000256,U0029,M0004,5,2026-07-07 01:04:00
R000257,U0174,M0011,4,2026-09-25 08:44:00
R000258,U0046,M0003,4,2026-09-11 20:04:00
R000259,U0064,M0079,4,2026-09-28 19:58:00
R000260,U0195,M0067,4,2026-09-16 23:47:00
R000261,U0093,M0003,3,2026-09-19 06:03:00
R000262,U0073,M0078,4,2026-08-07 14:00:00
R000263,U0182,M0085,5,2026-07-03 01:20:00
R000264,U0031,M0090,5,2026-08-28 03:01:00
R000265,U0098,M0006,5,2026-09-12 10:28:00
R000266,U0148,M0025,3,2026-07-08 16:46:00
R000267,U0014,M0057,5,2026-08-04 10:44:00
R000268,U0050,M0091,4,2026-09-21 22:15:00
R000269,U0093,M0021,5,2026-08-29 11:51:00
R000270,U0114,M0048,4,2026-08-21 20:54:00
R000271,U0004,M0071,5,2026-09-14 18:21:00
R000272,U0199,M0011,4,2026-09-05 18:41:00
R000273,U0054,M0059,4,2026-09-11 19:10:00
R000274,U0087,M0003,4,2026-07-01 13:20:00
R000275,U0075,M0009,4,2026-08-12 05:21:00
R000276,U0200,M0011,3,2026-09-22 00:47:00
R000277,U0126,M0025,4,2026-08-16 13:22:00
R000278,U0192,M0006,4,2026-07-06 06:10:00
R000279,U0039,M0095,4,2026-08-26 20:48:00
R000280,U0111,M0009,4,2026-08-27 17:05:00
R000281,U0089,M0009,5,2026-07-30 06:33:00
R000282,U0167,M0012,5,2026-09-24 13:05:00
R000283,U0077,M0011,4,2026-07-05 15:09:00
R000284,U0195,M0086,5,2026-09-26 23:17:00
R000285,U0035,M0003,5,2026-08-06 03:32:00
R000286,U0030,M0006,4,2026-07-28 12:09:00
R000287,U0184,M0036,4,2026-07-02 06:46:00
R000288,U0112,M0085,5,2026-08-13 22:59:00
R000289,U0185,M0058,3,2026-08-14 12:44:00
R000290,U0105,M0020,4,2026-08-01 05:32:00
R000291,U0180,M0048,5,2026-08-22 22:29:00
R000292,U0122,M0005,5,2026-08-25 15:50:00
R000293,U0192,M0024,4,2026-08-23 16:12:00
R000294,U0145,M0077,4,2026-07-25 08:23:00
R000295,U0030,M0006,4,2026-08-08 19:44:00
R000296,U0197,M0023,4,2026-09-15 10:42:00
R000297,U0095,M0067,4,2026-09-18 09:39:00
R000298,U0119,M0017,3,2026-09-03 00:14:00
R000299,U0029,M0003,3,2026-08-24 12:32:00
R000300,U0044,M0007,5,2026-09-15 01:31:00
R000301,U0155,M0011,5,2026-07-16 04:02:00
R000302,U0153,M0048,3,2026-09-01 06:46:00
R000303,U0047,M0052,5,2026-09-24 03:58:00
R000304,U0151,M0029,4,2026-07-10 07:33:00
R000305,U0006,M0005,4,2026-07-31 17:05:00
R000306,U0020,M0056,4,2026-09-19 12:01:00
R000307,U0190,M0039,3,2026-08-03 02:12:00
R000308,U0054,M0009,4,2026-08-28 19:04:00
R000309,U0198,M0081,5,2026-07-04 05:35:00
R000310,U0095,M0010,4,2026-09-27 09:28:00
R000311,U0056,M0056,5,2026-08-24 18:16:00
R000312,U0165,M0002,4,2026-09-27 00:49:00
R000313,U0036,M0057,5,2026-09-10 22:35:00
R000314,U0150,M0017,5,2026-07-11 10:38:00
R000315,U0054,M0009,3,2026-09-13 05:48:00
R000316,U0190,M0005,4,2026-09-07 13:39:00
R000317,U0158,M0009,5,2026-08-27 08:28:00
R000318,U0180,M0016,5,2026-08-02 13:24:00
R000319,U0174,M0094,3,2026-08-06 10:42:00
R000320,U0171,M0011,5,2026-07-12 18:00:00
R000321,U0033,M0023,5,2026-07-13 06:18:00
R000322,U0010,M0060,5,2026-07-06 02:42:00
R000323,U0199,M0001,5,2026-08-17 12:25:00
R000324,U0075,M0034,3,2026-07-25 03:10:00
R000325,U0079,M0033,5,2026-09-07 00:44:00
R000326,U0157,M0080,4,2026-07-31 11:44:00
R000327,U0153,M0059,5,2026-08-23 23:10:00
R000328,U0064,M0007,4,2026-08-31 14:43:00
R000329,U0002,M0039,5,2026-07-01 14:06:00
R000330,U0012,M0048,5,2026-09-06 09:27:00
R000331,U0112,M0004,4,2026-07-25 18:36:00
R000332,U0196,M0001,5,2026-07-01 12:23:00
R000333,U0188,M0007,4,2026-07-21 16:06:00
R000334,U0081,M0012,4,2026-07-21 01:55:00
R000335,U0138,M0010,4,2026-07-31 03:09:00
R000336,U0180,M0035,4,2026-07-20 23:34:00
R000337,U0165,M0005,5,2026-07-11 01:18:00
R000338,U0164,M0012,3,2026-09-20 19:16:00
R000339,U0074,M0003,4,2026-08-22 04:46:00
R000340,U0178,M0045,5,2026-08-14 12:50:00
R000341,U0085,M0040,4,2026-08-22 06:36:00
R000342,U0029,M0035,5,2026-07-24 01:25:00
R000343,U0070,M0009,5,2026-09-24 11:37:00
R000344,U0084,M0016,3,2026-08-16 03:41:00
R000345,U0131,M0086,5,2026-07-03 02:15:00
R000346,U0027,M0006,4,2026-08-29 05:01:00
R000347,U0152,M0022,4,2026-07-15 22:19:00
R000348,U0164,M0090,4,2026-09-27 22:24:00
R000349,U0160,M0055,5,2026-07-01 20:21:00
R000350,U0039,M0035,5,2026-07-20 18:01:00
R000351,U0026,M0004,3,2026-09-05 08:14:00
R000352,U0106,M0008,4,2026-07-26 17:37:00
R000353,U0196,M0001,5,2026-08-09 12:44:00
R000354,U0164,M0037,4,2026-07-22 21:01:00
R000355,U0199,M0069,4,2026-07-19 02:01:00
R000356,U0194,M0089,4,2026-09-17 20:24:00
R000357,U0057,M0036,4,2026-09-15 23:54:00
R000358,U0106,M0003,5,2026-08-02 00:21:00
R000359,U0200,M0006,4,2026-07-24 01:36:00
R000360,U0052,M0022,5,2026-07-25 19:44:00
R000361,U0100,M0003,5,2026-08-19 09:39:00
R000362,U0008,M0071,4,2026-09-26 08:50:00
R000363,U0056,M0005,4,2026-07-05 16:16:00
R000364,U0101,M0099,4,2026-08-14 16:41:00
R000365,U0104,M0006,4,2026-09-22 16:24:00
R000366,U0114,M0040,4,2026-07-11 01:42:00
R000367,U0034,M0035,4,2026-09-09 03:01:00
R000368,U0005,M0027,3,2026-07-13 06:15:00
R000369,U0161,M0001,4,2026-09-09 16:42:00
R000370,U0165,M0027,5,2026-07-07 16:04:00
R000371,U0158,M0051,4,2026-08-18 05:18:00
R000372,U0075,M0008,5,2026-09-27 02:06:00
R000373,U0185,M0041,4,2026-09-10 03:41:00
R000374,U0047,M0085,5,2026-08-28 06:05:00
R000375,U0023,M0051,4,2026-09-03 05:44:00
R000376,U0064,M0043,5,2026-07-17 08:22:00
R000377,U0081,M0007,4,2026-09-04 01:45:00
R000378,U0191,M0009,5,2026-08-21 23:51:00
R000379,U0101,M0017,5,2026-07-02 06:50:00
R000380,U0036,M0008,5,2026-08-17 19:20:00
R000381,U0099,M0023,5,2026-08-08 11:24:00
R000382,U0059,M0054,3,2026-07-22 05:38:00
R000383,U0099,M0011,4,2026-09-28 04:43:00
R000384,U0188,M0065,4,2026-07-06 09:22:00
R000385,U0196,M0043,3,2026-07-28 20:37:00
R000386,U0148,M0053,4,2026-09-08 04:46:00
R000387,U0064,M0099,5,2026-09-20 11:23:00
R000388,U0043,M0013,4,2026-09-23 19:48:00
R000389,U0105,M0028,4,2026-07-17 21:43:00
R000390,U0129,M0009,4,2026-07-18 18:54:00
R000391,U0188,M0004,4,2026-07-18 15:39:00
R000392,U0176,M0015,4,2026-08-13 04:02:00
R000393,U0024,M0026,5,2026-07-20 01:53:00
R000394,U0052,M0055,5,2026-08-22 03:26:00
R000395,U0159,M0001,4,2026-08-14 16:35:00
R000396,U0088,M0053,4,2026-08-30 15:33:00
R000397,U0076,M0008,4,2026-07-03 14:57:00
R000398,U0112,M0008,4,2026-08-04 12:27:00
R000399,U0072,M0032,3,2026-08-28 15:20:00
R000400,U0093,M0016,5,2026-08-29 16:03:00
R000401,U0118,M0009,4,2026-08-21 16:55:00
R000402,U0183,M0008,4,2026-08-09 05:09:00
R000403,U0028,M0005,5,2026-07-05 05:34:00
R000404,U0107,M0023,5,2026-08-24 03:36:00
R000405,U0122,M0093,5,2026-08-15 00:52:00
R000406,U0064,M0027,4,2026-09-15 01:42:00
R000407,U0088,M0006,3,2026-09-20 14:32:00
R000408,U0058,M0011,4,2026-08-12 15:18:00
R000409,U0002,M0058,5,2026-08-15 04:59:00
R000410,U0039,M0011,5,2026-09-09 13:57:00
R000411,U0145,M0006,4,2026-07-09 00:35:00
R000412,U0067,M0002,5,2026-07-16 14:54:00
R000413,U0089,M0024,5,2026-07-26 09:09:00
R000414,U0025,M0034,5,2026-07-29 18:58:00
R000415,U0140,M0037,3,2026-09-05 08:20:00
R000416,U0164,M0061,5,2026-07-02 07:37:00
R000417,U0112,M0012,4,2026-09-16 06:57:00
R000418,U0142,M0002,4,2026-07-01 17:24:00
R000419,U0163,M0009,4,2026-07-28 03:06:00
R000420,U0019,M0012,4,2026-09-26 04:00:00
R000421,U0169,M0008,4,2026-07-21 00:03:00
R000422,U0132,M0045,5,2026-07-20 05:53:00
R000423,U0164,M0009,3,2026-08-08 04:43:00
R000424,U0006,M0029,5,2026-07-13 17:12:00
R000425,U0150,M0065,5,2026-07-19 07:49:00
R000426,U0173,M0095,4,2026-07-16 07:02:00
R000427,U0185,M0012,5,2026-09-10 04:48:00
R000428,U0167,M0058,5,2026-09-22 10:53:00
R000429,U0041,M0052,4,2026-07-11 20:41:00
R000430,U0053,M0010,5,2026-07-30 06:06:00
R000431,U0005,M0002,4,2026-07-31 10:10:00
R000432,U0091,M0055,4,2026-08-31 07:57:00
R000433,U0099,M0036,4,2026-07-28 11:29:00
R000434,U0131,M0100,4,2026-08-17 10:52:00
R000435,U0186,M0006,3,2026-09-25 19:33:00
R000436,U0130,M0016,5,2026-08-22 10:19:00
R000437,U0056,M0017,4,2026-08-06 09:56:00
R000438,U0015,M0071,4,2026-07-25 22:55:00
R000439,U0196,M0001,4,2026-09-05 16:40:00
R000440,U0046,M0079,5,2026-07-17 23:46:00
R000441,U0011,M0066,5,2026-07-15 04:39:00
R000442,U0051,M0096,4,2026-07-09 05:47:00
R000443,U0159,M0002,3,2026-08-13 14:50:00
R000444,U0074,M0010,4,2026-08-04 18:39:00
R000445,U0042,M0008,5,2026-09-21 03:51:00
R000446,U0002,M0098,5,2026-09-13 11:12:00
R000447,U0182,M0036,4,2026-07-11 14:39:00
R000448,U0157,M0001,5,2026-07-09 12:16:00
R000449,U0053,M0015,5,2026-09-02 05:38:00
R000450,U0128,M0018,5,2026-07-23 05:49:00
R000451,U0037,M0002,4,2026-07-25 13:02:00
R000452,U0081,M0004,3,2026-07-05 04:14:00
R000453,U0002,M0018,4,2026-07-17 06:15:00
R000454,U0195,M0004,5,2026-07-17 09:36:00
R000455,U0192,M0048,5,2026-08-12 02:56:00
R000456,U0061,M0085,3,2026-07-24 18:08:00
R000457,U0060,M0012,5,2026-08-07 11:21:00
R000458,U0170,M0080,4,2026-07-28 01:40:00
R000459,U0024,M0031,4,2026-09-11 13:32:00
R000460,U0085,M0008,5,2026-09-06 11:22:00
R000461,U0003,M0002,5,2026-09-21 14:14:00
R000462,U0009,M0019,4,2026-08-06 06:28:00
R000463,U0116,M0057,4,2026-09-01 03:46:00
R000464,U0109,M0074,4,2026-07-15 19:05:00
R000465,U0009,M0092,5,2026-08-08 21:05:00
R000466,U0139,M0004,5,2026-08-05 06:13:00
R000467,U0024,M0049,5,2026-08-28 09:49:00
R000468,U0064,M0067,4,2026-08-01 21:38:00
R000469,U0084,M0006,5,2026-08-09 01:18:00
R000470,U0027,M0025,5,2026-09-05 06:41:00
R000471,U0072,M0009,5,2026-07-23 09:27:00
R000472,U0157,M0082,4,2026-08-31 22:48:00
R000473,U0039,M0024,5,2026-08-07 18:59:00
R000474,U0163,M0009,5,2026-09-10 12:11:00
R000475,U0017,M0001,4,2026-07-15 02:01:00
R000476,U0098,M0002,5,2026-09-13 19:57:00
R000477,U0054,M0012,5,2026-07-05 22:40:00
R000478,U0198,M0054,5,2026-08-10 16:40:00
R000479,U0032,M0097,4,2026-08-06 19:46:00
R000480,U0062,M0100,3,2026-09-16 08:20:00
R000481,U0044,M0008,4,2026-09-17 13:16:00
R000482,U0199,M0002,3,2026-07-12 17:36:00
R000483,U0096,M0015,4,2026-08-22 17:38:00
R000484,U0153,M0035,5,2026-08-19 05:29:00
R000485,U0051,M0083,4,2026-07-01 22:21:00
R000486,U0047,M0060,4,2026-07-14 00:17:00
R000487,U0171,M0072,5,2026-07-11 19:30:00
R000488,U0074,M0078,4,2026-09-12 22:00:00
R000489,U0031,M0064,3,2026-07-07 23:57:00
R000490,U0039,M0078,5,2026-07-18 05:07:00
R000491,U0119,M0002,5,2026-08-04 02:47:00
R000492,U0034,M0003,3,2026-08-27 15:52:00
R000493,U0157,M0080,5,2026-09-01 06:31:00
R000494,U0134,M0100,5,2026-07-17 16:57:00
R000495,U0035,M0074,4,2026-09-10 11:56:00
R000496,U0192,M0008,3,2026-07-06 20:16:00
R000497,U0106,M0081,4,2026-07-25 17:11:00
R000498,U0168,M0100,3,2026-07-25 06:17:00
R000499,U0121,M0020,5,2026-09-16 01:17:00
R000500,U0113,M0005,4,2026-08-24 17:05:00
R000501,U0128,M0082,4,2026-07-25 23:28:00
R000502,U0123,M0024,5,2026-09-16 03:59:00
R000503,U0073,M0042,5,2026-07-08 16:22:00
R000504,U0136,M0085,4,2026-08-12 15:58:00
R000505,U0043,M0042,4,2026-08-09 19:57:00
R000506,U0060,M0080,4,2026-09-24 07:26:00
R000507,U0055,M0096,4,2026-08-23 16:12:00
R000508,U0039,M0094,4,2026-08-22 06:06:00
R000509,U0164,M0001,5,2026-09-22 23:39:00
R000510,U0083,M0002,5,2026-09-15 08:53:00
R000511,U0072,M0090,5,2026-07-22 12:10:00
R000512,U0080,M0094,4,2026-07-11 10:54:00
R000513,U0176,M0094,4,2026-09-15 14:22:00
R000514,U0095,M0010,5,2026-08-31 07:57:00
R000515,U0061,M0040,3,2026-07-30 15:41:00
R000516,U0082,M0069,4,2026-09-25 14:56:00
R000517,U0012,M0086,5,2026-07-15 20:17:00
R000518,U0092,M0009,5,2026-07-08 09:17:00
R000519,U0144,M0040,5,2026-07-13 14:21:00
R000520,U0106,M0010,5,2026-09-18 10:41:00
R000521,U0148,M0078,5,2026-07-01 00:12:00
R000522,U0163,M0004,4,2026-09-02 08:17:00
R000523,U0109,M0080,4,2026-09-13 06:20:00
R000524,U0175,M0011,4,2026-07-24 03:30:00
R000525,U0175,M0006,5,2026-07-18 07:21:00
R000526,U0180,M0005,5,2026-08-07 18:03:00
R000527,U0119,M0001,3,2026-09-09 21:33:00
R000528,U0056,M0009,4,2026-09-02 18:27:00
R000529,U0081,M0028,5,2026-07-01 10:17:00
R000530,U0138,M0049,5,2026-09-09 13:48:00
R000531,U0012,M0004,4,2026-07-27 00:24:00
R000532,U0195,M0004,4,2026-07-12 17:59:00
R000533,U0071,M0093,5,2026-08-26 08:46:00
R000534,U0145,M0011,2,2026-08-26 02:40:00
R000535,U0190,M0004,5,2026-07-19 16:31:00
R000536,U0151,M0063,5,2026-08-02 13:30:00
R000537,U0145,M0007,3,2026-07-31 19:52:00
R000538,U0127,M0021,5,2026-08-08 17:44:00
R000539,U0126,M0095,5,2026-07-31 22:38:00
R000540,U0108,M0076,4,2026-08-31 02:44:00
R000541,U0036,M0059,3,2026-08-12 01:59:00
R000542,U0187,M0004,5,2026-09-11 13:14:00
R000543,U0128,M0012,5,2026-07-15 09:50:00
R000544,U0058,M0002,5,2026-08-29 07:40:00
R000545,U0093,M0085,4,2026-07-31 09:05:00
R000546,U0018,M0037,5,2026-08-07 11:43:00
R000547,U0042,M0048,5,2026-08-11 08:26:00
R000548,U0065,M0045,4,2026-07-19 14:56:00
R000549,U0142,M0009,5,2026-09-12 13:51:00
R000550,U0196,M0012,3,2026-08-22 11:43:00
R000551,U0069,M0035,4,2026-08-11 04:10:00
R000552,U0053,M0083,4,2026-09-07 11:28:00
R000553,U0037,M0025,4,2026-08-13 06:40:00
R000554,U0194,M0066,3,2026-08-31 21:52:00
R000555,U0001,M0037,5,2026-07-30 19:01:00
R000556,U0036,M0009,5,2026-07-01 02:22:00
R000557,U0154,M0034,4,2026-07-21 08:49:00
R000558,U0099,M0060,4,2026-09-02 18:06:00
R000559,U0102,M0010,5,2026-08-15 17:00:00
R000560,U0024,M0037,5,2026-07-22 16:41:00
R000561,U0051,M0072,4,2026-09-24 17:38:00
R000562,U0071,M0080,4,2026-08-23 13:00:00
R000563,U0038,M0080,3,2026-09-19 11:36:00
R000564,U0082,M0003,5,2026-08-05 05:03:00
R000565,U0008,M0008,5,2026-07-13 14:41:00
R000566,U0046,M0068,5,2026-07-28 14:08:00
R000567,U0086,M0003,4,2026-07-31 22:16:00
R000568,U0166,M0061,3,2026-07-21 21:16:00
R000569,U0176,M0058,4,2026-09-03 00:26:00
R000570,U0122,M0003,3,2026-08-17 17:50:00
R000571,U0005,M0009,5,2026-08-20 19:47:00
R000572,U0024,M0003,4,2026-07-17 19:52:00
R000573,U0099,M0006,5,2026-09-08 00:25:00
R000574,U0103,M0011,3,2026-07-22 04:39:00
R000575,U0024,M0015,4,2026-07-23 18:59:00
R000576,U0054,M0011,5,2026-09-02 16:25:00
R000577,U0194,M0039,4,2026-08-15 15:32:00
R000578,U0124,M0002,5,2026-08-13 14:26:00
R000579,U0053,M0010,5,2026-07-07 08:12:00
R000580,U0098,M0043,5,2026-08-13 05:18:00
R000581,U0056,M0044,5,2026-07-11 01:40:00
R000582,U0134,M0059,4,2026-08-22 14:24:00
R000583,U0105,M0012,3,2026-07-31 19:24:00
R000584,U0018,M0005,3,2026-07-03 09:53:00
R000585,U0113,M0085,5,2026-07-04 13:57:00
R000586,U0185,M0008,4,2026-08-28 14:30:00
R000587,U0161,M0097,5,2026-08-26 19:17:00
R000588,U0034,M0042,3,2026-09-13 23:20:00
R000589,U0037,M0040,3,2026-07-27 20:52:00
R000590,U0142,M0001,4,2026-07-06 22:59:00
R000591,U0076,M0058,4,2026-08-30 04:44:00
R000592,U0096,M0008,5,2026-09-08 10:59:00
R000593,U0053,M0013,5,2026-07-12 17:12:00
R000594,U0107,M0011,5,2026-09-02 16:49:00
R000595,U0084,M0001,5,2026-08-21 03:49:00
R000596,U0147,M0011,5,2026-07-06 02:08:00
R000597,U0181,M0038,5,2026-09-02 19:40:00
R000598,U0029,M0001,4,2026-07-20 12:47:00
R000599,U0138,M0037,3,2026-08-14 03:51:00
R000600,U0147,M0026,4,2026-08-14 15:56:00
R000601,U0059,M0096,3,2026-09-16 03:15:00
R000602,U0026,M0075,4,2026-07-08 02:01:00
R000603,U0198,M0096,4,2026-07-30 23:20:00
R000604,U0124,M0001,5,2026-08-31 17:33:00
R000605,U0154,M0006,4,2026-08-30 02:57:00
R000606,U0192,M0002,4,2026-09-22 05:37:00
R000607,U0148,M0057,5,2026-08-13 04:42:00
R000608,U0079,M0009,4,2026-09-13 13:14:00
R000609,U0157,M0012,5,2026-09-13 23:05:00
R000610,U0116,M0011,5,2026-07-21 00:37:00
R000611,U0027,M0001,4,2026-07-30 16:48:00
R000612,U0069,M0001,5,2026-08-02 08:48:00
R000613,U0118,M0006,4,2026-09-27 12:06:00
R000614,U0121,M0008,4,2026-09-17 04:49:00
R000615,U0132,M0093,4,2026-09-04 02:16:00
R000616,U0022,M0028,4,2026-08-27 22:50:00
R000617,U0036,M0091,5,2026-09-10 08:35:00
R000618,U0115,M0010,4,2026-09-04 09:06:00
R000619,U0095,M0003,4,2026-07-02 11:22:00
R000620,U0042,M0080,4,2026-07-06 22:13:00
R000621,U0161,M0014,3,2026-07-05 13:52:00
R000622,U0052,M0018,4,2026-09-26 04:41:00
R000623,U0097,M0083,5,2026-08-05 15:44:00
R000624,U0168,M0012,4,2026-07-26 23:02:00
R000625,U0011,M0009,5,2026-07-07 04:00:00
R000626,U0197,M0076,4,2026-07-02 18:33:00
R000627,U0144,M0082,3,2026-09-11 08:42:00
R000628,U0084,M0006,3,2026-08-12 04:48:00
R000629,U0111,M0096,4,2026-09-11 05:44:00
R000630,U0003,M0009,5,2026-08-21 17:28:00
R000631,U0162,M0011,4,2026-09-06 04:40:00
R000632,U0175,M0005,4,2026-08-20 21:29:00
R000633,U0187,M0008,5,2026-09-25 08:39:00
R000634,U0189,M0007,4,2026-08-31 16:57:00
R000635,U0169,M0046,4,2026-09-02 06:10:00
R000636,U0164,M0057,4,2026-08-18 20:42:00
R000637,U0125,M0052,5,2026-07-17 23:14:00
R000638,U0086,M0084,5,2026-08-25 13:42:00
R000639,U0101,M0028,5,2026-09-18 03:07:00
R000640,U0196,M0060,4,2026-07-29 21:14:00
R000641,U0015,M0010,4,2026-07-29 12:38:00
R000642,U0127,M0008,5,2026-09-20 17:46:00
R000643,U0068,M0092,4,2026-09-03 18:02:00
R000644,U0061,M0011,5,2026-07-08 02:45:00
R000645,U0045,M0060,3,2026-07-11 05:56:00
R000646,U0137,M0007,5,2026-08-28 14:51:00
R000647,U0109,M0008,4,2026-08-20 02:22:00
R000648,U0164,M0010,3,2026-08-15 17:28:00
R000649,U0136,M0097,4,2026-07-31 08:41:00
R000650,U0084,M0009,5,2026-09-02 12:17:00
R000651,U0063,M0081,4,2026-08-12 22:35:00
R000652,U0119,M0011,4,2026-09-18 13:43:00
R000653,U0171,M0043,4,2026-07-04 16:19:00
R000654,U0119,M0030,5,2026-07-12 17:21:00
R000655,U0063,M0008,4,2026-07-04 03:22:00
R000656,U0184,M0022,3,2026-08-05 09:58:00
R000657,U0200,M0006,5,2026-08-19 03:48:00
R000658,U0157,M0025,4,2026-09-20 04:21:00
R000659,U0192,M0008,5,2026-09-02 15:00:00
R000660,U0075,M0023,4,2026-07-14 19:02:00
R000661,U0124,M0061,4,2026-07-02 00:47:00
R000662,U0023,M0010,4,2026-07-11 13:22:00
R000663,U0048,M0002,4,2026-07-03 06:30:00
R000664,U0058,M0081,4,2026-09-21 09:38:00
R000665,U0136,M0001,5,2026-07-29 13:32:00
R000666,U0138,M0002,5,2026-09-22 05:43:00
R000667,U0200,M0021,4,2026-07-02 10:08:00
R000668,U0046,M0007,4,2026-07-22 06:43:00
R000669,U0081,M0005,4,2026-08-19 00:41:00
R000670,U0070,M0028,5,2026-09-23 04:23:00
R000671,U0036,M0010,5,2026-09-28 05:59:00
R000672,U0180,M0005,5,2026-08-13 09:33:00
R000673,U0057,M0083,3,2026-09-26 07:49:00
R000674,U0035,M0005,3,2026-09-11 12:34:00
R000675,U0096,M0036,5,2026-09-03 02:00:00
R000676,U0122,M0010,5,2026-08-16 03:48:00
R000677,U0171,M0019,5,2026-07-22 23:58:00
R000678,U0065,M0084,5,2026-08-04 12:07:00
R000679,U0077,M0084,5,2026-08-11 11:59:00
R000680,U0110,M0012,4,2026-07-30 15:28:00
R000681,U0088,M0048,5,2026-09-22 16:21:00
R000682,U0056,M0086,5,2026-08-10 00:16:00
R000683,U0049,M0011,4,2026-07-19 18:19:00
R000684,U0056,M0003,5,2026-08-03 20:03:00
R000685,U0141,M0004,5,2026-08-19 13:09:00
R000686,U0109,M0011,3,2026-08-25 17:24:00
R000687,U0168,M0002,5,2026-07-11 19:09:00
R000688,U0037,M0001,4,2026-07-31 10:13:00
R000689,U0157,M0004,4,2026-07-18 12:00:00
R000690,U0171,M0098,5,2026-09-28 00:31:00
R000691,U0199,M0016,5,2026-08-10 22:54:00
R000692,U0099,M0037,5,2026-08-14 09:16:00
R000693,U0017,M0099,5,2026-08-06 05:47:00
R000694,U0180,M0066,3,2026-09-10 20:21:00
R000695,U0072,M0058,3,2026-09-05 10:44:00
R000696,U0107,M0098,5,2026-08-13 13:24:00
R000697,U0027,M0014,4,2026-07-16 08:52:00
R000698,U0127,M0009,5,2026-08-04 23:53:00
R000699,U0074,M0011,5,2026-09-17 11:22:00
R000700,U0138,M0009,4,2026-07-05 01:14:00
R000701,U0142,M0058,4,2026-07-10 03:16:00
R000702,U0073,M0095,4,2026-07-03 04:57:00
R000703,U0142,M0002,5,2026-07-05 11:23:00
R000704,U0001,M0048,4,2026-09-28 11:18:00
R000705,U0017,M0008,5,2026-07-22 14:30:00
R000706,U0046,M0010,4,2026-09-14 13:59:00
R000707,U0078,M0012,3,2026-08-06 11:35:00
R000708,U0080,M0014,4,2026-08-18 04:30:00
R000709,U0007,M0005,3,2026-09-17 21:13:00
R000710,U0109,M0001,5,2026-09-18 05:13:00
R000711,U0173,M0091,4,2026-07-15 01:22:00
R000712,U0027,M0012,5,2026-08-13 09:18:00
R000713,U0003,M0003,5,2026-08-25 20:58:00
R000714,U0061,M0009,5,2026-08-18 16:40:00
R000715,U0033,M0069,5,2026-09-15 10:59:00
R000716,U0104,M0063,5,2026-07-11 08:04:00
R000717,U0200,M0040,5,2026-09-22 21:51:00
R000718,U0133,M0016,5,2026-09-17 06:55:00
R000719,U0198,M0031,5,2026-07-08 06:21:00
R000720,U0019,M0011,5,2026-08-12 06:49:00
R000721,U0169,M0040,5,2026-07-11 16:02:00
R000722,U0180,M0050,4,2026-07-17 11:06:00
R000723,U0093,M0046,5,2026-09-06 18:05:00
R000724,U0123,M0099,3,2026-08-11 16:41:00
R000725,U0045,M0052,5,2026-08-24 06:34:00
R000726,U0167,M0089,5,2026-08-29 10:59:00
R000727,U0108,M0005,5,2026-08-16 06:13:00
R000728,U0055,M0001,2,2026-07-24 14:20:00
R000729,U0141,M0019,4,2026-09-07 17:13:00
R000730,U0047,M0029,4,2026-08-08 06:52:00
R000731,U0042,M0036,4,2026-07-11 18:40:00
R000732,U0067,M0074,4,2026-07-11 02:03:00
R000733,U0006,M0077,4,2026-07-18 23:59:00
R000734,U0108,M0005,4,2026-09-19 15:01:00
R000735,U0117,M0017,4,2026-08-06 14:25:00
R000736,U0006,M0061,5,2026-09-06 14:20:00
R000737,U0056,M0003,4,2026-07-14 12:01:00
R000738,U0092,M0014,4,2026-08-21 20:07:00
R000739,U0200,M0011,5,2026-09-07 09:21:00
R000740,U0182,M0005,4,2026-08-01 21:53:00
R000741,U0071,M0007,4,2026-08-20 22:06:00
R000742,U0185,M0008,4,2026-07-15 19:00:00
R000743,U0169,M0006,5,2026-07-28 13:28:00
R000744,U0105,M0011,5,2026-07-13 01:06:00
R000745,U0132,M0061,4,2026-08-16 11:32:00
R000746,U0164,M0085,5,2026-07-08 12:28:00
R000747,U0005,M0009,5,2026-09-13 00:22:00
R000748,U0169,M0031,5,2026-08-28 15:28:00
R000749,U0006,M0085,5,2026-07-10 08:36:00
R000750,U0021,M0012,4,2026-09-02 15:33:00
R000751,U0065,M0099,4,2026-08-25 16:03:00
R000752,U0170,M0060,4,2026-09-15 01:22:00
R000753,U0040,M0037,5,2026-09-04 04:34:00
R000754,U0049,M0005,5,2026-08-15 05:21:00
R000755,U0193,M0019,5,2026-09-24 05:10:00
R000756,U0161,M0062,5,2026-09-18 00:57:00
R000757,U0035,M0002,4,2026-08-25 19:42:00
R000758,U0140,M0004,4,2026-08-30 20:41:00
R000759,U0068,M0003,5,2026-08-25 00:04:00
R000760,U0088,M0006,5,2026-08-29 19:05:00
R000761,U0153,M0010,4,2026-09-11 03:33:00
R000762,U0147,M0026,3,2026-07-27 05:40:00
R000763,U0146,M0006,5,2026-07-07 05:57:00
R000764,U0060,M0025,4,2026-09-11 21:01:00
R000765,U0042,M0096,4,2026-07-10 22:27:00
R000766,U0140,M0069,2,2026-08-23 01:05:00
R000767,U0111,M0077,5,2026-08-02 10:30:00
R000768,U0096,M0012,5,2026-09-06 16:19:00
R000769,U0122,M0006,4,2026-09-01 22:53:00
R000770,U0177,M0009,5,2026-07-20 08:39:00
R000771,U0140,M0010,5,2026-08-29 12:29:00
R000772,U0033,M0056,4,2026-07-29 16:35:00
R000773,U0045,M0054,5,2026-07-31 13:50:00
R000774,U0028,M0003,3,2026-07-31 07:16:00
R000775,U0108,M0007,3,2026-09-16 02:43:00
R000776,U0015,M0034,4,2026-07-22 06:09:00
R000777,U0082,M0001,3,2026-09-13 21:03:00
R000778,U0067,M0018,5,2026-09-10 01:53:00
R000779,U0012,M0010,5,2026-07-22 16:34:00
R000780,U0025,M0012,4,2026-07-01 23:25:00
R000781,U0002,M0001,5,2026-08-18 21:25:00
R000782,U0119,M0008,4,2026-09-10 08:04:00
R000783,U0034,M0061,5,2026-08-14 12:30:00
R000784,U0192,M0011,4,2026-08-27 14:47:00
R000785,U0170,M0100,4,2026-09-22 00:00:00
R000786,U0054,M0012,5,2026-09-27 11:15:00
R000787,U0174,M0086,5,2026-08-01 06:54:00
R000788,U0189,M0054,5,2026-08-23 01:38:00
R000789,U0104,M0010,5,2026-07-24 00:23:00
R000790,U0045,M0011,4,2026-09-20 00:39:00
R000791,U0079,M0100,4,2026-07-26 12:38:00
R000792,U0152,M0078,5,2026-09-04 11:11:00
R000793,U0037,M0016,3,2026-07-19 19:51:00
R000794,U0163,M0067,5,2026-09-05 20:23:00
R000795,U0125,M0044,5,2026-08-18 00:50:00
R000796,U0053,M0055,4,2026-07-08 17:59:00
R000797,U0097,M0076,3,2026-08-10 08:38:00
R000798,U0180,M0096,5,2026-08-25 21:03:00
R000799,U0174,M0010,3,2026-07-28 07:44:00
R000800,U0098,M0012,5,2026-07-31 17:52:00
R000801,U0057,M0018,4,2026-09-12 13:37:00
R000802,U0118,M0036,4,2026-07-25 06:44:00
R000803,U0150,M0012,4,2026-09-11 18:52:00
R000804,U0102,M0035,4,2026-07-13 21:34:00
R000805,U0115,M0011,3,2026-07-09 10:01:00
R000806,U0146,M0027,5,2026-09-28 21:54:00
R000807,U0056,M0012,2,2026-07-06 09:28:00
R000808,U0143,M0028,5,2026-08-18 06:38:00
R000809,U0045,M0002,4,2026-08-04 14:34:00
R000810,U0089,M0007,3,2026-09-10 12:36:00
R000811,U0110,M0007,3,2026-08-08 06:36:00
R000812,U0003,M0006,4,2026-08-30 09:07:00
R000813,U0141,M0073,5,2026-07-12 14:21:00
R000814,U0165,M0010,4,2026-09-27 17:49:00
R000815,U0083,M0008,5,2026-07-27 16:01:00
R000816,U0179,M0077,5,2026-09-12 20:34:00
R000817,U0103,M0064,5,2026-08-26 21:15:00
R000818,U0126,M0005,4,2026-07-24 01:53:00
R000819,U0011,M0098,4,2026-09-01 23:14:00
R000820,U0100,M0088,4,2026-08-29 13:25:00
R000821,U0036,M0089,5,2026-08-18 03:13:00
R000822,U0141,M0006,4,2026-09-19 21:35:00
R000823,U0108,M0039,4,2026-08-05 02:28:00
R000824,U0194,M0055,5,2026-07-13 22:01:00
R000825,U0115,M0008,5,2026-08-20 17:35:00
R000826,U0068,M0011,4,2026-09-01 17:53:00
R000827,U0111,M0001,5,2026-08-21 13:53:00
R000828,U0145,M0011,5,2026-07-20 15:01:00
R000829,U0090,M0094,5,2026-09-27 01:57:00
R000830,U0128,M0007,5,2026-07-16 20:53:00
R000831,U0084,M0007,3,2026-07-07 15:22:00
R000832,U0113,M0065,4,2026-09-05 19:35:00
R000833,U0096,M0003,4,2026-07-02 02:59:00
R000834,U0028,M0077,4,2026-08-14 21:48:00
R000835,U0040,M0039,4,2026-08-11 16:44:00
R000836,U0051,M0010,5,2026-08-26 15:43:00
R000837,U0143,M0068,4,2026-08-27 09:36:00
R000838,U0176,M0031,4,2026-09-19 05:37:00
R000839,U0121,M0088,5,2026-09-05 14:07:00
R000840,U0173,M0019,4,2026-07-02 03:33:00
R000841,U0137,M0003,5,2026-07-20 19:51:00
R000842,U0033,M0091,4,2026-07-06 16:20:00
R000843,U0059,M0015,4,2026-07-15 06:23:00
R000844,U0156,M0004,4,2026-07-09 19:51:00
R000845,U0166,M0010,5,2026-09-10 13:53:00
R000846,U0090,M0049,3,2026-07-07 09:45:00
R000847,U0090,M0041,4,2026-08-09 23:09:00
R000848,U0094,M0080,4,2026-07-07 01:58:00
R000849,U0015,M0084,4,2026-09-12 17:17:00
R000850,U0029,M0010,4,2026-07-04 11:59:00
R000851,U0029,M0075,4,2026-08-30 20:32:00
R000852,U0003,M0017,4,2026-08-19 08:49:00
R000853,U0072,M0026,5,2026-09-09 20:23:00
R000854,U0200,M0011,4,2026-08-13 13:14:00
R000855,U0048,M0007,4,2026-08-31 03:10:00
R000856,U0125,M0100,5,2026-08-23 08:58:00
R000857,U0068,M0079,4,2026-07-01 08:32:00
R000858,U0163,M0100,5,2026-07-27 14:38:00
R000859,U0064,M0001,5,2026-08-14 13:14:00
R000860,U0106,M0001,4,2026-07-10 13:46:00
R000861,U0155,M0030,5,2026-09-21 20:12:00
R000862,U0042,M0008,4,2026-07-27 15:21:00
R000863,U0181,M0033,5,2026-07-28 19:39:00
R000864,U0089,M0049,4,2026-08-19 06:11:00
R000865,U0016,M0093,5,2026-07-14 10:40:00
R000866,U0088,M0061,5,2026-07-16 17:08:00
R000867,U0152,M0004,4,2026-09-23 09:00:00
R000868,U0195,M0009,5,2026-08-31 06:08:00
R000869,U0036,M0006,4,2026-09-01 02:10:00
R000870,U0071,M0008,5,2026-09-26 17:00:00
R000871,U0047,M0012,4,2026-08-03 16:24:00
R000872,U0085,M0008,5,2026-08-06 12:49:00
R000873,U0045,M0015,4,2026-07-07 02:33:00
R000874,U0130,M0033,5,2026-09-20 03:48:00
R000875,U0200,M0059,4,2026-08-15 11:53:00
R000876,U0071,M0009,3,2026-09-13 03:20:00
R000877,U0080,M0003,5,2026-08-15 04:25:00
R000878,U0163,M0003,3,2026-08-15 19:36:00
R000879,U0146,M0100,5,2026-09-15 02:16:00
R000880,U0045,M0081,5,2026-07-23 16:08:00
R000881,U0157,M0016,5,2026-08-24 09:08:00
R000882,U0176,M0002,5,2026-08-21 19:25:00
R000883,U0044,M0010,4,2026-08-21 11:40:00
R000884,U0044,M0031,5,2026-08-20 02:08:00
R000885,U0107,M0090,3,2026-07-26 00:02:00
R000886,U0156,M0064,4,2026-08-21 06:12:00
R000887,U0169,M0072,4,2026-09-15 02:12:00
R000888,U0135,M0055,4,2026-07-10 11:02:00
R000889,U0129,M0011,4,2026-07-12 23:05:00
R000890,U0066,M0098,4,2026-07-07 08:06:00
R000891,U0187,M0015,5,2026-08-27 14:38:00
R000892,U0017,M0069,5,2026-09-15 03:46:00
R000893,U0106,M0095,4,2026-09-27 08:21:00
R000894,U0039,M0004,3,2026-09-16 22:41:00
R000895,U0089,M0005,5,2026-08-25 13:09:00
R000896,U0151,M0009,5,2026-08-05 06:46:00
R000897,U0075,M0026,3,2026-07-04 05:10:00
R000898,U0134,M0001,4,2026-07-01 06:02:00
R000899,U0198,M0001,4,2026-08-02 16:12:00
R000900,U0063,M0010,5,2026-09-04 02:49:00
R000901,U0043,M0004,4,2026-09-22 22:54:00
R000902,U0136,M0005,5,2026-09-19 23:19:00
R000903,U0157,M0001,4,2026-08-15 02:07:00
R000904,U0179,M0056,4,2026-09-18 01:58:00
R000905,U0113,M0008,4,2026-08-05 15:16:00
R000906,U0167,M0002,5,2026-09-03 20:44:00
R000907,U0152,M0041,5,2026-08-05 19:15:00
R000908,U0053,M0079,4,2026-09-18 07:18:00
R000909,U0196,M0003,5,2026-08-18 03:48:00
R000910,U0072,M0011,4,2026-07-31 14:46:00
R000911,U0009,M0076,4,2026-08-28 09:45:00
R000912,U0123,M0009,4,2026-08-26 01:35:00
R000913,U0129,M0076,5,2026-07-11 22:45:00
R000914,U0144,M0009,4,2026-08-26 00:59:00
R000915,U0189,M0073,5,2026-09-13 06:43:00
R000916,U0065,M0001,5,2026-09-05 17:46:00
R000917,U0076,M0043,3,2026-07-08 05:34:00
R000918,U0082,M0058,4,2026-08-17 09:51:00
R000919,U0170,M0024,5,2026-08-13 05:22:00
R000920,U0129,M0007,3,2026-08-30 18:29:00
R000921,U0015,M0091,3,2026-07-15 08:18:00
R000922,U0163,M0059,3,2026-08-17 11:40:00
R000923,U0115,M0010,5,2026-07-16 16:02:00
R000924,U0182,M0075,5,2026-08-18 14:49:00
R000925,U0050,M0003,4,2026-08-11 19:30:00
R000926,U0038,M0007,4,2026-08-01 13:14:00
R000927,U0155,M0088,4,2026-08-20 16:27:00
R000928,U0141,M0004,4,2026-07-15 15:08:00
R000929,U0083,M0003,3,2026-09-07 19:25:00
R000930,U0047,M0012,4,2026-07-11 02:30:00
R000931,U0126,M0055,4,2026-09-27 12:35:00
R000932,U0165,M0003,5,2026-09-01 00:53:00
R000933,U0123,M0080,5,2026-08-12 17:02:00
R000934,U0169,M0035,5,2026-09-25 03:40:00
R000935,U0147,M0016,4,2026-07-14 17:39:00
R000936,U0005,M0052,4,2026-07-21 10:02:00
R000937,U0189,M0064,5,2026-08-18 07:00:00
R000938,U0010,M0006,5,2026-08-09 08:47:00
R000939,U0178,M0010,4,2026-08-12 07:12:00
R000940,U0086,M0096,3,2026-07-14 23:49:00
R000941,U0121,M0095,5,2026-07-31 04:59:00
R000942,U0167,M0030,5,2026-09-16 04:26:00
R000943,U0144,M0004,3,2026-08-25 05:11:00
R000944,U0006,M0005,4,2026-08-27 18:48:00
R000945,U0028,M0005,5,2026-09-14 11:12:00
R000946,U0189,M0005,4,2026-07-05 22:40:00
R000947,U0077,M0096,5,2026-07-22 21:01:00
R000948,U0036,M0006,5,2026-09-08 10:43:00
R000949,U0138,M0010,5,2026-08-28 20:26:00
R000950,U0107,M0045,3,2026-09-08 20:04:00
R000951,U0085,M0034,4,2026-09-25 14:21:00
R000952,U0147,M0008,5,2026-09-28 05:52:00
R000953,U0156,M0022,5,2026-08-06 23:52:00
R000954,U0165,M0079,4,2026-08-30 09:03:00
R000955,U0091,M0052,4,2026-08-08 01:31:00
R000956,U0139,M0080,4,2026-09-08 04:15:00
R000957,U0063,M0007,4,2026-07-07 02:52:00
R000958,U0118,M0016,5,2026-08-15 11:03:00
R000959,U0004,M0007,4,2026-08-19 01:37:00
R000960,U0066,M0021,5,2026-08-02 23:02:00
R000961,U0024,M0012,3,2026-08-01 03:09:00
R000962,U0022,M0011,3,2026-09-10 19:35:00
R000963,U0094,M0002,3,2026-09-27 18:03:00
R000964,U0165,M0006,5,2026-07-21 13:05:00
R000965,U0016,M0037,5,2026-07-30 11:37:00
R000966,U0065,M0055,5,2026-09-07 13:35:00
R000967,U0039,M0003,4,2026-07-29 19:23:00
R000968,U0177,M0053,4,2026-09-17 06:49:00
R000969,U0053,M0071,5,2026-09-20 03:05:00
R000970,U0195,M0008,4,2026-09-23 22:46:00
R000971,U0143,M0076,5,2026-07-19 22:57:00
R000972,U0199,M0004,4,2026-07-10 15:12:00
R000973,U0120,M0006,3,2026-09-05 00:58:00
R000974,U0159,M0042,5,2026-07-05 10:51:00
R000975,U0177,M0010,4,2026-07-31 02:12:00
R000976,U0063,M0065,5,2026-08-25 06:49:00
R000977,U0155,M0012,4,2026-07-31 15:12:00
R000978,U0035,M0016,4,2026-09-25 14:10:00
R000979,U0104,M0003,4,2026-08-04 07:42:00
R000980,U0054,M0009,3,2026-07-30 19:12:00
R000981,U0015,M0062,5,2026-08-16 03:47:00
R000982,U0091,M0008,3,2026-08-13 19:37:00
R000983,U0114,M0073,5,2026-07-10 09:38:00
R000984,U0009,M0003,5,2026-07-04 21:07:00
R000985,U0032,M0073,5,2026-07-23 09:49:00
R000986,U0128,M0074,4,2026-07-10 08:13:00
R000987,U0186,M0002,5,2026-07-20 19:35:00
R000988,U0057,M0001,5,2026-09-16 23:44:00
R000989,U0112,M0071,4,2026-08-01 16:43:00
R000990,U0166,M0005,4,2026-08-05 00:07:00
R000991,U0009,M0097,3,2026-09-13 01:55:00
R000992,U0165,M0031,5,2026-08-19 19:58:00
R000993,U0088,M0054,4,2026-09-01 11:17:00
R000994,U0046,M0047,5,2026-09-12 04:57:00
R000995,U0038,M0019,3,2026-09-15 05:47:00
R000996,U0100,M0006,3,2026-08-27 08:43:00
R000997,U0114,M0088,5,2026-07-15 21:48:00
R000998,U0081,M0001,5,2026-08-19 21:14:00
R000999,U0052,M0007,3,2026-09-24 16:42:00
R001000,U0189,M0009,4,2026-07-18 07:59:00
R001001,U0151,M0003,4,2026-07-17 10:59:00
R001002,U0084,M0010,5,2026-08-23 13:16:00
R001003,U0077,M0006,5,2026-07-06 09:31:00
R001004,U0146,M0058,4,2026-07-23 00:15:00
R001005,U0015,M0004,5,2026-07-26 03:01:00
R001006,U0137,M0053,4,2026-08-13 19:05:00
R001007,U0128,M0026,4,2026-07-17 22:50:00
R001008,U0172,M0010,4,2026-09-20 04:07:00
R001009,U0010,M0025,4,2026-07-23 00:21:00
R001010,U0131,M0003,4,2026-08-13 19:17:00
R001011,U0006,M0095,5,2026-08-21 23:22:00
R001012,U0090,M0049,4,2026-08-11 21:25:00
R001013,U0108,M0020,4,2026-09-20 21:21:00
R001014,U0113,M0010,4,2026-09-14 08:15:00
R001015,U0104,M0003,4,2026-08-26 19:40:00
R001016,U0043,M0001,3,2026-07-18 06:33:00
R001017,U0021,M0012,3,2026-07-16 08:41:00
R001018,U0009,M0049,5,2026-08-07 13:19:00
R001019,U0124,M0009,5,2026-07-04 09:31:00
R001020,U0154,M0098,5,2026-08-07 16:38:00
R001021,U0096,M0003,5,2026-07-27 14:46:00
R001022,U0117,M0011,4,2026-09-18 17:18:00
R001023,U0186,M0012,3,2026-09-22 10:30:00
R001024,U0093,M0010,5,2026-07-22 18:47:00
R001025,U0056,M0033,4,2026-09-20 06:06:00
R001026,U0046,M0015,3,2026-09-05 23:38:00
R001027,U0047,M0052,5,2026-07-09 06:00:00
R001028,U0130,M0055,5,2026-08-20 23:11:00
R001029,U0011,M0033,4,2026-07-18 13:27:00
R001030,U0164,M0045,4,2026-09-24 06:13:00
R001031,U0149,M0011,5,2026-07-15 23:38:00
R001032,U0130,M0012,5,2026-07-21 11:08:00
R001033,U0012,M0022,4,2026-07-12 00:26:00
R001034,U0141,M0004,5,2026-08-13 19:00:00
R001035,U0129,M0004,5,2026-07-17 07:47:00
R001036,U0140,M0074,4,2026-09-13 19:00:00
R001037,U0189,M0022,5,2026-07-09 18:39:00
R001038,U0109,M0025,3,2026-09-14 12:36:00
R001039,U0199,M0085,4,2026-09-27 20:24:00
R001040,U0005,M0012,5,2026-07-25 05:21:00
R001041,U0009,M0058,3,2026-09-01 21:34:00
R001042,U0032,M0012,5,2026-08-03 17:19:00
R001043,U0193,M0062,4,2026-08-14 20:55:00
R001044,U0183,M0006,3,2026-07-15 06:04:00
R001045,U0073,M0023,5,2026-07-06 21:14:00
R001046,U0123,M0065,4,2026-08-01 03:22:00
R001047,U0016,M0021,5,2026-09-19 04:31:00
R001048,U0102,M0015,5,2026-07-10 23:57:00
R001049,U0004,M0064,3,2026-07-19 11:39:00
R001050,U0116,M0011,5,2026-08-11 16:15:00
R001051,U0049,M0031,5,2026-09-14 19:37:00
R001052,U0028,M0012,5,2026-08-14 06:46:00
R001053,U0106,M0064,4,2026-08-18 14:24:00
R001054,U0008,M0033,4,2026-07-25 20:58:00
R001055,U0199,M0008,4,2026-07-14 01:01:00
R001056,U0121,M0095,4,2026-07-23 02:08:00
R001057,U0062,M0009,5,2026-09-04 13:13:00
R001058,U0162,M0067,4,2026-07-04 01:47:00
R001059,U0069,M0020,5,2026-08-11 20:43:00
R001060,U0064,M0001,3,2026-07-26 03:54:00
R001061,U0091,M0012,5,2026-07-16 14:41:00
R001062,U0041,M0015,5,2026-07-31 15:48:00
R001063,U0050,M0056,5,2026-07-13 12:30:00
R001064,U0060,M0011,5,2026-08-16 06:55:00
R001065,U0149,M0085,5,2026-07-11 05:41:00
R001066,U0036,M0099,5,2026-08-02 23:57:00
R001067,U0105,M0052,4,2026-09-22 21:16:00
R001068,U0040,M0014,5,2026-08-31 07:34:00
R001069,U0013,M0018,5,2026-09-04 15:02:00
R001070,U0122,M0004,5,2026-08-16 02:06:00
R001071,U0023,M0051,4,2026-07-24 22:43:00
R001072,U0180,M0004,5,2026-09-03 16:19:00
R001073,U0063,M0003,5,2026-07-31 11:56:00
R001074,U0113,M0006,5,2026-07-13 22:11:00
R001075,U0067,M0050,4,2026-07-01 16:36:00
R001076,U0071,M0055,4,2026-09-24 02:29:00
R001077,U0191,M0009,5,2026-07-21 16:47:00
R001078,U0112,M0009,4,2026-09-24 15:42:00
R001079,U0149,M0014,5,2026-07-21 15:40:00
R001080,U0093,M0055,5,2026-07-12 01:07:00
R001081,U0139,M0006,3,2026-09-17 18:07:00
R001082,U0084,M0051,3,2026-08-13 22:19:00
R001083,U0022,M0066,5,2026-09-04 22:12:00
R001084,U0143,M0040,4,2026-07-21 02:01:00
R001085,U0162,M0010,3,2026-09-10 13:19:00
R001086,U0054,M0059,5,2026-07-01 03:03:00
R001087,U0173,M0026,4,2026-09-13 03:17:00
R001088,U0123,M0008,4,2026-07-03 17:04:00
R001089,U0019,M0066,3,2026-09-13 19:16:00
R001090,U0093,M0001,3,2026-09-06 08:59:00
R001091,U0114,M0082,3,2026-08-18 09:07:00
R001092,U0073,M0028,4,2026-09-21 01:42:00
R001093,U0008,M0007,4,2026-07-14 06:02:00
R001094,U0065,M0095,4,2026-09-06 19:56:00
R001095,U0026,M0007,5,2026-09-11 00:47:00
R001096,U0074,M0017,5,2026-07-23 01:05:00
R001097,U0052,M0010,4,2026-07-08 20:50:00
R001098,U0196,M0002,4,2026-07-29 12:47:00
R001099,U0050,M0009,3,2026-09-04 02:55:00
R001100,U0085,M0087,4,2026-09-03 02:15:00
R001101,U0195,M0034,5,2026-07-24 14:33:00
R001102,U0089,M0008,4,2026-07-16 05:17:00
R001103,U0177,M0057,4,2026-08-27 22:28:00
R001104,U0115,M0012,5,2026-08-20 12:59:00
R001105,U0177,M0014,5,2026-07-13 21:24:00
R001106,U0114,M0056,4,2026-09-23 17:46:00
R001107,U0069,M0053,5,2026-07-06 12:02:00
R001108,U0021,M0007,5,2026-07-16 07:49:00
R001109,U0030,M0007,5,2026-08-27 03:25:00
R001110,U0192,M0056,4,2026-09-24 13:43:00
R001111,U0015,M0008,4,2026-08-28 00:35:00
R001112,U0024,M0009,5,2026-07-24 05:24:00
R001113,U0015,M0024,4,2026-07-16 02:29:00
R001114,U0152,M0096,5,2026-09-24 11:22:00
R001115,U0056,M0001,4,2026-07-16 03:07:00
R001116,U0029,M0034,5,2026-08-14 09:08:00
R001117,U0118,M0032,5,2026-08-09 12:02:00
R001118,U0071,M0005,4,2026-09-13 22:58:00
R001119,U0135,M0087,3,2026-09-06 20:55:00
R001120,U0021,M0021,3,2026-08-08 08:32:00
R001121,U0137,M0002,5,2026-07-23 15:08:00
R001122,U0016,M0011,4,2026-07-10 10:06:00
R001123,U0170,M0066,5,2026-08-01 10:20:00
R001124,U0103,M0006,4,2026-07-07 23:07:00
R001125,U0177,M0009,4,2026-08-15 13:59:00
R001126,U0156,M0022,5,2026-09-20 14:35:00
R001127,U0194,M0050,4,2026-08-28 04:06:00
R001128,U0176,M0003,4,2026-08-18 16:31:00
R001129,U0115,M0040,5,2026-08-23 13:07:00
R001130,U0066,M0006,3,2026-08-12 04:51:00
R001131,U0145,M0077,3,2026-09-14 02:45:00
R001132,U0129,M0082,4,2026-07-26 02:32:00
R001133,U0049,M0092,4,2026-07-18 23:33:00
R001134,U0171,M0064,4,2026-07-07 05:11:00
R001135,U0164,M0080,5,2026-09-16 21:39:00
R001136,U0104,M0001,3,2026-07-04 22:54:00
R001137,U0051,M0040,5,2026-07-26 23:07:00
R001138,U0170,M0013,4,2026-09-21 03:33:00
R001139,U0150,M0002,5,2026-09-14 01:05:00
R001140,U0028,M0077,4,2026-08-07 09:16:00
R001141,U0185,M0022,5,2026-08-03 08:33:00
R001142,U0182,M0045,5,2026-09-06 14:00:00
R001143,U0126,M0007,5,2026-08-23 13:25:00
R001144,U0125,M0006,4,2026-09-07 21:29:00
R001145,U0005,M0001,5,2026-07-08 03:39:00
R001146,U0187,M0036,5,2026-07-21 09:47:00
R001147,U0150,M0010,4,2026-07-21 03:37:00
R001148,U0108,M0004,4,2026-09-26 10:25:00
R001149,U0184,M0010,4,2026-07-27 15:38:00
R001150,U0019,M0011,4,2026-09-18 05:33:00
R001151,U0168,M0082,5,2026-07-21 13:27:00
R001152,U0035,M0008,5,2026-07-30 12:36:00
R001153,U0165,M0010,5,2026-08-22 08:15:00
R001154,U0053,M0005,4,2026-08-06 12:35:00
R001155,U0054,M0045,5,2026-09-17 17:30:00
R001156,U0074,M0033,5,2026-07-11 16:48:00
R001157,U0036,M0003,4,2026-09-21 10:49:00
R001158,U0090,M0006,5,2026-07-17 05:16:00
R001159,U0001,M0092,3,2026-09-25 14:25:00
R001160,U0104,M0098,5,2026-07-21 06:42:00
R001161,U0031,M0014,5,2026-08-05 22:28:00
R001162,U0075,M0012,4,2026-07-01 03:25:00
R001163,U0142,M0022,5,2026-09-25 08:28:00
R001164,U0080,M0002,5,2026-07-24 13:23:00
R001165,U0024,M0002,4,2026-07-09 18:56:00
R001166,U0139,M0016,5,2026-07-05 01:32:00
R001167,U0039,M0030,4,2026-07-12 19:24:00
R001168,U0016,M0010,4,2026-08-06 07:29:00
R001169,U0048,M0010,4,2026-08-09 08:16:00
R001170,U0170,M0085,4,2026-07-24 17:38:00
R001171,U0126,M0002,5,2026-09-19 07:35:00
R001172,U0001,M0043,3,2026-09-24 12:19:00
R001173,U0185,M0002,4,2026-09-04 07:32:00
R001174,U0162,M0056,4,2026-08-24 10:55:00
R001175,U0160,M0038,3,2026-09-26 03:00:00
R001176,U0040,M0008,3,2026-08-28 06:37:00
R001177,U0065,M0069,4,2026-09-18 15:59:00
R001178,U0141,M0070,5,2026-07-04 06:50:00
R001179,U0067,M0002,4,2026-08-06 19:51:00
R001180,U0025,M0072,5,2026-07-17 18:47:00
R001181,U0049,M0004,5,2026-09-26 18:17:00
R001182,U0106,M0095,5,2026-09-08 20:43:00
R001183,U0036,M0010,5,2026-08-05 17:00:00
R001184,U0168,M0010,5,2026-09-22 21:08:00
R001185,U0199,M0005,4,2026-07-25 12:33:00
R001186,U0131,M0006,5,2026-08-30 21:17:00
R001187,U0140,M0007,4,2026-07-30 11:05:00
R001188,U0102,M0049,4,2026-09-07 06:46:00
R001189,U0067,M0001,5,2026-08-16 12:58:00
R001190,U0182,M0002,5,2026-07-13 21:45:00
R001191,U0157,M0006,5,2026-09-07 08:22:00
R001192,U0030,M0005,4,2026-07-28 05:14:00
R001193,U0019,M0003,4,2026-09-14 13:16:00
R001194,U0028,M0069,5,2026-07-29 16:05:00
R001195,U0131,M0070,3,2026-09-13 03:53:00
R001196,U0121,M0005,5,2026-07-11 02:49:00
R001197,U0144,M0004,4,2026-07-30 07:46:00
R001198,U0106,M0094,5,2026-07-26 01:04:00
R001199,U0105,M0068,5,2026-09-22 20:13:00
R001200,U0165,M0023,5,2026-07-04 19:08:00
R001201,U0137,M0097,5,2026-07-26 14:49:00
R001202,U0142,M0004,3,2026-08-27 01:28:00
R001203,U0091,M0091,4,2026-07-17 21:38:00
R001204,U0158,M0002,4,2026-07-31 16:34:00
R001205,U0179,M0058,4,2026-08-07 14:59:00
R001206,U0182,M0061,5,2026-07-19 09:58:00
R001207,U0025,M0025,4,2026-07-22 10:41:00
R001208,U0096,M0001,4,2026-08-02 18:43:00
R001209,U0187,M0066,5,2026-08-20 23:35:00
R001210,U0083,M0009,4,2026-08-24 20:14:00
R001211,U0002,M0026,5,2026-09-01 01:54:00
R001212,U0043,M0046,4,2026-08-27 12:08:00
R001213,U0008,M0073,4,2026-07-22 23:12:00
R001214,U0197,M0011,4,2026-09-01 06:59:00
R001215,U0004,M0050,4,2026-09-28 00:14:00
R001216,U0132,M0045,4,2026-09-05 17:25:00
R001217,U0096,M0071,5,2026-08-10 21:44:00
R001218,U0046,M0008,5,2026-07-14 03:52:00
R001219,U0112,M0077,4,2026-07-09 12:14:00
R001220,U0013,M0002,4,2026-08-11 16:57:00
R001221,U0116,M0003,3,2026-08-04 14:57:00
R001222,U0088,M0007,4,2026-07-21 08:16:00
R001223,U0069,M0051,4,2026-09-19 23:49:00
R001224,U0105,M0044,5,2026-08-07 20:31:00
R001225,U0170,M0008,3,2026-09-18 18:30:00
R001226,U0059,M0090,5,2026-07-11 19:03:00
R001227,U0190,M0004,5,2026-07-13 05:18:00
R001228,U0158,M0002,4,2026-07-21 11:34:00
R001229,U0027,M0056,5,2026-07-01 13:47:00
R001230,U0187,M0072,5,2026-08-11 04:47:00
R001231,U0022,M0088,3,2026-09-16 07:31:00
R001232,U0146,M0053,5,2026-07-13 15:58:00
R001233,U0086,M0011,4,2026-07-12 04:39:00
R001234,U0163,M0010,4,2026-09-16 15:32:00
R001235,U0049,M0025,5,2026-08-18 17:05:00
R001236,U0150,M0032,4,2026-07-30 01:33:00
R001237,U0048,M0011,5,2026-07-26 17:20:00
R001238,U0085,M0010,5,2026-09-22 22:38:00
R001239,U0094,M0010,5,2026-08-27 07:57:00
R001240,U0065,M0019,4,2026-08-01 12:04:00
R001241,U0143,M0059,5,2026-09-10 22:26:00
R001242,U0174,M0010,4,2026-08-13 15:49:00
R001243,U0185,M0069,4,2026-08-20 06:41:00
R001244,U0057,M0063,2,2026-08-06 19:15:00
R001245,U0008,M0005,5,2026-07-10 11:37:00
R001246,U0032,M0012,4,2026-07-16 07:59:00
R001247,U0033,M0077,4,2026-08-22 17:50:00
R001248,U0137,M0073,5,2026-08-23 09:33:00
R001249,U0192,M0048,4,2026-08-27 16:44:00
R001250,U0126,M0011,4,2026-09-07 10:24:00
R001251,U0076,M0044,4,2026-07-14 19:19:00
R001252,U0052,M0011,3,2026-08-27 20:08:00
R001253,U0190,M0002,5,2026-09-03 19:25:00
R001254,U0039,M0100,5,2026-07-15 19:15:00
R001255,U0123,M0100,3,2026-07-31 18:31:00
R001256,U0098,M0006,5,2026-08-04 12:44:00
R001257,U0160,M0028,4,2026-08-11 08:38:00
R001258,U0113,M0004,4,2026-09-05 20:14:00
R001259,U0069,M0009,5,2026-08-18 11:42:00
R001260,U0021,M0036,4,2026-09-19 07:05:00
R001261,U0181,M0016,4,2026-07-06 19:19:00
R001262,U0041,M0031,4,2026-09-28 20:09:00
R001263,U0059,M0002,3,2026-07-19 20:30:00
R001264,U0170,M0006,5,2026-09-17 07:30:00
R001265,U0107,M0005,3,2026-08-15 16:37:00
R001266,U0086,M0003,4,2026-08-31 19:53:00
R001267,U0122,M0002,5,2026-09-03 01:02:00
R001268,U0051,M0001,4,2026-08-18 14:53:00
R001269,U0069,M0005,5,2026-09-27 06:53:00
R001270,U0180,M0007,4,2026-09-11 21:06:00
R001271,U0036,M0004,4,2026-07-24 01:31:00
R001272,U0103,M0005,4,2026-07-23 21:36:00
R001273,U0150,M0004,5,2026-07-11 21:55:00
R001274,U0144,M0044,5,2026-08-18 01:53:00
R001275,U0101,M0011,4,2026-09-04 06:24:00
R001276,U0063,M0005,5,2026-08-01 10:25:00
R001277,U0082,M0026,4,2026-07-15 02:57:00
R001278,U0068,M0008,5,2026-08-17 21:26:00
R001279,U0057,M0099,3,2026-07-01 22:19:00
R001280,U0139,M0004,4,2026-09-27 08:32:00
R001281,U0194,M0010,5,2026-09-24 19:14:00
R001282,U0047,M0060,5,2026-09-09 16:28:00
R001283,U0115,M0012,4,2026-09-25 15:45:00
R001284,U0035,M0048,4,2026-07-07 12:43:00
R001285,U0188,M0049,4,2026-08-16 05:09:00
R001286,U0196,M0027,3,2026-09-06 09:08:00
R001287,U0179,M0002,5,2026-09-24 01:47:00
R001288,U0128,M0011,3,2026-07-06 21:14:00
R001289,U0072,M0075,4,2026-09-07 20:10:00
R001290,U0182,M0004,3,2026-08-16 19:47:00
R001291,U0077,M0085,5,2026-09-11 08:04:00
R001292,U0024,M0048,4,2026-07-24 12:04:00
R001293,U0123,M0064,5,2026-09-15 16:59:00
R001294,U0191,M0006,4,2026-08-11 06:32:00
R001295,U0158,M0032,4,2026-07-21 17:58:00
R001296,U0068,M0006,4,2026-07-05 13:24:00
R001297,U0054,M0027,5,2026-07-02 16:53:00
R001298,U0148,M0044,3,2026-09-18 23:47:00
R001299,U0071,M0047,5,2026-09-13 22:18:00
R001300,U0075,M0073,4,2026-08-07 20:40:00
R001301,U0044,M0036,5,2026-09-13 03:10:00
R001302,U0041,M0026,5,2026-08-24 08:25:00
R001303,U0146,M0009,2,2026-07-29 16:15:00
R001304,U0030,M0083,4,2026-08-11 09:02:00
R001305,U0099,M0079,3,2026-09-21 09:58:00
R001306,U0054,M0019,4,2026-07-08 02:55:00
R001307,U0179,M0032,4,2026-09-17 04:32:00
R001308,U0169,M0003,5,2026-07-21 09:52:00
R001309,U0164,M0026,3,2026-09-02 03:33:00
R001310,U0133,M0005,5,2026-08-09 09:34:00
R001311,U0158,M0027,4,2026-07-30 11:25:00
R001312,U0002,M0095,4,2026-09-23 20:43:00
R001313,U0002,M0002,4,2026-09-14 18:38:00
R001314,U0048,M0025,4,2026-09-26 11:52:00
R001315,U0014,M0005,5,2026-07-19 04:03:00
R001316,U0041,M0006,4,2026-09-22 22:04:00
R001317,U0042,M0023,5,2026-08-12 02:43:00
R001318,U0023,M0011,3,2026-09-17 15:27:00
R001319,U0189,M0007,5,2026-08-22 03:07:00
R001320,U0119,M0009,5,2026-08-29 22:29:00
R001321,U0168,M0041,4,2026-09-01 14:26:00
R001322,U0102,M0025,5,2026-09-24 19:17:00
R001323,U0198,M0002,5,2026-09-23 09:36:00
R001324,U0189,M0078,5,2026-07-16 12:55:00
R001325,U0035,M0006,4,2026-08-15 14:43:00
R001326,U0164,M0011,3,2026-07-25 00:28:00
R001327,U0082,M0012,4,2026-09-28 16:23:00
R001328,U0185,M0026,4,2026-09-27 16:10:00
R001329,U0037,M0003,5,2026-08-01 01:40:00
R001330,U0100,M0100,5,2026-08-26 22:19:00
R001331,U0046,M0003,5,2026-08-03 23:53:00
R001332,U0163,M0090,5,2026-07-21 14:19:00
R001333,U0031,M0093,5,2026-08-14 16:16:00
R001334,U0174,M0017,3,2026-09-06 10:51:00
R001335,U0027,M0008,5,2026-08-05 16:44:00
R001336,U0088,M0011,4,2026-09-08 19:08:00
R001337,U0148,M0037,5,2026-09-07 15:01:00
R001338,U0100,M0004,3,2026-07-17 03:10:00
R001339,U0124,M0042,4,2026-08-14 09:44:00
R001340,U0165,M0096,4,2026-08-21 13:13:00
R001341,U0031,M0077,5,2026-07-02 02:02:00
R001342,U0068,M0015,3,2026-09-04 03:52:00
R001343,U0197,M0097,4,2026-09-07 07:54:00
R001344,U0193,M0051,5,2026-09-07 22:14:00
R001345,U0009,M0082,5,2026-08-21 23:18:00
R001346,U0158,M0002,5,2026-07-10 21:30:00
R001347,U0118,M0088,4,2026-08-02 22:27:00
R001348,U0168,M0067,4,2026-09-07 00:35:00
R001349,U0066,M0018,4,2026-09-10 01:32:00
R001350,U0088,M0045,3,2026-09-24 16:26:00
R001351,U0068,M0016,5,2026-07-31 00:57:00
R001352,U0149,M0037,5,2026-07-19 20:55:00
R001353,U0061,M0084,5,2026-07-17 15:50:00
R001354,U0068,M0011,5,2026-09-24 21:55:00
R001355,U0156,M0063,5,2026-08-08 13:16:00
R001356,U0003,M0012,5,2026-08-29 12:17:00
R001357,U0026,M0083,5,2026-09-14 16:19:00
R001358,U0197,M0010,4,2026-09-16 01:52:00
R001359,U0195,M0058,4,2026-09-28 23:05:00
R001360,U0078,M0001,4,2026-07-27 05:42:00
R001361,U0145,M0053,4,2026-09-23 19:23:00
R001362,U0014,M0004,4,2026-07-31 16:53:00
R001363,U0066,M0008,5,2026-07-24 19:35:00
R001364,U0175,M0002,5,2026-09-04 10:39:00
R001365,U0185,M0045,5,2026-08-07 20:39:00
R001366,U0062,M0012,2,2026-07-26 00:47:00
R001367,U0114,M0008,4,2026-09-04 08:03:00
R001368,U0036,M0011,5,2026-08-24 20:14:00
R001369,U0180,M0095,4,2026-07-18 14:43:00
R001370,U0052,M0010,4,2026-07-30 22:06:00
R001371,U0036,M0005,5,2026-07-19 08:16:00
R001372,U0015,M0018,4,2026-09-09 21:49:00
R001373,U0170,M0029,5,2026-09-15 10:31:00
R001374,U0150,M0034,4,2026-08-10 17:12:00
R001375,U0158,M0083,4,2026-07-30 19:12:00
R001376,U0111,M0094,5,2026-07-14 02:32:00
R001377,U0181,M0009,4,2026-07-20 12:44:00
R001378,U0029,M0039,4,2026-07-08 13:40:00
R001379,U0001,M0004,5,2026-08-08 07:50:00
R001380,U0069,M0008,4,2026-07-08 04:37:00
R001381,U0131,M0007,5,2026-09-13 01:35:00
R001382,U0198,M0008,4,2026-09-21 00:48:00
R001383,U0163,M0019,4,2026-09-12 05:10:00
R001384,U0116,M0011,5,2026-08-13 12:41:00
R001385,U0144,M0036,5,2026-09-03 02:56:00
R001386,U0053,M0062,5,2026-08-01 04:18:00
R001387,U0068,M0080,3,2026-07-31 13:17:00
R001388,U0067,M0011,4,2026-09-12 15:01:00
R001389,U0014,M0028,5,2026-08-19 01:31:00
R001390,U0019,M0072,4,2026-08-03 02:54:00
R001391,U0032,M0096,5,2026-08-21 06:18:00
R001392,U0196,M0003,5,2026-09-06 04:33:00
R001393,U0080,M0004,5,2026-08-16 16:56:00
R001394,U0028,M0025,5,2026-07-26 02:48:00
R001395,U0122,M0029,3,2026-09-05 20:03:00
R001396,U0129,M0002,4,2026-09-18 00:59:00
R001397,U0144,M0026,3,2026-09-02 22:53:00
R001398,U0048,M0003,4,2026-08-09 03:58:00
R001399,U0144,M0068,5,2026-07-11 11:53:00
R001400,U0182,M0006,5,2026-07-12 17:24:00
R001401,U0062,M0009,4,2026-09-03 00:49:00
R001402,U0026,M0020,5,2026-07-13 16:05:00
R001403,U0143,M0049,5,2026-07-31 10:27:00
R001404,U0160,M0083,4,2026-08-23 18:35:00
R001405,U0055,M0034,5,2026-09-11 00:22:00
R001406,U0178,M0008,5,2026-08-24 14:12:00
R001407,U0032,M0090,5,2026-09-24 07:51:00
R001408,U0071,M0047,4,2026-07-07 19:55:00
R001409,U0157,M0031,4,2026-09-26 22:53:00
R001410,U0198,M0007,5,2026-08-16 05:55:00
R001411,U0066,M0099,5,2026-08-25 01:38:00
R001412,U0076,M0001,5,2026-08-09 15:19:00
R001413,U0152,M0023,4,2026-08-28 21:57:00
R001414,U0110,M0005,4,2026-08-02 12:40:00
R001415,U0050,M0056,5,2026-07-22 01:59:00
R001416,U0008,M0005,3,2026-09-22 17:39:00
R001417,U0100,M0060,5,2026-07-24 05:02:00
R001418,U0001,M0032,5,2026-08-30 18:38:00
R001419,U0076,M0010,5,2026-08-08 01:04:00
R001420,U0097,M0066,5,2026-08-02 18:27:00
R001421,U0020,M0028,4,2026-09-22 06:33:00
R001422,U0091,M0011,5,2026-08-26 15:50:00
R001423,U0023,M0035,3,2026-08-03 13:07:00
R001424,U0128,M0039,4,2026-08-25 00:54:00
R001425,U0046,M0012,4,2026-08-18 06:51:00
R001426,U0102,M0007,4,2026-08-09 15:04:00
R001427,U0015,M0040,5,2026-09-02 23:23:00
R001428,U0071,M0063,5,2026-07-22 09:24:00
R001429,U0027,M0012,5,2026-09-26 06:44:00
R001430,U0148,M0004,4,2026-08-23 22:10:00
R001431,U0016,M0004,4,2026-09-04 01:02:00
R001432,U0151,M0049,3,2026-08-01 16:03:00
R001433,U0043,M0062,4,2026-08-10 07:59:00
R001434,U0195,M0005,4,2026-08-24 13:07:00
R001435,U0140,M0012,5,2026-07-06 12:16:00
R001436,U0023,M0099,5,2026-08-20 22:11:00
R001437,U0161,M0006,4,2026-09-03 01:41:00
R001438,U0186,M0044,5,2026-07-03 22:22:00
R001439,U0172,M0095,4,2026-07-25 14:07:00
R001440,U0087,M0007,5,2026-07-08 10:41:00
R001441,U0073,M0038,5,2026-07-02 12:27:00
R001442,U0022,M0004,5,2026-08-16 01:41:00
R001443,U0022,M0036,5,2026-07-23 11:52:00
R001444,U0155,M0011,4,2026-07-15 21:26:00
R001445,U0048,M0039,4,2026-07-26 16:17:00
R001446,U0067,M0088,4,2026-07-18 03:28:00
R001447,U0081,M0088,5,2026-09-17 22:21:00
R001448,U0022,M0023,3,2026-07-25 19:55:00
R001449,U0039,M0094,3,2026-09-25 03:13:00
R001450,U0016,M0017,4,2026-08-11 05:10:00
R001451,U0075,M0069,5,2026-07-20 03:19:00
R001452,U0061,M0002,5,2026-08-06 14:36:00
R001453,U0151,M0038,5,2026-08-27 05:44:00
R001454,U0134,M0002,5,2026-09-04 18:57:00
R001455,U0134,M0040,5,2026-08-27 15:43:00
R001456,U0165,M0056,5,2026-09-24 03:26:00
R001457,U0171,M0059,5,2026-07-29 19:46:00
R001458,U0056,M0073,5,2026-09-14 16:06:00
R001459,U0140,M0069,4,2026-08-26 23:19:00
R001460,U0060,M0050,4,2026-07-10 15:18:00
R001461,U0004,M0005,4,2026-07-07 01:39:00
R001462,U0064,M0055,5,2026-09-14 15:09:00
R001463,U0170,M0100,5,2026-07-20 07:04:00
R001464,U0197,M0056,4,2026-08-03 14:22:00
R001465,U0166,M0002,5,2026-07-22 10:08:00
R001466,U0097,M0083,5,2026-08-28 13:55:00
R001467,U0118,M0088,5,2026-09-25 03:45:00
R001468,U0126,M0003,3,2026-07-31 10:15:00
R001469,U0117,M0025,5,2026-09-03 15:28:00
R001470,U0139,M0016,5,2026-09-25 14:41:00
R001471,U0084,M0017,5,2026-07-08 20:16:00
R001472,U0094,M0061,4,2026-07-21 11:19:00
R001473,U0184,M0094,3,2026-08-31 16:02:00
R001474,U0032,M0073,4,2026-09-13 07:02:00
R001475,U0169,M0011,4,2026-07-12 02:45:00
R001476,U0085,M0018,5,2026-09-15 18:45:00
R001477,U0129,M0004,5,2026-08-31 13:17:00
R001478,U0158,M0007,4,2026-08-27 10:08:00
R001479,U0155,M0065,4,2026-07-01 18:57:00
R001480,U0126,M0008,4,2026-07-07 16:32:00
R001481,U0005,M0003,5,2026-09-22 14:17:00
R001482,U0076,M0039,4,2026-09-26 07:26:00
R001483,U0098,M0036,4,2026-09-16 12:49:00
R001484,U0007,M0004,5,2026-07-09 23:50:00
R001485,U0163,M0019,4,2026-09-07 15:58:00
R001486,U0109,M0010,3,2026-07-30 18:32:00
R001487,U0128,M0005,5,2026-07-31 22:21:00
R001488,U0144,M0078,5,2026-07-17 22:07:00
R001489,U0029,M0006,4,2026-09-15 05:45:00
R001490,U0109,M0011,3,2026-07-08 22:17:00
R001491,U0016,M0070,4,2026-07-09 01:43:00
R001492,U0089,M0009,4,2026-08-26 13:40:00
R001493,U0108,M0024,5,2026-07-16 21:30:00
R001494,U0031,M0004,3,2026-07-02 00:04:00
R001495,U0081,M0068,4,2026-09-13 10:07:00
R001496,U0140,M0009,5,2026-08-26 02:41:00
R001497,U0031,M0049,5,2026-09-17 03:53:00
R001498,U0146,M0071,4,2026-07-06 03:40:00
R001499,U0028,M0013,3,2026-07-26 17:02:00
R001500,U0118,M0038,5,2026-09-04 05:50:00
R001501,U0066,M0006,4,2026-07-01 03:10:00
R001502,U0038,M0005,4,2026-09-18 18:04:00
R001503,U0114,M0019,5,2026-09-12 02:13:00
R001504,U0096,M0005,3,2026-09-12 23:55:00
R001505,U0078,M0044,4,2026-09-08 20:18:00
R001506,U0016,M0004,4,2026-07-03 12:00:00
R001507,U0153,M0009,4,2026-07-09 19:12:00
R001508,U0196,M0001,4,2026-07-29 18:46:00
R001509,U0038,M0016,4,2026-07-22 04:16:00
R001510,U0116,M0003,5,2026-07-05 12:09:00
R001511,U0060,M0098,5,2026-07-21 12:16:00
R001512,U0166,M0005,4,2026-08-07 16:34:00
R001513,U0138,M0008,4,2026-07-13 08:37:00
R001514,U0001,M0012,5,2026-08-08 07:23:00
R001515,U0116,M0080,5,2026-09-09 15:51:00
R001516,U0023,M0011,5,2026-07-09 03:49:00
R001517,U0112,M0005,4,2026-09-26 15:34:00
R001518,U0011,M0050,5,2026-07-10 09:14:00
R001519,U0128,M0009,4,2026-08-16 11:49:00
R001520,U0091,M0068,3,2026-09-17 13:20:00
R001521,U0131,M0038,4,2026-09-04 18:55:00
R001522,U0171,M0067,4,2026-07-31 00:38:00
R001523,U0045,M0078,5,2026-08-28 09:56:00
R001524,U0143,M0029,5,2026-09-01 01:50:00
R001525,U0184,M0038,4,2026-08-25 01:44:00
R001526,U0116,M0085,4,2026-08-05 11:55:00
R001527,U0091,M0017,5,2026-09-28 02:54:00
R001528,U0040,M0009,4,2026-08-03 03:12:00
R001529,U0085,M0055,5,2026-08-21 20:52:00
R001530,U0093,M0037,3,2026-08-31 17:48:00
R001531,U0157,M0073,3,2026-07-18 00:50:00
R001532,U0065,M0012,4,2026-08-26 03:27:00
R001533,U0167,M0006,4,2026-08-06 14:50:00
R001534,U0027,M0003,5,2026-08-17 00:12:00
R001535,U0071,M0011,5,2026-09-10 00:28:00
R001536,U0064,M0009,4,2026-09-23 04:40:00
R001537,U0149,M0027,5,2026-08-22 03:25:00
R001538,U0042,M0048,5,2026-07-11 22:55:00
R001539,U0169,M0017,5,2026-08-04 16:30:00
R001540,U0159,M0004,4,2026-07-10 10:13:00
R001541,U0136,M0096,5,2026-08-30 14:55:00
R001542,U0039,M0003,4,2026-07-29 17:53:00
R001543,U0056,M0057,5,2026-09-22 23:24:00
R001544,U0105,M0011,4,2026-08-31 20:12:00
R001545,U0044,M0004,4,2026-07-16 09:45:00
R001546,U0188,M0003,4,2026-08-04 21:14:00
R001547,U0064,M0006,5,2026-09-27 14:13:00
R001548,U0035,M0096,3,2026-08-10 12:13:00
R001549,U0039,M0030,4,2026-09-23 20:51:00
R001550,U0156,M0090,3,2026-09-17 04:50:00
R001551,U0025,M0052,5,2026-08-08 20:58:00
R001552,U0095,M0038,4,2026-08-25 10:26:00
R001553,U0048,M0001,5,2026-07-17 20:09:00
R001554,U0102,M0020,4,2026-08-11 22:10:00
R001555,U0059,M0066,4,2026-08-05 22:28:00
R001556,U0110,M0005,5,2026-07-17 06:59:00
R001557,U0070,M0060,5,2026-09-24 05:23:00
R001558,U0033,M0045,3,2026-08-10 23:35:00
R001559,U0174,M0075,4,2026-09-24 13:29:00
R001560,U0068,M0001,4,2026-09-23 17:06:00
R001561,U0171,M0003,4,2026-09-22 05:02:00
R001562,U0062,M0006,5,2026-07-18 01:11:00
R001563,U0102,M0011,5,2026-09-06 02:50:00
R001564,U0045,M0007,2,2026-09-14 06:35:00
R001565,U0193,M0060,5,2026-08-22 21:03:00
R001566,U0036,M0067,5,2026-09-02 05:05:00
R001567,U0192,M0098,5,2026-07-13 17:41:00
R001568,U0098,M0007,4,2026-08-13 15:53:00
R001569,U0005,M0042,5,2026-08-23 10:23:00
R001570,U0179,M0002,3,2026-09-02 09:28:00
R001571,U0168,M0011,5,2026-09-12 14:04:00
R001572,U0177,M0081,4,2026-07-05 07:59:00
R001573,U0046,M0009,4,2026-08-31 19:34:00
R001574,U0042,M0008,5,2026-07-30 08:34:00
R001575,U0097,M0011,5,2026-07-09 17:48:00
R001576,U0039,M0038,3,2026-07-18 23:09:00
R001577,U0126,M0094,5,2026-07-19 03:48:00
R001578,U0163,M0003,3,2026-07-25 21:12:00
R001579,U0147,M0058,4,2026-08-14 08:06:00
R001580,U0063,M0043,4,2026-09-14 08:24:00
R001581,U0025,M0084,4,2026-09-16 09:35:00
R001582,U0085,M0011,5,2026-08-13 23:44:00
R001583,U0032,M0001,3,2026-08-30 10:30:00
R001584,U0119,M0006,5,2026-07-08 04:44:00
R001585,U0123,M0064,4,2026-08-28 12:15:00
R001586,U0034,M0011,5,2026-09-01 02:06:00
R001587,U0091,M0001,4,2026-08-04 12:02:00
R001588,U0146,M0082,5,2026-07-01 20:43:00
R001589,U0184,M0059,3,2026-08-25 22:26:00
R001590,U0179,M0005,5,2026-08-03 19:57:00
R001591,U0169,M0016,3,2026-09-17 00:59:00
R001592,U0003,M0046,5,2026-08-05 23:47:00
R001593,U0175,M0007,5,2026-07-29 01:23:00
R001594,U0159,M0068,3,2026-07-23 09:11:00
R001595,U0001,M0006,5,2026-09-10 18:43:00
R001596,U0078,M0090,5,2026-09-10 03:47:00
R001597,U0095,M0046,3,2026-09-13 23:16:00
R001598,U0128,M0009,3,2026-07-14 10:03:00
R001599,U0143,M0004,5,2026-07-25 10:02:00
R001600,U0132,M0076,4,2026-09-06 21:56:00
R001601,U0086,M0094,3,2026-08-07 06:46:00
R001602,U0008,M0011,5,2026-07-19 13:48:00
R001603,U0179,M0029,5,2026-07-04 17:57:00
R001604,U0089,M0003,3,2026-07-26 22:25:00
R001605,U0038,M0055,4,2026-07-05 08:17:00
R001606,U0186,M0074,3,2026-08-07 23:06:00
R001607,U0091,M0030,5,2026-08-13 16:23:00
R001608,U0003,M0008,5,2026-09-21 15:58:00
R001609,U0163,M0043,3,2026-07-13 17:40:00
R001610,U0198,M0092,5,2026-07-16 09:44:00
R001611,U0133,M0001,4,2026-09-06 04:18:00
R001612,U0007,M0006,3,2026-08-05 17:52:00
R001613,U0162,M0022,3,2026-07-31 19:38:00
R001614,U0024,M0099,5,2026-09-11 04:02:00
R001615,U0186,M0040,4,2026-07-28 22:11:00
R001616,U0139,M0008,3,2026-07-20 17:28:00
R001617,U0001,M0047,3,2026-09-08 07:13:00
R001618,U0169,M0046,4,2026-09-26 02:35:00
R001619,U0190,M0092,3,2026-09-16 14:27:00
R001620,U0106,M0004,4,2026-08-21 21:27:00
R001621,U0175,M0098,5,2026-08-15 17:28:00
R001622,U0115,M0045,3,2026-08-31 08:58:00
R001623,U0017,M0019,5,2026-07-20 14:42:00
R001624,U0103,M0005,3,2026-09-20 06:25:00
R001625,U0175,M0007,3,2026-08-29 13:38:00
R001626,U0169,M0003,4,2026-07-18 06:46:00
R001627,U0039,M0036,5,2026-07-15 07:45:00
R001628,U0106,M0093,5,2026-07-04 20:54:00
R001629,U0106,M0007,5,2026-09-27 08:30:00
R001630,U0173,M0009,4,2026-07-29 12:09:00
R001631,U0046,M0002,4,2026-08-11 16:08:00
R001632,U0111,M0094,4,2026-09-15 16:18:00
R001633,U0142,M0001,4,2026-08-03 13:42:00
R001634,U0068,M0004,5,2026-07-20 11:02:00
R001635,U0054,M0023,4,2026-08-31 06:09:00
R001636,U0139,M0032,5,2026-08-12 20:55:00
R001637,U0070,M0004,3,2026-09-11 18:11:00
R001638,U0004,M0001,3,2026-09-13 11:58:00
R001639,U0049,M0005,5,2026-07-01 21:01:00
R001640,U0083,M0039,5,2026-09-06 16:51:00
R001641,U0133,M0009,5,2026-07-11 06:27:00
R001642,U0034,M0003,5,2026-09-07 17:21:00
R001643,U0098,M0068,5,2026-08-15 05:47:00
R001644,U0138,M0012,4,2026-09-18 21:47:00
R001645,U0001,M0056,4,2026-09-23 23:16:00
R001646,U0071,M0023,4,2026-07-26 13:56:00
R001647,U0094,M0004,5,2026-09-16 01:10:00
R001648,U0123,M0018,5,2026-09-28 21:16:00
R001649,U0123,M0052,2,2026-09-08 00:42:00
R001650,U0035,M0053,4,2026-07-25 10:54:00
R001651,U0189,M0008,3,2026-08-20 20:23:00
R001652,U0160,M0069,5,2026-08-20 20:29:00
R001653,U0027,M0003,5,2026-07-08 22:42:00
R001654,U0059,M0083,5,2026-08-25 22:31:00
R001655,U0034,M0010,4,2026-08-02 22:23:00
R001656,U0196,M0075,5,2026-07-13 00:44:00
R001657,U0097,M0007,5,2026-07-15 18:00:00
R001658,U0198,M0070,4,2026-07-22 05:37:00
R001659,U0062,M0088,3,2026-07-02 10:47:00
R001660,U0200,M0001,5,2026-07-12 03:10:00
R001661,U0027,M0002,4,2026-08-11 22:23:00
R001662,U0040,M0083,5,2026-09-15 14:15:00
R001663,U0081,M0020,5,2026-07-08 21:32:00
R001664,U0017,M0008,4,2026-07-02 01:22:00
R001665,U0036,M0001,5,2026-08-24 07:20:00
R001666,U0102,M0004,4,2026-08-18 14:56:00
R001667,U0057,M0029,5,2026-07-07 06:07:00
R001668,U0020,M0084,5,2026-09-09 22:25:00
R001669,U0053,M0006,4,2026-08-01 09:40:00
R001670,U0135,M0009,4,2026-09-17 01:56:00
R001671,U0145,M0001,4,2026-08-18 12:08:00
R001672,U0107,M0018,4,2026-09-21 11:05:00
R001673,U0085,M0002,5,2026-07-26 21:01:00
R001674,U0106,M0030,5,2026-09-25 12:56:00
R001675,U0153,M0019,5,2026-09-09 04:06:00
R001676,U0022,M0012,4,2026-09-15 18:05:00
R001677,U0032,M0049,4,2026-09-23 21:38:00
R001678,U0145,M0013,5,2026-07-11 17:20:00
R001679,U0053,M0005,5,2026-07-09 08:27:00
R001680,U0088,M0034,5,2026-07-18 14:54:00
R001681,U0116,M0024,4,2026-09-20 19:11:00
R001682,U0103,M0003,4,2026-07-03 22:54:00
R001683,U0097,M0006,5,2026-08-31 20:16:00
R001684,U0116,M0002,4,2026-08-28 18:57:00
R001685,U0172,M0052,5,2026-08-23 03:30:00
R001686,U0003,M0002,5,2026-08-09 16:15:00
R001687,U0151,M0002,5,2026-08-18 20:44:00
R001688,U0181,M0003,4,2026-07-17 15:59:00
R001689,U0148,M0097,5,2026-08-12 11:10:00
R001690,U0050,M0002,4,2026-07-29 03:44:00
R001691,U0190,M0026,4,2026-07-01 00:59:00
R001692,U0045,M0012,3,2026-07-29 07:44:00
R001693,U0167,M0044,5,2026-09-05 09:54:00
R001694,U0109,M0032,5,2026-08-17 05:28:00
R001695,U0169,M0010,4,2026-08-28 23:48:00
R001696,U0017,M0002,4,2026-07-18 03:25:00
R001697,U0036,M0006,3,2026-09-12 04:17:00
R001698,U0192,M0056,5,2026-09-08 23:28:00
R001699,U0159,M0007,4,2026-07-25 18:29:00
R001700,U0164,M0010,5,2026-07-26 15:32:00
R001701,U0176,M0071,5,2026-07-15 20:58:00
R001702,U0186,M0004,5,2026-09-26 00:52:00
R001703,U0108,M0045,5,2026-08-30 22:51:00
R001704,U0141,M0006,5,2026-08-16 23:09:00
R001705,U0107,M0083,4,2026-09-01 06:39:00
R001706,U0189,M0002,5,2026-08-10 07:28:00
R001707,U0169,M0078,5,2026-07-29 17:00:00
R001708,U0082,M0001,5,2026-09-02 02:31:00
R001709,U0184,M0054,4,2026-09-05 04:44:00
R001710,U0040,M0089,4,2026-07-19 10:28:00
R001711,U0071,M0002,5,2026-08-05 04:32:00
R001712,U0096,M0002,4,2026-08-25 00:21:00
R001713,U0009,M0029,4,2026-09-11 17:35:00
R001714,U0038,M0007,5,2026-08-11 20:09:00
R001715,U0130,M0029,3,2026-07-04 13:30:00
R001716,U0031,M0021,4,2026-07-19 10:29:00
R001717,U0107,M0051,5,2026-09-09 03:58:00
R001718,U0187,M0011,4,2026-07-22 10:45:00
R001719,U0080,M0010,5,2026-07-10 02:23:00
R001720,U0057,M0043,2,2026-07-09 23:40:00
R001721,U0140,M0006,2,2026-08-18 18:26:00
R001722,U0095,M0043,3,2026-08-14 13:35:00
R001723,U0107,M0009,5,2026-08-09 15:19:00
R001724,U0165,M0024,4,2026-09-22 03:28:00
R001725,U0051,M0040,4,2026-09-27 15:02:00
R001726,U0116,M0007,4,2026-09-06 13:20:00
R001727,U0001,M0069,3,2026-09-07 16:21:00
R001728,U0087,M0042,5,2026-09-05 03:20:00
R001729,U0086,M0092,4,2026-09-07 03:15:00
R001730,U0014,M0027,5,2026-07-19 10:39:00
R001731,U0147,M0050,3,2026-09-24 13:53:00
R001732,U0098,M0068,3,2026-09-08 00:50:00
R001733,U0011,M0100,4,2026-08-28 09:08:00
R001734,U0016,M0011,4,2026-08-28 14:33:00
R001735,U0043,M0033,5,2026-08-20 01:25:00
R001736,U0004,M0020,5,2026-07-03 07:12:00
R001737,U0152,M0005,5,2026-08-13 07:20:00
R001738,U0181,M0021,4,2026-07-06 20:19:00
R001739,U0008,M0025,5,2026-08-13 13:07:00
R001740,U0152,M0003,4,2026-09-12 09:11:00
R001741,U0056,M0008,5,2026-08-20 05:11:00
R001742,U0012,M0007,5,2026-07-07 03:56:00
R001743,U0055,M0012,4,2026-09-04 12:14:00
R001744,U0198,M0051,5,2026-09-05 12:24:00
R001745,U0190,M0010,3,2026-08-09 06:16:00
R001746,U0035,M0080,4,2026-07-14 14:57:00
R001747,U0200,M0075,3,2026-09-14 16:26:00
R001748,U0013,M0003,4,2026-09-13 18:03:00
R001749,U0041,M0087,5,2026-07-05 22:01:00
R001750,U0121,M0026,5,2026-09-20 21:00:00
R001751,U0038,M0016,5,2026-07-05 08:58:00
R001752,U0042,M0029,3,2026-07-31 05:59:00
R001753,U0154,M0018,4,2026-09-04 02:04:00
R001754,U0151,M0012,3,2026-09-07 03:15:00
R001755,U0083,M0050,5,2026-09-08 13:28:00
R001756,U0169,M0006,5,2026-07-02 10:21:00
R001757,U0101,M0032,5,2026-07-07 07:43:00
R001758,U0013,M0009,5,2026-08-09 21:18:00
R001759,U0130,M0094,5,2026-08-09 09:42:00
R001760,U0124,M0009,4,2026-08-26 01:00:00
R001761,U0196,M0001,4,2026-08-09 18:24:00
R001762,U0085,M0012,5,2026-08-30 20:02:00
R001763,U0069,M0009,4,2026-08-08 07:18:00
R001764,U0015,M0003,5,2026-08-16 07:44:00
R001765,U0137,M0010,4,2026-07-02 01:53:00
R001766,U0078,M0003,5,2026-08-04 17:13:00
R001767,U0099,M0073,5,2026-09-13 13:42:00
R001768,U0190,M0036,5,2026-08-22 04:54:00
R001769,U0119,M0073,4,2026-09-09 14:14:00
R001770,U0086,M0062,4,2026-09-24 21:12:00
R001771,U0048,M0047,4,2026-08-11 23:26:00
R001772,U0049,M0009,4,2026-09-11 14:08:00
R001773,U0185,M0011,4,2026-09-27 08:03:00
R001774,U0171,M0007,4,2026-09-25 14:35:00
R001775,U0174,M0038,5,2026-07-08 03:41:00
R001776,U0068,M0006,5,2026-07-01 09:21:00
R001777,U0113,M0001,5,2026-08-09 10:47:00
R001778,U0191,M0015,3,2026-07-03 08:01:00
R001779,U0001,M0088,5,2026-08-03 02:16:00
R001780,U0163,M0085,4,2026-08-10 23:49:00
R001781,U0082,M0063,5,2026-07-29 10:34:00
R001782,U0151,M0025,4,2026-09-09 11:48:00
R001783,U0130,M0004,5,2026-09-27 04:25:00
R001784,U0002,M0005,3,2026-08-07 02:30:00
R001785,U0190,M0003,5,2026-09-26 17:35:00
R001786,U0035,M0045,5,2026-08-14 23:04:00
R001787,U0100,M0005,3,2026-07-05 09:46:00
R001788,U0078,M0050,4,2026-07-19 12:02:00
R001789,U0066,M0006,4,2026-08-28 14:01:00
R001790,U0134,M0081,5,2026-07-20 10:54:00
R001791,U0177,M0013,4,2026-07-02 10:32:00
R001792,U0120,M0077,5,2026-08-13 03:07:00
R001793,U0177,M0091,3,2026-07-05 02:35:00
R001794,U0141,M0004,5,2026-07-12 11:58:00
R001795,U0017,M0009,5,2026-07-20 23:37:00
R001796,U0049,M0002,4,2026-07-20 05:47:00
R001797,U0045,M0048,3,2026-09-19 14:08:00
R001798,U0063,M0002,5,2026-09-07 20:33:00
R001799,U0022,M0032,4,2026-07-07 17:24:00
R001800,U0001,M0002,3,2026-07-21 16:11:00
R001801,U0089,M0008,5,2026-08-27 09:01:00
R001802,U0026,M0023,3,2026-07-07 03:30:00
R001803,U0177,M0005,4,2026-09-17 16:07:00
R001804,U0106,M0066,5,2026-07-17 19:45:00
R001805,U0018,M0033,4,2026-08-12 03:49:00
R001806,U0128,M0005,3,2026-07-20 03:54:00
R001807,U0030,M0047,4,2026-08-28 12:39:00
R001808,U0014,M0009,5,2026-07-20 15:08:00
R001809,U0166,M0094,4,2026-07-25 01:09:00
R001810,U0192,M0003,4,2026-08-07 18:51:00
R001811,U0040,M0065,4,2026-07-06 02:03:00
R001812,U0080,M0002,4,2026-08-08 13:20:00
R001813,U0052,M0093,5,2026-09-14 19:33:00
R001814,U0037,M0008,5,2026-07-05 10:16:00
R001815,U0150,M0008,4,2026-07-01 15:37:00
R001816,U0107,M0007,4,2026-08-24 21:14:00
R001817,U0019,M0046,5,2026-08-05 10:33:00
R001818,U0162,M0006,4,2026-08-21 02:14:00
R001819,U0112,M0005,4,2026-08-12 07:17:00
R001820,U0138,M0025,4,2026-08-02 09:45:00
R001821,U0152,M0011,4,2026-08-28 17:07:00
R001822,U0174,M0079,4,2026-08-11 06:13:00
R001823,U0127,M0006,4,2026-07-21 10:28:00
R001824,U0036,M0005,4,2026-07-12 05:43:00
R001825,U0016,M0053,4,2026-07-25 13:11:00
R001826,U0085,M0087,5,2026-08-19 18:10:00
R001827,U0178,M0087,5,2026-08-30 00:56:00
R001828,U0082,M0058,5,2026-08-07 16:01:00
R001829,U0199,M0021,5,2026-08-05 21:29:00
R001830,U0056,M0005,5,2026-07-01 22:33:00
R001831,U0005,M0067,5,2026-07-02 06:07:00
R001832,U0033,M0005,5,2026-07-22 15:13:00
R001833,U0082,M0010,3,2026-09-05 04:19:00
R001834,U0137,M0051,5,2026-07-29 10:45:00
R001835,U0036,M0075,5,2026-07-03 04:40:00
R001836,U0169,M0007,4,2026-08-17 20:40:00
R001837,U0166,M0009,5,2026-07-19 15:09:00
R001838,U0111,M0015,4,2026-08-29 17:33:00
R001839,U0137,M0010,5,2026-08-29 11:50:00
R001840,U0020,M0074,5,2026-08-30 05:53:00
R001841,U0148,M0007,5,2026-08-25 15:12:00
R001842,U0030,M0086,3,2026-09-11 22:08:00
R001843,U0164,M0009,5,2026-08-30 19:46:00
R001844,U0094,M0013,5,2026-07-08 04:33:00
R001845,U0042,M0006,4,2026-08-23 00:55:00
R001846,U0111,M0001,4,2026-07-04 16:22:00
R001847,U0114,M0010,4,2026-07-09 00:16:00
R001848,U0195,M0003,4,2026-07-30 20:24:00
R001849,U0183,M0049,4,2026-07-16 06:31:00
R001850,U0094,M0003,4,2026-09-10 16:33:00
R001851,U0070,M0002,4,2026-08-13 03:02:00
R001852,U0029,M0035,4,2026-08-10 07:33:00
R001853,U0145,M0008,5,2026-08-04 02:09:00
R001854,U0162,M0012,4,2026-07-30 22:18:00
R001855,U0069,M0009,5,2026-07-14 06:47:00
R001856,U0057,M0009,4,2026-08-26 11:41:00
R001857,U0185,M0001,5,2026-09-15 03:45:00
R001858,U0034,M0045,4,2026-07-04 22:46:00
R001859,U0121,M0062,5,2026-08-15 04:29:00
R001860,U0089,M0008,4,2026-09-19 18:17:00
R001861,U0006,M0003,4,2026-08-22 08:23:00
R001862,U0086,M0048,1,2026-08-23 01:00:00
R001863,U0015,M0009,4,2026-08-29 19:48:00
R001864,U0129,M0076,4,2026-08-15 05:27:00
R001865,U0010,M0032,4,2026-07-28 06:24:00
R001866,U0106,M0056,5,2026-08-26 15:25:00
R001867,U0037,M0048,3,2026-07-19 18:10:00
R001868,U0148,M0057,4,2026-08-28 14:48:00
R001869,U0179,M0021,5,2026-09-09 23:55:00
R001870,U0161,M0004,5,2026-09-16 22:07:00
R001871,U0072,M0003,5,2026-09-03 18:28:00
R001872,U0160,M0038,4,2026-07-11 10:35:00
R001873,U0012,M0076,4,2026-09-08 06:25:00
R001874,U0033,M0068,4,2026-09-13 18:35:00
R001875,U0116,M0068,5,2026-08-11 14:17:00
R001876,U0014,M0008,5,2026-07-01 08:20:00
R001877,U0111,M0008,5,2026-07-09 22:15:00
R001878,U0035,M0063,3,2026-08-03 11:46:00
R001879,U0162,M0005,3,2026-09-11 06:56:00
R001880,U0053,M0055,4,2026-07-21 07:13:00
R001881,U0096,M0058,5,2026-08-23 08:51:00
R001882,U0152,M0009,3,2026-09-09 07:47:00
R001883,U0179,M0008,4,2026-08-14 21:42:00
R001884,U0158,M0020,4,2026-07-20 05:34:00
R001885,U0129,M0084,4,2026-08-25 00:49:00
R001886,U0088,M0005,4,2026-08-18 22:35:00
R001887,U0134,M0097,4,2026-08-14 13:34:00
R001888,U0037,M0072,5,2026-09-20 23:10:00
R001889,U0043,M0010,4,2026-08-10 04:12:00
R001890,U0021,M0067,5,2026-09-02 14:26:00
R001891,U0080,M0082,4,2026-07-11 00:59:00
R001892,U0173,M0031,5,2026-07-01 20:46:00
R001893,U0022,M0004,5,2026-07-28 09:03:00
R001894,U0086,M0072,5,2026-09-02 11:43:00
R001895,U0143,M0060,5,2026-07-08 11:40:00
R001896,U0065,M0010,3,2026-09-05 13:11:00
R001897,U0022,M0047,5,2026-09-07 02:03:00
R001898,U0074,M0015,5,2026-09-05 23:41:00
R001899,U0169,M0007,4,2026-09-05 02:24:00
R001900,U0148,M0053,2,2026-07-08 20:54:00
R001901,U0172,M0012,5,2026-08-14 14:54:00
R001902,U0017,M0004,5,2026-08-08 19:44:00
R001903,U0035,M0093,5,2026-08-18 06:34:00
R001904,U0009,M0033,4,2026-09-01 10:31:00
R001905,U0197,M0073,5,2026-09-17 00:09:00
R001906,U0052,M0048,4,2026-08-26 19:30:00
R001907,U0017,M0003,5,2026-09-25 02:26:00
R001908,U0133,M0053,4,2026-08-12 16:27:00
R001909,U0176,M0009,4,2026-08-24 14:03:00
R001910,U0065,M0006,5,2026-08-11 09:34:00
R001911,U0121,M0005,5,2026-07-17 12:57:00
R001912,U0003,M0080,4,2026-08-22 15:24:00
R001913,U0128,M0006,5,2026-09-26 23:30:00
R001914,U0196,M0083,5,2026-08-15 15:21:00
R001915,U0076,M0040,3,2026-09-10 12:45:00
R001916,U0189,M0012,3,2026-09-11 22:23:00
R001917,U0073,M0080,5,2026-09-17 13:45:00
R001918,U0161,M0002,4,2026-07-14 17:46:00
R001919,U0075,M0094,3,2026-07-11 20:27:00
R001920,U0021,M0008,5,2026-08-06 05:58:00
R001921,U0168,M0009,4,2026-07-27 22:10:00
R001922,U0120,M0062,5,2026-07-13 00:04:00
R001923,U0056,M0010,5,2026-09-28 01:51:00
R001924,U0001,M0012,2,2026-07-16 20:36:00
R001925,U0075,M0012,5,2026-08-11 08:26:00
R001926,U0093,M0012,3,2026-08-16 11:11:00
R001927,U0095,M0086,5,2026-09-02 12:01:00
R001928,U0190,M0068,4,2026-07-03 09:38:00
R001929,U0160,M0008,5,2026-09-02 06:24:00
R001930,U0126,M0051,4,2026-09-19 20:50:00
R001931,U0025,M0036,3,2026-08-19 04:18:00
R001932,U0156,M0060,5,2026-08-13 04:16:00
R001933,U0063,M0095,4,2026-08-18 21:16:00
R001934,U0081,M0028,5,2026-07-11 02:06:00
R001935,U0172,M0100,5,2026-09-20 08:19:00
R001936,U0110,M0003,4,2026-07-17 18:21:00
R001937,U0137,M0047,4,2026-09-11 10:32:00
R001938,U0083,M0008,5,2026-09-04 08:14:00
R001939,U0115,M0011,5,2026-07-31 09:43:00
R001940,U0196,M0003,4,2026-08-19 14:42:00
R001941,U0156,M0004,4,2026-09-10 10:39:00
R001942,U0046,M0094,5,2026-08-29 10:47:00
R001943,U0193,M0019,4,2026-08-02 14:17:00
R001944,U0097,M0065,4,2026-08-26 23:20:00
R001945,U0034,M0008,5,2026-08-15 02:58:00
R001946,U0200,M0004,4,2026-07-29 06:41:00
R001947,U0040,M0098,4,2026-09-25 16:02:00
R001948,U0067,M0007,4,2026-08-29 03:26:00
R001949,U0110,M0089,5,2026-09-25 10:28:00
R001950,U0181,M0014,5,2026-08-05 19:33:00
R001951,U0197,M0049,3,2026-08-29 08:58:00
R001952,U0118,M0004,5,2026-09-24 12:28:00
R001953,U0116,M0045,5,2026-09-17 00:39:00
R001954,U0108,M0068,4,2026-09-08 23:16:00
R001955,U0034,M0045,5,2026-09-05 20:50:00
R001956,U0017,M0005,5,2026-08-02 05:06:00
R001957,U0057,M0043,5,2026-09-26 15:31:00
R001958,U0115,M0012,5,2026-08-02 01:54:00
R001959,U0007,M0056,3,2026-09-13 02:17:00
R001960,U0086,M0009,3,2026-09-08 01:30:00
R001961,U0080,M0037,4,2026-07-23 02:07:00
R001962,U0080,M0069,4,2026-08-26 23:30:00
R001963,U0144,M0007,4,2026-09-04 21:56:00
R001964,U0193,M0094,4,2026-09-22 08:49:00
R001965,U0067,M0008,5,2026-08-02 19:06:00
R001966,U0120,M0005,4,2026-09-26 15:56:00
R001967,U0162,M0001,5,2026-07-04 23:54:00
R001968,U0084,M0008,4,2026-08-14 08:58:00
R001969,U0066,M0090,5,2026-07-24 16:00:00
R001970,U0097,M0011,4,2026-07-30 08:20:00
R001971,U0144,M0092,4,2026-08-28 14:39:00
R001972,U0167,M0020,5,2026-07-16 16:56:00
R001973,U0101,M0023,3,2026-09-14 16:23:00
R001974,U0034,M0085,4,2026-09-25 11:54:00
R001975,U0150,M0096,4,2026-09-25 16:56:00
R001976,U0091,M0008,4,2026-07-18 19:17:00
R001977,U0087,M0056,5,2026-09-12 07:23:00
R001978,U0162,M0037,4,2026-07-23 15:22:00
R001979,U0024,M0023,5,2026-08-04 14:53:00
R001980,U0184,M0078,3,2026-09-23 00:13:00
R001981,U0134,M0003,4,2026-09-09 15:03:00
R001982,U0079,M0076,5,2026-09-16 04:58:00
R001983,U0185,M0008,5,2026-09-25 07:01:00
R001984,U0044,M0012,4,2026-07-22 17:12:00
R001985,U0007,M0007,5,2026-09-15 12:07:00
R001986,U0116,M0035,5,2026-08-22 21:08:00
R001987,U0118,M0012,4,2026-08-03 23:05:00
R001988,U0119,M0011,4,2026-08-17 07:13:00
R001989,U0074,M0012,4,2026-07-03 19:22:00
R001990,U0195,M0095,4,2026-09-03 11:46:00
R001991,U0137,M0045,5,2026-07-25 14:01:00
R001992,U0159,M0004,5,2026-08-24 11:51:00
R001993,U0038,M0084,4,2026-09-21 02:57:00
R001994,U0053,M0007,3,2026-07-08 10:34:00
R001995,U0152,M0062,4,2026-09-04 17:37:00
R001996,U0116,M0011,4,2026-09-07 20:13:00
R001997,U0065,M0078,5,2026-09-24 00:42:00
R001998,U0074,M0008,4,2026-09-24 08:14:00
R001999,U0132,M0022,4,2026-07-06 23:20:00
R002000,U0070,M0005,4,2026-09-14 06:57:00
R002001,U0185,M0098,3,2026-08-07 23:12:00
R002002,U0014,M0032,3,2026-07-14 12:40:00
R002003,U0105,M0084,5,2026-08-19 02:30:00
R002004,U0108,M0004,4,2026-07-29 17:53:00
R002005,U0092,M0006,5,2026-09-25 09:58:00
R002006,U0043,M0042,5,2026-08-01 19:00:00
R002007,U0068,M0006,4,2026-07-22 07:13:00
R002008,U0155,M0085,4,2026-07-21 02:53:00
R002009,U0106,M0010,5,2026-09-18 12:25:00
R002010,U0199,M0100,5,2026-07-30 18:59:00
R002011,U0197,M0005,5,2026-07-18 22:49:00
R002012,U0194,M0057,4,2026-07-15 18:49:00
R002013,U0126,M0031,4,2026-07-14 16:56:00
R002014,U0195,M0039,4,2026-08-18 13:34:00
R002015,U0121,M0039,4,2026-07-27 03:09:00
R002016,U0153,M0014,4,2026-08-20 07:43:00
R002017,U0192,M0061,3,2026-09-24 03:37:00
R002018,U0013,M0074,4,2026-08-18 07:48:00
R002019,U0097,M0068,5,2026-09-03 10:02:00
R002020,U0101,M0011,5,2026-08-20 00:07:00
R002021,U0189,M0038,3,2026-08-22 00:03:00
R002022,U0033,M0007,4,2026-07-20 01:05:00
R002023,U0095,M0005,4,2026-07-17 05:25:00
R002024,U0055,M0088,5,2026-09-20 09:20:00
R002025,U0095,M0094,4,2026-09-06 15:01:00
R002026,U0135,M0055,4,2026-07-28 04:47:00
R002027,U0073,M0070,5,2026-09-04 21:01:00
R002028,U0051,M0001,3,2026-07-11 14:17:00
R002029,U0149,M0009,4,2026-07-11 05:44:00
R002030,U0175,M0022,5,2026-09-02 09:15:00
R002031,U0079,M0026,4,2026-09-20 08:36:00
R002032,U0077,M0017,5,2026-07-23 01:44:00
R002033,U0011,M0011,5,2026-08-16 02:08:00
R002034,U0151,M0088,5,2026-08-28 20:29:00
R002035,U0060,M0088,5,2026-07-14 17:10:00
R002036,U0010,M0005,4,2026-07-17 03:22:00
R002037,U0170,M0012,5,2026-09-05 09:56:00
R002038,U0069,M0077,3,2026-08-20 03:17:00
R002039,U0137,M0057,4,2026-08-19 20:32:00
R002040,U0161,M0012,4,2026-09-22 21:59:00
R002041,U0146,M0012,4,2026-09-18 12:37:00
R002042,U0062,M0056,3,2026-08-20 20:02:00
R002043,U0175,M0011,5,2026-09-20 14:29:00
R002044,U0027,M0026,5,2026-07-03 22:02:00
R002045,U0025,M0004,4,2026-09-13 22:33:00
R002046,U0064,M0011,4,2026-09-15 10:30:00
R002047,U0019,M0004,3,2026-07-16 11:36:00
R002048,U0189,M0002,4,2026-08-10 07:04:00
R002049,U0001,M0011,4,2026-07-11 06:01:00
R002050,U0181,M0053,5,2026-08-10 18:01:00
R002051,U0132,M0008,4,2026-07-12 13:13:00
R002052,U0003,M0030,5,2026-07-19 23:55:00
R002053,U0009,M0007,3,2026-09-09 22:41:00
R002054,U0147,M0003,4,2026-08-25 12:38:00
R002055,U0068,M0094,4,2026-09-20 03:32:00
R002056,U0133,M0036,5,2026-08-13 06:06:00
R002057,U0142,M0054,4,2026-09-20 02:38:00
R002058,U0100,M0004,4,2026-07-30 02:16:00
R002059,U0021,M0050,5,2026-08-25 12:06:00
R002060,U0022,M0009,5,2026-09-11 01:43:00
R002061,U0200,M0096,4,2026-09-16 20:17:00
R002062,U0099,M0017,5,2026-07-17 06:56:00
R002063,U0182,M0085,4,2026-07-13 21:05:00
R002064,U0147,M0014,4,2026-08-15 10:23:00
R002065,U0176,M0071,5,2026-07-29 12:45:00
R002066,U0088,M0033,5,2026-07-20 12:57:00
R002067,U0022,M0056,4,2026-08-18 22:02:00
R002068,U0071,M0001,4,2026-08-27 10:36:00
R002069,U0153,M0004,3,2026-07-27 00:13:00
R002070,U0009,M0048,5,2026-08-13 09:55:00
R002071,U0146,M0012,5,2026-07-05 15:14:00
R002072,U0062,M0012,5,2026-07-28 13:36:00
R002073,U0132,M0009,4,2026-08-24 06:59:00
R002074,U0096,M0086,5,2026-08-08 16:47:00
R002075,U0034,M0001,3,2026-09-02 05:05:00
R002076,U0074,M0011,5,2026-09-05 07:46:00
R002077,U0035,M0096,5,2026-08-25 08:52:00
R002078,U0001,M0048,4,2026-08-28 19:29:00
R002079,U0186,M0047,4,2026-09-15 19:05:00
R002080,U0050,M0070,3,2026-07-31 06:43:00
R002081,U0180,M0063,4,2026-09-17 23:45:00
R002082,U0037,M0004,4,2026-09-14 13:27:00
R002083,U0192,M0096,4,2026-07-12 00:02:00
R002084,U0126,M0056,3,2026-07-03 02:18:00
R002085,U0034,M0069,4,2026-07-22 00:18:00
R002086,U0171,M0005,3,2026-09-22 23:44:00
R002087,U0053,M0039,4,2026-08-02 15:33:00
R002088,U0060,M0003,4,2026-09-17 21:00:00
R002089,U0200,M0024,3,2026-08-02 08:37:00
R002090,U0127,M0002,4,2026-09-22 01:51:00
R002091,U0199,M0053,4,2026-08-30 19:46:00
R002092,U0102,M0009,4,2026-08-02 16:11:00
R002093,U0077,M0037,5,2026-09-25 14:34:00
R002094,U0025,M0083,5,2026-07-29 04:05:00
R002095,U0096,M0013,5,2026-08-16 11:54:00
R002096,U0071,M0023,5,2026-07-07 06:27:00
R002097,U0045,M0002,5,2026-07-19 20:43:00
R002098,U0144,M0006,5,2026-09-08 01:14:00
R002099,U0041,M0063,5,2026-09-10 02:58:00
R002100,U0008,M0023,4,2026-09-06 03:44:00
R002101,U0104,M0003,4,2026-08-14 20:59:00
R002102,U0016,M0090,5,2026-07-14 17:42:00
R002103,U0157,M0023,5,2026-09-26 04:49:00
R002104,U0001,M0002,5,2026-09-18 05:43:00
R002105,U0075,M0094,5,2026-08-22 10:01:00
R002106,U0041,M0010,5,2026-09-25 02:52:00
R002107,U0028,M0021,5,2026-07-23 03:08:00
R002108,U0188,M0038,4,2026-09-02 12:36:00
R002109,U0080,M0004,5,2026-09-05 10:37:00
R002110,U0186,M0037,5,2026-08-29 05:46:00
R002111,U0119,M0044,3,2026-07-03 08:11:00
R002112,U0154,M0031,3,2026-07-10 19:29:00
R002113,U0161,M0010,5,2026-09-26 17:32:00
R002114,U0118,M0024,4,2026-09-12 10:00:00
R002115,U0056,M0099,4,2026-09-06 02:14:00
R002116,U0198,M0025,5,2026-08-27 01:33:00
R002117,U0157,M0007,5,2026-08-08 23:24:00
R002118,U0200,M0032,3,2026-08-18 21:13:00
R002119,U0113,M0073,3,2026-07-15 18:05:00
R002120,U0113,M0061,3,2026-09-07 02:36:00
R002121,U0189,M0012,4,2026-08-11 04:45:00
R002122,U0063,M0003,4,2026-07-02 04:04:00
R002123,U0167,M0063,3,2026-09-24 15:32:00
R002124,U0152,M0017,5,2026-07-21 21:05:00
R002125,U0043,M0010,4,2026-08-02 13:59:00
R002126,U0136,M0077,4,2026-07-21 21:55:00
R002127,U0042,M0098,3,2026-07-31 04:43:00
R002128,U0147,M0003,5,2026-09-28 03:15:00
R002129,U0115,M0029,3,2026-07-18 23:53:00
R002130,U0148,M0091,5,2026-09-03 06:01:00
R002131,U0199,M0006,4,2026-08-19 12:10:00
R002132,U0114,M0005,5,2026-07-12 22:46:00
R002133,U0159,M0044,5,2026-07-06 18:34:00
R002134,U0197,M0004,4,2026-09-18 03:37:00
R002135,U0129,M0012,2,2026-07-03 03:44:00
R002136,U0111,M0005,5,2026-07-03 03:53:00
R002137,U0008,M0007,5,2026-07-17 13:07:00
R002138,U0090,M0089,5,2026-08-22 00:22:00
R002139,U0190,M0011,5,2026-07-31 03:41:00
R002140,U0069,M0050,5,2026-08-24 11:12:00
R002141,U0191,M0098,2,2026-07-12 12:07:00
R002142,U0044,M0040,4,2026-07-26 22:46:00
R002143,U0085,M0010,4,2026-09-19 21:39:00
R002144,U0066,M0052,4,2026-07-03 13:10:00
R002145,U0045,M0060,5,2026-09-16 13:45:00
R002146,U0114,M0088,5,2026-07-26 01:53:00
R002147,U0017,M0005,3,2026-07-26 00:46:00
R002148,U0167,M0012,5,2026-09-26 13:05:00
R002149,U0034,M0045,5,2026-08-02 20:37:00
R002150,U0147,M0010,4,2026-09-12 06:21:00
R002151,U0039,M0091,4,2026-07-17 11:29:00
R002152,U0145,M0100,4,2026-08-07 17:05:00
R002153,U0085,M0001,4,2026-09-05 13:52:00
R002154,U0032,M0003,4,2026-09-17 14:17:00
R002155,U0183,M0001,5,2026-09-03 11:38:00
R002156,U0110,M0093,4,2026-08-13 02:07:00
R002157,U0085,M0011,5,2026-07-31 17:49:00
R002158,U0063,M0005,3,2026-07-23 12:35:00
R002159,U0052,M0055,5,2026-08-14 04:18:00
R002160,U0066,M0075,4,2026-08-09 19:50:00
R002161,U0003,M0072,5,2026-07-18 23:28:00
R002162,U0059,M0012,5,2026-08-06 02:09:00
R002163,U0084,M0011,5,2026-09-14 00:44:00
R002164,U0054,M0009,4,2026-08-01 02:29:00
R002165,U0024,M0021,4,2026-07-06 18:05:00
R002166,U0107,M0006,5,2026-07-09 08:51:00
R002167,U0111,M0010,4,2026-08-20 16:45:00
R002168,U0009,M0001,4,2026-09-16 13:33:00
R002169,U0047,M0059,5,2026-08-03 05:18:00
R002170,U0043,M0012,4,2026-09-10 10:31:00
R002171,U0196,M0067,3,2026-09-21 15:46:00
R002172,U0149,M0002,4,2026-07-30 18:47:00
R002173,U0196,M0001,5,2026-08-18 23:33:00
R002174,U0014,M0007,4,2026-08-26 16:18:00
R002175,U0112,M0077,5,2026-08-11 20:20:00
R002176,U0168,M0007,5,2026-09-12 03:22:00
R002177,U0190,M0007,5,2026-08-30 17:41:00
R002178,U0134,M0088,3,2026-08-26 00:18:00
R002179,U0033,M0003,5,2026-08-28 11:12:00
R002180,U0153,M0007,5,2026-09-07 02:23:00
R002181,U0034,M0032,5,2026-09-18 12:10:00
R002182,U0104,M0005,5,2026-08-08 17:39:00
R002183,U0018,M0095,4,2026-07-03 16:29:00
R002184,U0091,M0010,4,2026-09-07 10:18:00
R002185,U0081,M0001,4,2026-09-27 21:18:00
R002186,U0147,M0058,4,2026-07-05 02:48:00
R002187,U0160,M0042,3,2026-09-24 01:04:00
R002188,U0164,M0011,3,2026-09-03 11:22:00
R002189,U0064,M0003,5,2026-08-07 14:07:00
R002190,U0161,M0054,4,2026-08-01 15:51:00
R002191,U0025,M0008,5,2026-09-09 18:07:00
R002192,U0088,M0051,4,2026-09-18 14:33:00
R002193,U0017,M0021,3,2026-08-17 10:23:00
R002194,U0112,M0047,4,2026-08-24 00:34:00
R002195,U0026,M0019,4,2026-07-15 20:53:00
R002196,U0132,M0045,5,2026-08-25 22:02:00
R002197,U0144,M0075,5,2026-07-13 11:52:00
R002198,U0098,M0028,4,2026-08-11 07:48:00
R002199,U0143,M0010,3,2026-08-05 06:00:00
R002200,U0007,M0046,5,2026-09-23 09:42:00
R002201,U0168,M0001,5,2026-07-14 12:23:00
R002202,U0016,M0006,5,2026-08-24 18:14:00
R002203,U0013,M0041,4,2026-08-01 22:41:00
R002204,U0046,M0007,5,2026-09-17 20:06:00
R002205,U0184,M0011,5,2026-07-26 16:41:00
R002206,U0007,M0003,5,2026-07-15 07:19:00
R002207,U0042,M0012,5,2026-08-02 04:45:00
R002208,U0197,M0029,5,2026-09-08 14:29:00
R002209,U0198,M0006,4,2026-08-11 15:10:00
R002210,U0192,M0002,5,2026-08-21 03:47:00
R002211,U0005,M0012,5,2026-08-12 23:43:00
R002212,U0015,M0010,4,2026-08-18 04:33:00
R002213,U0044,M0021,3,2026-08-09 06:08:00
R002214,U0178,M0020,5,2026-07-25 20:28:00
R002215,U0047,M0008,5,2026-07-02 09:53:00
R002216,U0126,M0074,4,2026-08-19 08:58:00
R002217,U0174,M0006,5,2026-07-12 15:28:00
R002218,U0097,M0008,5,2026-07-24 20:19:00
R002219,U0014,M0008,5,2026-08-09 04:01:00
R002220,U0015,M0005,3,2026-08-17 04:44:00
R002221,U0122,M0042,5,2026-09-03 11:10:00
R002222,U0030,M0005,5,2026-07-11 17:45:00
R002223,U0189,M0008,5,2026-08-19 16:07:00
R002224,U0052,M0079,4,2026-07-29 17:25:00
R002225,U0151,M0089,4,2026-09-10 13:24:00
R002226,U0185,M0050,4,2026-08-20 22:47:00
R002227,U0022,M0007,4,2026-08-02 20:17:00
R002228,U0100,M0006,5,2026-07-13 03:07:00
R002229,U0190,M0005,4,2026-08-04 12:38:00
R002230,U0097,M0035,3,2026-07-10 03:39:00
R002231,U0125,M0009,5,2026-07-27 11:14:00
R002232,U0082,M0001,5,2026-09-11 11:01:00
R002233,U0061,M0008,4,2026-08-03 08:23:00
R002234,U0109,M0096,5,2026-07-06 17:28:00
R002235,U0084,M0023,3,2026-09-08 18:06:00
R002236,U0158,M0058,5,2026-07-23 01:39:00
R002237,U0058,M0005,3,2026-08-20 14:34:00
R002238,U0029,M0004,5,2026-09-23 09:29:00
R002239,U0133,M0003,4,2026-08-04 17:15:00
R002240,U0036,M0013,5,2026-07-03 11:07:00
R002241,U0066,M0003,4,2026-07-26 08:16:00
R002242,U0157,M0003,3,2026-07-06 02:41:00
R002243,U0067,M0008,4,2026-09-20 11:51:00
R002244,U0062,M0056,5,2026-07-28 08:58:00
R002245,U0043,M0006,3,2026-07-19 03:02:00
R002246,U0141,M0032,4,2026-07-16 18:30:00
R002247,U0129,M0004,5,2026-08-10 15:56:00
R002248,U0179,M0011,5,2026-07-29 17:33:00
R002249,U0101,M0001,4,2026-07-10 05:18:00
R002250,U0084,M0053,4,2026-07-26 08:36:00
R002251,U0066,M0018,3,2026-08-03 12:04:00
R002252,U0073,M0024,5,2026-08-19 07:04:00
R002253,U0171,M0007,4,2026-07-19 01:26:00
R002254,U0019,M0008,3,2026-08-22 09:15:00
R002255,U0096,M0059,3,2026-07-22 10:17:00
R002256,U0028,M0001,5,2026-07-05 21:31:00
R002257,U0071,M0001,5,2026-08-12 02:27:00
R002258,U0076,M0039,5,2026-07-30 03:44:00
R002259,U0038,M0003,4,2026-09-16 22:32:00
R002260,U0187,M0072,4,2026-09-22 16:43:00
R002261,U0044,M0004,5,2026-07-31 01:32:00
R002262,U0112,M0011,3,2026-09-04 20:39:00
R002263,U0128,M0010,4,2026-09-04 12:47:00
R002264,U0101,M0001,5,2026-09-25 00:57:00
R002265,U0067,M0005,5,2026-09-01 08:47:00
R002266,U0115,M0004,3,2026-07-02 21:27:00
R002267,U0065,M0084,5,2026-08-04 06:59:00
R002268,U0181,M0002,5,2026-07-03 01:26:00
R002269,U0012,M0056,4,2026-09-19 15:36:00
R002270,U0085,M0074,3,2026-08-29 17:25:00
R002271,U0048,M0012,3,2026-07-28 21:04:00
R002272,U0199,M0045,5,2026-08-25 21:58:00
R002273,U0073,M0051,5,2026-07-17 15:56:00
R002274,U0069,M0003,4,2026-09-24 01:44:00
R002275,U0031,M0029,5,2026-08-15 06:33:00
R002276,U0164,M0010,4,2026-09-08 04:54:00
R002277,U0002,M0002,4,2026-09-18 16:28:00
R002278,U0159,M0009,5,2026-07-27 09:59:00
R002279,U0190,M0005,5,2026-08-19 20:26:00
R002280,U0037,M0064,3,2026-09-24 18:42:00
R002281,U0152,M0096,4,2026-08-02 20:28:00
R002282,U0019,M0011,4,2026-08-04 10:57:00
R002283,U0064,M0099,4,2026-07-28 17:26:00
R002284,U0090,M0007,4,2026-07-29 15:02:00
R002285,U0166,M0002,4,2026-07-09 20:06:00
R002286,U0106,M0018,4,2026-07-18 23:37:00
R002287,U0171,M0007,5,2026-09-02 16:41:00
R002288,U0198,M0004,4,2026-08-26 08:23:00
R002289,U0144,M0080,3,2026-07-09 04:18:00
R002290,U0091,M0086,5,2026-08-25 04:19:00
R002291,U0006,M0100,5,2026-09-03 13:14:00
R002292,U0009,M0050,4,2026-08-26 07:00:00
R002293,U0101,M0007,3,2026-09-28 19:50:00
R002294,U0126,M0054,4,2026-08-12 04:40:00
R002295,U0056,M0090,4,2026-07-16 22:19:00
R002296,U0178,M0069,5,2026-08-12 17:08:00
R002297,U0135,M0075,4,2026-07-07 02:42:00
R002298,U0076,M0051,4,2026-07-12 14:39:00
R002299,U0107,M0070,5,2026-08-14 13:24:00
R002300,U0018,M0009,4,2026-08-03 23:25:00
R002301,U0001,M0005,4,2026-09-06 19:45:00
R002302,U0175,M0090,5,2026-07-05 04:21:00
R002303,U0194,M0032,5,2026-08-06 05:22:00
R002304,U0001,M0010,5,2026-09-22 13:10:00
R002305,U0177,M0004,4,2026-07-16 05:51:00
R002306,U0026,M0006,4,2026-09-05 03:38:00
R002307,U0161,M0095,4,2026-08-01 15:53:00
R002308,U0108,M0070,4,2026-08-25 19:56:00
R002309,U0005,M0003,4,2026-07-18 21:47:00
R002310,U0010,M0002,4,2026-09-19 23:18:00
R002311,U0076,M0004,4,2026-07-14 02:52:00
R002312,U0148,M0033,4,2026-09-20 04:28:00
R002313,U0115,M0010,4,2026-07-26 19:43:00
R002314,U0107,M0083,4,2026-08-23 04:47:00
R002315,U0032,M0049,5,2026-07-06 14:43:00
R002316,U0055,M0007,4,2026-08-21 15:39:00
R002317,U0018,M0004,4,2026-08-27 20:47:00
R002318,U0030,M0054,5,2026-07-16 15:09:00
R002319,U0056,M0033,4,2026-07-12 14:15:00
R002320,U0167,M0095,5,2026-07-15 11:17:00
R002321,U0160,M0071,4,2026-08-01 01:39:00
R002322,U0175,M0007,5,2026-07-05 10:11:00
R002323,U0088,M0047,5,2026-09-13 02:12:00
R002324,U0096,M0042,5,2026-08-31 23:26:00
R002325,U0122,M0005,4,2026-09-22 13:01:00
R002326,U0092,M0007,3,2026-08-30 16:22:00
R002327,U0068,M0016,5,2026-09-28 22:50:00
R002328,U0047,M0036,4,2026-09-03 06:38:00
R002329,U0018,M0079,4,2026-08-22 14:19:00
R002330,U0046,M0003,5,2026-09-05 22:06:00
R002331,U0168,M0005,4,2026-07-12 22:35:00
R002332,U0168,M0028,4,2026-08-08 17:58:00
R002333,U0158,M0002,5,2026-09-17 06:37:00
R002334,U0077,M0011,4,2026-07-03 02:35:00
R002335,U0008,M0063,4,2026-08-19 10:17:00
R002336,U0112,M0001,5,2026-07-09 01:14:00
R002337,U0104,M0004,4,2026-07-03 08:33:00
R002338,U0176,M0007,5,2026-07-13 02:27:00
R002339,U0014,M0051,5,2026-08-13 13:43:00
R002340,U0091,M0068,3,2026-09-12 21:12:00
R002341,U0003,M0011,5,2026-07-29 18:09:00
R002342,U0164,M0041,5,2026-07-08 06:36:00
R002343,U0029,M0028,3,2026-09-11 19:12:00
R002344,U0002,M0004,4,2026-08-07 15:23:00
R002345,U0149,M0061,4,2026-07-07 10:36:00
R002346,U0090,M0017,5,2026-08-30 04:30:00
R002347,U0143,M0004,5,2026-07-12 10:02:00
R002348,U0120,M0061,4,2026-08-06 15:40:00
R002349,U0151,M0057,4,2026-09-28 19:59:00
R002350,U0041,M0006,4,2026-08-07 19:56:00
R002351,U0184,M0010,5,2026-08-13 02:56:00
R002352,U0108,M0065,5,2026-09-20 03:42:00
R002353,U0104,M0100,4,2026-09-01 19:57:00
R002354,U0149,M0094,5,2026-09-02 22:15:00
R002355,U0160,M0043,3,2026-09-28 13:24:00
R002356,U0068,M0003,5,2026-07-04 05:15:00
R002357,U0027,M0007,5,2026-08-09 16:50:00
R002358,U0110,M0001,5,2026-08-23 16:10:00
R002359,U0043,M0083,4,2026-09-03 17:57:00
R002360,U0032,M0099,5,2026-08-13 00:06:00
R002361,U0166,M0008,4,2026-08-25 22:24:00
R002362,U0095,M0070,5,2026-09-12 07:36:00
R002363,U0101,M0003,4,2026-08-23 02:59:00
R002364,U0130,M0031,4,2026-09-16 12:00:00
R002365,U0112,M0021,4,2026-08-13 00:18:00
R002366,U0016,M0063,5,2026-09-08 10:33:00
R002367,U0027,M0096,5,2026-08-03 10:57:00
R002368,U0053,M0098,4,2026-08-26 03:17:00
R002369,U0169,M0056,5,2026-09-06 15:30:00
R002370,U0195,M0046,3,2026-07-28 18:57:00
R002371,U0181,M0031,5,2026-08-16 04:16:00
R002372,U0034,M0003,4,2026-09-04 06:10:00
R002373,U0138,M0081,4,2026-09-16 03:35:00
R002374,U0019,M0080,5,2026-07-04 07:22:00
R002375,U0020,M0040,4,2026-08-24 14:44:00
R002376,U0173,M0039,5,2026-09-02 16:55:00
R002377,U0134,M0001,4,2026-07-25 23:31:00
R002378,U0096,M0004,4,2026-09-08 13:23:00
R002379,U0198,M0017,4,2026-08-18 00:27:00
R002380,U0072,M0073,5,2026-07-20 20:58:00
R002381,U0149,M0013,3,2026-07-05 02:56:00
R002382,U0047,M0100,3,2026-07-03 09:17:00
R002383,U0034,M0011,4,2026-08-17 07:18:00
R002384,U0196,M0006,5,2026-08-16 02:52:00
R002385,U0061,M0009,3,2026-09-02 22:01:00
R002386,U0187,M0005,5,2026-07-28 05:23:00
R002387,U0045,M0001,3,2026-09-23 11:08:00
R002388,U0046,M0015,5,2026-08-24 16:45:00
R002389,U0060,M0064,5,2026-08-18 02:06:00
R002390,U0136,M0069,4,2026-09-05 20:06:00
R002391,U0042,M0012,5,2026-07-07 17:01:00
R002392,U0041,M0066,4,2026-08-28 20:44:00
R002393,U0086,M0008,5,2026-09-08 01:54:00
R002394,U0096,M0077,5,2026-08-03 15:49:00
R002395,U0063,M0011,4,2026-07-21 12:14:00
R002396,U0184,M0010,4,2026-08-25 07:12:00
R002397,U0153,M0095,2,2026-07-16 18:35:00
R002398,U0136,M0073,3,2026-08-15 16:12:00
R002399,U0009,M0012,4,2026-09-02 15:55:00
R002400,U0035,M0072,4,2026-07-06 10:08:00
R002401,U0065,M0001,4,2026-07-10 08:45:00
R002402,U0153,M0089,4,2026-07-04 09:38:00
R002403,U0197,M0041,4,2026-07-18 03:36:00
R002404,U0196,M0002,5,2026-09-03 02:18:00
R002405,U0112,M0005,4,2026-07-09 03:03:00
R002406,U0041,M0023,4,2026-07-07 23:43:00
R002407,U0112,M0090,5,2026-08-13 18:10:00
R002408,U0005,M0009,5,2026-07-29 02:43:00
R002409,U0060,M0052,4,2026-09-07 15:58:00
R002410,U0005,M0005,3,2026-08-04 19:18:00
R002411,U0076,M0064,4,2026-08-11 07:28:00
R002412,U0004,M0076,3,2026-09-20 03:38:00
R002413,U0122,M0077,5,2026-08-23 09:11:00
R002414,U0023,M0096,3,2026-09-06 18:24:00
R002415,U0098,M0029,2,2026-09-05 06:35:00
R002416,U0068,M0016,4,2026-08-05 03:55:00
R002417,U0111,M0009,4,2026-07-24 22:39:00
R002418,U0099,M0009,5,2026-07-22 18:59:00
R002419,U0025,M0006,5,2026-08-12 22:46:00
R002420,U0147,M0090,5,2026-08-30 00:47:00
R002421,U0079,M0007,5,2026-07-04 14:01:00
R002422,U0148,M0008,4,2026-08-06 10:28:00
R002423,U0008,M0072,5,2026-09-04 18:43:00
R002424,U0173,M0005,4,2026-09-05 23:12:00
R002425,U0093,M0005,5,2026-07-12 11:33:00
R002426,U0048,M0013,4,2026-08-17 18:00:00
R002427,U0064,M0009,3,2026-08-11 14:28:00
R002428,U0167,M0048,4,2026-08-28 03:08:00
R002429,U0060,M0082,5,2026-07-31 23:35:00
R002430,U0096,M0045,5,2026-08-12 04:05:00
R002431,U0014,M0015,4,2026-07-15 07:52:00
R002432,U0013,M0004,4,2026-08-23 13:37:00
R002433,U0044,M0001,4,2026-08-20 08:56:00
R002434,U0045,M0100,4,2026-08-03 09:50:00
R002435,U0053,M0004,4,2026-08-02 03:31:00
R002436,U0037,M0013,5,2026-09-08 08:51:00
R002437,U0079,M0086,3,2026-07-12 14:11:00
R002438,U0028,M0019,4,2026-09-03 16:19:00
R002439,U0036,M0003,5,2026-09-25 22:53:00
R002440,U0146,M0083,5,2026-08-01 00:17:00
R002441,U0033,M0005,5,2026-09-09 06:40:00
R002442,U0042,M0040,5,2026-07-20 19:57:00
R002443,U0028,M0065,5,2026-08-09 15:44:00
R002444,U0199,M0036,5,2026-09-19 21:19:00
R002445,U0091,M0002,5,2026-08-20 01:40:00
R002446,U0170,M0001,5,2026-09-02 04:43:00
R002447,U0139,M0069,5,2026-09-11 16:22:00
R002448,U0003,M0089,2,2026-07-26 15:42:00
R002449,U0111,M0011,4,2026-07-31 16:52:00
R002450,U0081,M0044,4,2026-09-11 02:52:00
R002451,U0073,M0004,4,2026-09-03 13:28:00
R002452,U0038,M0048,4,2026-08-24 12:16:00
R002453,U0166,M0006,5,2026-08-09 21:09:00
R002454,U0181,M0022,5,2026-08-23 01:30:00
R002455,U0158,M0004,5,2026-09-08 18:22:00
R002456,U0074,M0023,4,2026-08-20 21:29:00
R002457,U0137,M0010,5,2026-07-08 07:45:00
R002458,U0188,M0055,3,2026-07-20 12:28:00
R002459,U0097,M0098,5,2026-07-13 02:27:00
R002460,U0025,M0006,5,2026-09-17 15:58:00
R002461,U0025,M0012,5,2026-07-18 16:25:00
R002462,U0024,M0051,4,2026-08-04 05:48:00
R002463,U0150,M0056,5,2026-07-24 14:42:00
R002464,U0183,M0007,5,2026-08-21 07:17:00
R002465,U0119,M0086,5,2026-08-11 15:30:00
R002466,U0191,M0012,4,2026-07-10 09:47:00
R002467,U0018,M0079,4,2026-07-08 22:35:00
R002468,U0114,M0009,4,2026-09-11 11:22:00
R002469,U0022,M0016,3,2026-08-24 15:28:00
R002470,U0033,M0096,5,2026-08-25 22:14:00
R002471,U0018,M0001,3,2026-09-21 03:46:00
R002472,U0185,M0005,4,2026-07-23 20:41:00
R002473,U0005,M0019,4,2026-09-02 16:44:00
R002474,U0076,M0065,4,2026-09-26 19:10:00
R002475,U0177,M0059,5,2026-07-08 01:24:00
R002476,U0007,M0065,4,2026-08-21 10:32:00
R002477,U0064,M0012,4,2026-09-24 01:16:00
R002478,U0139,M0056,4,2026-07-01 07:13:00
R002479,U0056,M0007,5,2026-08-10 08:45:00
R002480,U0044,M0068,4,2026-07-25 09:33:00
R002481,U0129,M0001,4,2026-08-15 11:51:00
R002482,U0182,M0027,5,2026-09-21 10:35:00
R002483,U0012,M0010,4,2026-08-07 22:07:00
R002484,U0105,M0011,3,2026-07-08 10:44:00
R002485,U0180,M0085,4,2026-08-20 04:51:00
R002486,U0063,M0009,5,2026-08-30 23:18:00
R002487,U0114,M0098,5,2026-08-03 07:03:00
R002488,U0198,M0011,4,2026-08-07 19:42:00
R002489,U0196,M0007,4,2026-08-13 12:21:00
R002490,U0170,M0004,4,2026-07-01 18:54:00
R002491,U0036,M0007,5,2026-08-20 21:21:00
R002492,U0108,M0028,5,2026-09-18 12:56:00
R002493,U0005,M0019,3,2026-08-27 01:01:00
R002494,U0047,M0052,4,2026-09-13 23:47:00
R002495,U0149,M0092,5,2026-07-18 03:26:00
R002496,U0048,M0008,5,2026-07-03 15:55:00
R002497,U0156,M0033,5,2026-08-22 10:22:00
R002498,U0036,M0007,4,2026-07-21 00:29:00
R002499,U0047,M0082,4,2026-08-19 19:00:00
R002500,U0093,M0025,5,2026-08-02 04:24:00
R002501,U0157,M0007,5,2026-08-05 19:14:00
R002502,U0007,M0001,5,2026-07-07 07:34:00
R002503,U0195,M0034,3,2026-08-17 23:07:00
R002504,U0080,M0036,5,2026-07-30 02:35:00
R002505,U0112,M0069,3,2026-08-11 09:51:00
R002506,U0134,M0054,4,2026-07-28 18:08:00
R002507,U0094,M0005,4,2026-07-14 10:45:00
R002508,U0072,M0005,5,2026-08-15 10:39:00
R002509,U0157,M0010,4,2026-08-22 07:33:00
R002510,U0090,M0009,5,2026-07-25 16:12:00
R002511,U0060,M0088,3,2026-08-02 04:49:00
R002512,U0103,M0005,5,2026-07-01 19:21:00
R002513,U0088,M0031,5,2026-08-02 22:20:00
R002514,U0142,M0001,5,2026-08-30 10:03:00
R002515,U0109,M0007,3,2026-09-27 05:20:00
R002516,U0198,M0033,5,2026-09-20 18:51:00
R002517,U0139,M0002,4,2026-08-20 03:40:00
R002518,U0088,M0004,4,2026-08-25 16:04:00
R002519,U0156,M0078,5,2026-08-11 12:19:00
R002520,U0134,M0006,4,2026-08-07 12:05:00
R002521,U0151,M0009,4,2026-07-11 22:45:00
R002522,U0051,M0052,4,2026-07-07 16:43:00
R002523,U0158,M0035,5,2026-08-10 20:02:00
R002524,U0032,M0006,5,2026-08-23 07:38:00
R002525,U0168,M0011,3,2026-08-15 02:41:00
R002526,U0159,M0084,2,2026-07-15 05:19:00
R002527,U0018,M0003,4,2026-07-18 05:39:00
R002528,U0005,M0073,5,2026-08-20 10:23:00
R002529,U0194,M0008,5,2026-09-21 02:00:00
R002530,U0143,M0001,5,2026-09-26 08:15:00
R002531,U0133,M0005,4,2026-07-30 12:58:00
R002532,U0096,M0055,5,2026-09-01 02:17:00
R002533,U0051,M0048,5,2026-07-24 21:49:00
R002534,U0066,M0061,4,2026-09-06 07:09:00
R002535,U0122,M0001,5,2026-08-02 04:18:00
R002536,U0123,M0005,4,2026-08-10 12:53:00
R002537,U0135,M0026,4,2026-09-07 17:18:00
R002538,U0135,M0001,4,2026-08-26 05:45:00
R002539,U0145,M0036,5,2026-07-15 22:08:00
R002540,U0060,M0029,5,2026-09-26 06:30:00
R002541,U0174,M0082,5,2026-07-09 04:11:00
R002542,U0059,M0009,4,2026-08-01 03:26:00
R002543,U0068,M0001,5,2026-08-03 16:46:00
R002544,U0020,M0055,3,2026-08-21 11:08:00
R002545,U0031,M0022,5,2026-09-14 12:38:00
R002546,U0051,M0006,3,2026-08-11 12:17:00
R002547,U0091,M0012,4,2026-09-12 08:52:00
R002548,U0193,M0095,5,2026-08-15 02:38:00
R002549,U0146,M0008,4,2026-09-20 15:04:00
R002550,U0047,M0061,4,2026-07-12 02:56:00
R002551,U0127,M0003,4,2026-07-05 09:29:00
R002552,U0008,M0023,5,2026-09-20 15:06:00
R002553,U0081,M0075,3,2026-09-18 10:55:00
R002554,U0076,M0005,5,2026-09-22 18:58:00
R002555,U0191,M0051,5,2026-08-04 10:50:00
R002556,U0026,M0042,4,2026-09-04 20:08:00
R002557,U0054,M0012,5,2026-09-08 11:12:00
R002558,U0048,M0006,5,2026-08-06 00:51:00
R002559,U0006,M0003,4,2026-07-20 10:00:00
R002560,U0187,M0011,4,2026-08-19 22:52:00
R002561,U0027,M0089,4,2026-09-23 10:16:00
R002562,U0127,M0088,5,2026-09-28 20:29:00
R002563,U0119,M0062,4,2026-07-13 04:54:00
R002564,U0113,M0089,5,2026-08-30 17:02:00
R002565,U0088,M0029,4,2026-08-16 13:36:00
R002566,U0179,M0002,4,2026-07-23 04:22:00
R002567,U0175,M0008,5,2026-09-18 20:10:00
R002568,U0142,M0073,4,2026-09-22 15:54:00
R002569,U0103,M0003,5,2026-07-01 16:11:00
R002570,U0176,M0005,5,2026-09-01 20:20:00
R002571,U0014,M0004,4,2026-08-13 12:54:00
R002572,U0078,M0058,5,2026-07-20 06:42:00
R002573,U0080,M0062,4,2026-09-06 03:59:00
R002574,U0168,M0014,4,2026-09-16 04:03:00
R002575,U0129,M0060,4,2026-07-05 02:58:00
R002576,U0044,M0084,5,2026-08-23 08:31:00
R002577,U0026,M0027,5,2026-07-10 02:42:00
R002578,U0081,M0052,5,2026-07-07 00:29:00
R002579,U0200,M0016,3,2026-09-09 13:40:00
R002580,U0004,M0007,5,2026-09-21 03:53:00
R002581,U0197,M0012,5,2026-09-15 09:29:00
R002582,U0158,M0082,4,2026-08-12 05:04:00
R002583,U0090,M0017,4,2026-08-29 23:43:00
R002584,U0124,M0005,4,2026-07-09 05:36:00
R002585,U0013,M0098,4,2026-07-26 14:37:00
R002586,U0122,M0003,5,2026-07-10 07:36:00
R002587,U0029,M0031,5,2026-07-23 02:56:00
R002588,U0158,M0084,4,2026-09-22 09:23:00
R002589,U0036,M0031,5,2026-09-21 05:19:00
R002590,U0103,M0067,3,2026-07-24 04:08:00
R002591,U0174,M0037,5,2026-09-08 14:29:00
R002592,U0125,M0100,5,2026-07-19 16:43:00
R002593,U0063,M0006,4,2026-08-23 08:53:00
R002594,U0144,M0067,4,2026-09-16 12:01:00
R002595,U0098,M0002,3,2026-08-18 13:46:00
R002596,U0149,M0008,5,2026-09-17 10:49:00
R002597,U0103,M0007,4,2026-08-24 15:34:00
R002598,U0064,M0006,3,2026-08-08 14:53:00
R002599,U0120,M0003,5,2026-09-06 01:41:00
R002600,U0039,M0014,5,2026-07-11 06:49:00
R002601,U0050,M0019,4,2026-09-24 01:47:00
R002602,U0174,M0004,5,2026-08-06 03:55:00
R002603,U0121,M0040,4,2026-08-15 13:18:00
R002604,U0021,M0003,5,2026-07-17 23:38:00
R002605,U0051,M0068,4,2026-09-14 07:07:00
R002606,U0025,M0003,4,2026-07-19 05:13:00
R002607,U0047,M0034,3,2026-09-20 12:41:00
R002608,U0044,M0085,5,2026-08-31 03:35:00
R002609,U0045,M0042,4,2026-09-01 19:30:00
R002610,U0177,M0007,3,2026-08-15 09:34:00
R002611,U0097,M0007,4,2026-07-15 12:00:00
R002612,U0037,M0008,4,2026-08-19 04:36:00
R002613,U0127,M0007,3,2026-07-18 03:50:00
R002614,U0196,M0003,5,2026-08-05 03:51:00
R002615,U0027,M0078,5,2026-09-04 04:42:00
R002616,U0059,M0060,4,2026-08-23 07:25:00
R002617,U0092,M0032,5,2026-07-16 00:11:00
R002618,U0197,M0025,4,2026-07-11 08:40:00
R002619,U0053,M0006,4,2026-07-29 11:35:00
R002620,U0018,M0005,3,2026-08-08 21:54:00
R002621,U0195,M0090,4,2026-07-27 16:21:00
R002622,U0193,M0005,5,2026-08-17 16:24:00
R002623,U0119,M0003,5,2026-07-01 05:58:00
R002624,U0196,M0010,3,2026-09-02 13:25:00
R002625,U0115,M0055,4,2026-07-02 16:01:00
R002626,U0083,M0007,4,2026-08-06 11:08:00
R002627,U0018,M0003,4,2026-08-30 02:36:00
R002628,U0187,M0005,3,2026-07-13 16:53:00
R002629,U0027,M0011,5,2026-09-09 05:30:00
R002630,U0131,M0062,4,2026-08-28 17:27:00
R002631,U0086,M0048,3,2026-09-05 11:25:00
R002632,U0197,M0008,4,2026-09-10 20:17:00
R002633,U0005,M0004,4,2026-08-30 01:37:00
R002634,U0141,M0069,4,2026-07-02 06:47:00
R002635,U0054,M0001,5,2026-07-22 18:02:00
R002636,U0197,M0010,4,2026-09-25 06:28:00
R002637,U0146,M0012,5,2026-09-27 02:10:00
R002638,U0028,M0069,4,2026-08-14 00:34:00
R002639,U0161,M0009,4,2026-07-09 10:08:00
R002640,U0193,M0012,5,2026-07-31 17:35:00
R002641,U0171,M0006,4,2026-09-26 12:14:00
R002642,U0152,M0005,4,2026-08-18 18:56:00
R002643,U0037,M0081,4,2026-07-08 02:46:00
R002644,U0021,M0008,5,2026-07-30 08:14:00
R002645,U0097,M0099,3,2026-07-31 12:18:00
R002646,U0172,M0003,3,2026-08-05 13:39:00
R002647,U0102,M0027,4,2026-07-30 19:42:00
R002648,U0011,M0002,3,2026-08-02 10:49:00
R002649,U0159,M0086,5,2026-07-05 20:57:00
R002650,U0170,M0003,3,2026-08-02 19:47:00
R002651,U0105,M0074,5,2026-09-03 16:05:00
R002652,U0150,M0035,3,2026-07-22 07:41:00
R002653,U0001,M0012,4,2026-07-29 12:44:00
R002654,U0136,M0069,5,2026-08-06 09:10:00
R002655,U0123,M0006,5,2026-09-24 04:20:00
R002656,U0198,M0097,5,2026-07-05 07:53:00
R002657,U0171,M0005,3,2026-08-10 12:29:00
R002658,U0064,M0008,4,2026-08-24 16:32:00
R002659,U0133,M0045,5,2026-07-11 02:11:00
R002660,U0017,M0009,4,2026-08-01 07:58:00
R002661,U0120,M0093,5,2026-07-10 22:31:00
R002662,U0190,M0092,5,2026-08-18 15:10:00
R002663,U0121,M0006,4,2026-08-05 03:26:00
R002664,U0133,M0008,4,2026-09-04 18:20:00
R002665,U0001,M0013,5,2026-07-12 11:58:00
R002666,U0123,M0005,5,2026-09-15 09:12:00
R002667,U0054,M0066,4,2026-09-14 14:16:00
R002668,U0067,M0008,5,2026-09-27 21:51:00
R002669,U0096,M0015,3,2026-09-14 01:57:00
R002670,U0172,M0055,5,2026-08-15 19:49:00
R002671,U0113,M0002,5,2026-08-24 12:10:00
R002672,U0103,M0009,5,2026-08-03 12:07:00
R002673,U0030,M0006,3,2026-07-30 14:47:00
R002674,U0062,M0056,4,2026-09-03 02:35:00
R002675,U0125,M0009,4,2026-08-30 08:53:00
R002676,U0050,M0012,5,2026-08-17 02:52:00
R002677,U0090,M0034,5,2026-07-23 12:09:00
R002678,U0014,M0008,3,2026-07-19 22:12:00
R002679,U0087,M0007,5,2026-08-29 01:12:00
R002680,U0115,M0002,5,2026-07-17 05:53:00
R002681,U0044,M0010,4,2026-09-27 20:57:00
R002682,U0183,M0055,5,2026-07-30 15:52:00
R002683,U0024,M0087,4,2026-07-14 05:09:00
R002684,U0097,M0002,5,2026-07-07 06:40:00
R002685,U0161,M0039,4,2026-08-25 10:00:00
R002686,U0174,M0007,4,2026-09-19 19:51:00
R002687,U0194,M0031,5,2026-09-07 05:12:00
R002688,U0128,M0004,4,2026-09-20 07:22:00
R002689,U0139,M0088,5,2026-08-24 15:59:00
R002690,U0095,M0002,4,2026-09-03 23:19:00
R002691,U0027,M0082,4,2026-08-02 04:05:00
R002692,U0080,M0007,5,2026-09-09 17:01:00
R002693,U0043,M0004,4,2026-08-14 21:09:00
R002694,U0012,M0089,5,2026-09-23 16:17:00
R002695,U0028,M0085,4,2026-07-01 11:20:00
R002696,U0063,M0019,5,2026-09-11 19:50:00
R002697,U0001,M0088,4,2026-07-18 04:43:00
R002698,U0191,M0044,3,2026-07-10 02:20:00
R002699,U0111,M0064,5,2026-07-23 12:58:00
R002700,U0199,M0004,4,2026-09-07 22:25:00
R002701,U0055,M0096,5,2026-09-25 17:05:00
R002702,U0123,M0005,5,2026-09-15 23:36:00
R002703,U0148,M0010,3,2026-08-18 10:43:00
R002704,U0082,M0036,4,2026-08-14 22:57:00
R002705,U0088,M0066,5,2026-08-17 19:36:00
R002706,U0002,M0002,5,2026-07-24 04:58:00
R002707,U0147,M0091,5,2026-07-07 17:01:00
R002708,U0032,M0002,4,2026-07-22 05:35:00
R002709,U0111,M0004,4,2026-07-24 15:27:00
R002710,U0082,M0004,3,2026-08-13 05:20:00
R002711,U0005,M0058,5,2026-08-26 21:06:00
R002712,U0136,M0010,5,2026-09-10 00:28:00
R002713,U0158,M0008,5,2026-08-02 19:39:00
R002714,U0006,M0093,3,2026-09-23 00:34:00
R002715,U0055,M0009,5,2026-07-08 02:33:00
R002716,U0148,M0055,3,2026-07-03 22:44:00
R002717,U0024,M0001,3,2026-09-04 07:50:00
R002718,U0017,M0082,3,2026-08-21 20:38:00
R002719,U0197,M0025,4,2026-07-25 22:21:00
R002720,U0075,M0005,5,2026-07-12 02:59:00
R002721,U0155,M0006,5,2026-07-21 20:02:00
R002722,U0013,M0001,4,2026-07-26 11:42:00
R002723,U0014,M0001,4,2026-09-20 23:00:00
R002724,U0167,M0054,4,2026-07-31 08:30:00
R002725,U0079,M0052,4,2026-09-16 15:12:00
R002726,U0030,M0095,5,2026-09-09 16:50:00
R002727,U0115,M0045,5,2026-07-16 01:33:00
R002728,U0184,M0004,4,2026-08-01 15:54:00
R002729,U0065,M0087,4,2026-07-07 00:43:00
R002730,U0148,M0003,4,2026-07-02 16:44:00
R002731,U0024,M0079,5,2026-07-17 08:42:00
R002732,U0054,M0011,5,2026-08-03 03:18:00
R002733,U0047,M0063,5,2026-07-30 17:43:00
R002734,U0190,M0077,4,2026-07-07 02:06:00
R002735,U0073,M0046,5,2026-07-22 05:04:00
R002736,U0143,M0009,3,2026-09-11 19:20:00
R002737,U0151,M0017,3,2026-07-31 10:55:00
R002738,U0050,M0057,5,2026-08-28 09:54:00
R002739,U0145,M0005,4,2026-09-11 20:11:00
R002740,U0111,M0083,5,2026-08-22 08:24:00
R002741,U0134,M0055,5,2026-08-21 23:33:00
R002742,U0123,M0002,5,2026-07-20 11:45:00
R002743,U0171,M0028,4,2026-07-04 21:22:00
R002744,U0105,M0012,4,2026-08-20 05:28:00
R002745,U0022,M0002,4,2026-08-29 05:53:00
R002746,U0048,M0063,4,2026-08-29 09:27:00
R002747,U0147,M0006,5,2026-09-23 05:20:00
R002748,U0175,M0007,5,2026-09-04 15:40:00
R002749,U0181,M0030,5,2026-08-09 06:14:00
R002750,U0001,M0024,5,2026-07-23 21:02:00
R002751,U0031,M0048,4,2026-07-05 18:17:00
R002752,U0154,M0011,5,2026-09-18 23:15:00
R002753,U0047,M0025,3,2026-09-15 09:32:00
R002754,U0141,M0052,5,2026-09-13 03:00:00
R002755,U0135,M0001,3,2026-08-22 01:16:00
R002756,U0039,M0046,4,2026-08-25 21:32:00
R002757,U0181,M0037,5,2026-08-06 22:31:00
R002758,U0077,M0073,5,2026-08-18 19:56:00
R002759,U0061,M0002,5,2026-07-14 17:45:00
R002760,U0124,M0019,5,2026-07-18 07:31:00
R002761,U0103,M0001,4,2026-07-16 00:51:00
R002762,U0040,M0006,5,2026-09-19 02:53:00
R002763,U0034,M0010,4,2026-08-04 16:31:00
R002764,U0008,M0039,5,2026-09-08 16:12:00
R002765,U0122,M0010,4,2026-09-09 19:36:00
R002766,U0093,M0008,5,2026-08-26 06:10:00
R002767,U0066,M0089,4,2026-07-09 08:46:00
R002768,U0086,M0011,4,2026-07-30 10:12:00
R002769,U0092,M0028,5,2026-07-26 12:45:00
R002770,U0036,M0099,4,2026-09-08 09:30:00
R002771,U0024,M0006,3,2026-08-16 00:09:00
R002772,U0176,M0021,4,2026-08-30 11:33:00
R002773,U0115,M0085,4,2026-07-24 23:10:00
R002774,U0116,M0011,5,2026-08-11 12:13:00
R002775,U0067,M0090,5,2026-09-01 05:46:00
R002776,U0118,M0076,4,2026-07-14 13:28:00
R002777,U0131,M0078,5,2026-07-23 03:50:00
R002778,U0123,M0008,3,2026-07-21 20:08:00
R002779,U0085,M0006,4,2026-09-01 16:38:00
R002780,U0176,M0071,4,2026-07-31 08:04:00
R002781,U0053,M0063,4,2026-07-22 16:03:00
R002782,U0161,M0063,4,2026-08-17 00:33:00
R002783,U0151,M0007,4,2026-09-07 20:38:00
R002784,U0053,M0008,4,2026-08-07 12:48:00
R002785,U0091,M0062,3,2026-09-15 12:26:00
R002786,U0027,M0001,4,2026-08-31 23:42:00
R002787,U0155,M0043,4,2026-09-14 00:21:00
R002788,U0081,M0090,5,2026-07-25 17:00:00
R002789,U0009,M0003,5,2026-09-03 07:29:00
R002790,U0114,M0061,4,2026-09-16 20:45:00
R002791,U0023,M0004,4,2026-09-23 21:17:00
R002792,U0028,M0077,5,2026-07-27 14:57:00
R002793,U0184,M0006,3,2026-08-23 20:56:00
R002794,U0149,M0065,4,2026-09-14 03:22:00
R002795,U0051,M0004,4,2026-08-22 02:51:00
R002796,U0140,M0003,5,2026-07-04 13:01:00
R002797,U0113,M0034,5,2026-07-02 22:38:00
R002798,U0158,M0009,5,2026-09-21 15:30:00
R002799,U0016,M0010,5,2026-09-06 04:49:00
R002800,U0102,M0002,5,2026-07-28 13:14:00
R002801,U0064,M0048,5,2026-09-09 07:26:00
R002802,U0137,M0010,5,2026-07-27 14:39:00
R002803,U0197,M0047,4,2026-07-24 02:55:00
R002804,U0112,M0093,5,2026-07-31 21:50:00
R002805,U0039,M0007,3,2026-07-09 03:06:00
R002806,U0038,M0002,4,2026-09-26 09:54:00
R002807,U0050,M0022,5,2026-07-23 08:29:00
R002808,U0180,M0072,3,2026-08-23 18:24:00
R002809,U0041,M0023,4,2026-08-30 02:57:00
R002810,U0102,M0012,5,2026-09-25 21:22:00
R002811,U0048,M0061,5,2026-09-17 01:48:00
R002812,U0185,M0009,5,2026-09-27 07:22:00
R002813,U0132,M0042,4,2026-07-11 02:15:00
R002814,U0179,M0004,5,2026-09-25 17:12:00
R002815,U0085,M0008,5,2026-09-15 08:42:00
R002816,U0060,M0011,4,2026-08-14 10:23:00
R002817,U0040,M0005,4,2026-09-23 20:55:00
R002818,U0127,M0051,5,2026-07-13 06:16:00
R002819,U0109,M0078,4,2026-07-09 09:02:00
R002820,U0169,M0032,5,2026-09-23 07:22:00
R002821,U0046,M0079,4,2026-09-03 07:53:00
R002822,U0091,M0071,4,2026-08-23 07:11:00
R002823,U0110,M0093,3,2026-08-07 12:46:00
R002824,U0200,M0061,3,2026-08-08 23:46:00
R002825,U0122,M0089,5,2026-09-27 06:08:00
R002826,U0120,M0021,4,2026-07-26 22:17:00
R002827,U0010,M0056,4,2026-07-25 20:45:00
R002828,U0102,M0019,4,2026-07-11 10:27:00
R002829,U0001,M0056,4,2026-08-31 03:12:00
R002830,U0063,M0002,4,2026-07-05 04:03:00
R002831,U0123,M0021,4,2026-07-03 17:56:00
R002832,U0134,M0009,5,2026-08-13 09:10:00
R002833,U0100,M0004,4,2026-07-15 21:32:00
R002834,U0024,M0007,4,2026-09-28 22:44:00
R002835,U0046,M0011,4,2026-08-10 06:05:00
R002836,U0035,M0032,4,2026-07-06 19:55:00
R002837,U0117,M0058,4,2026-08-20 17:56:00
R002838,U0085,M0060,4,2026-09-11 17:27:00
R002839,U0186,M0095,5,2026-09-21 14:19:00
R002840,U0111,M0024,4,2026-09-26 05:06:00
R002841,U0132,M0010,5,2026-08-04 06:55:00
R002842,U0111,M0082,5,2026-07-26 22:04:00
R002843,U0056,M0001,5,2026-09-22 04:20:00
R002844,U0096,M0063,5,2026-08-11 03:59:00
R002845,U0131,M0012,5,2026-09-25 15:57:00
R002846,U0179,M0086,5,2026-07-21 15:53:00
R002847,U0084,M0027,4,2026-07-25 14:09:00
R002848,U0181,M0001,4,2026-07-28 00:02:00
R002849,U0084,M0010,4,2026-09-18 02:09:00
R002850,U0179,M0026,4,2026-08-29 05:55:00
R002851,U0027,M0002,4,2026-09-22 03:06:00
R002852,U0008,M0006,5,2026-07-19 18:34:00
R002853,U0084,M0099,5,2026-07-15 18:59:00
R002854,U0183,M0093,4,2026-09-21 11:53:00
R002855,U0065,M0071,4,2026-09-19 23:07:00
R002856,U0146,M0074,5,2026-07-29 19:44:00
R002857,U0143,M0010,5,2026-08-22 12:57:00
R002858,U0185,M0002,5,2026-07-17 18:03:00
R002859,U0093,M0085,5,2026-09-19 10:41:00
R002860,U0069,M0084,5,2026-08-22 07:05:00
R002861,U0045,M0034,3,2026-09-18 15:51:00
R002862,U0047,M0028,5,2026-09-22 12:13:00
R002863,U0034,M0007,5,2026-08-13 05:01:00
R002864,U0063,M0073,4,2026-08-06 14:45:00
R002865,U0192,M0066,4,2026-08-11 06:48:00
R002866,U0055,M0032,3,2026-07-23 07:54:00
R002867,U0162,M0005,5,2026-07-30 13:00:00
R002868,U0174,M0009,5,2026-08-25 20:55:00
R002869,U0166,M0028,4,2026-08-16 05:42:00
R002870,U0043,M0006,5,2026-08-03 10:10:00
R002871,U0108,M0038,5,2026-08-28 11:53:00
R002872,U0169,M0024,5,2026-08-28 06:52:00
R002873,U0089,M0057,5,2026-07-05 10:51:00
R002874,U0177,M0021,2,2026-09-09 13:02:00
R002875,U0176,M0004,5,2026-08-07 07:54:00
R002876,U0128,M0012,5,2026-08-24 00:56:00
R002877,U0101,M0017,5,2026-08-28 19:23:00
R002878,U0033,M0001,5,2026-07-31 01:14:00
R002879,U0110,M0013,4,2026-08-25 10:22:00
R002880,U0051,M0098,4,2026-09-08 16:53:00
R002881,U0145,M0004,5,2026-07-05 03:47:00
R002882,U0043,M0006,5,2026-08-22 01:32:00
R002883,U0143,M0044,3,2026-09-25 09:31:00
R002884,U0039,M0094,4,2026-09-15 20:00:00
R002885,U0110,M0012,5,2026-09-09 15:40:00
R002886,U0183,M0012,3,2026-07-24 05:35:00
R002887,U0159,M0028,4,2026-07-26 10:33:00
R002888,U0181,M0002,5,2026-09-20 05:11:00
R002889,U0108,M0005,4,2026-09-21 00:15:00
R002890,U0024,M0008,4,2026-07-02 03:52:00
R002891,U0121,M0084,4,2026-09-21 16:36:00
R002892,U0176,M0008,5,2026-08-02 16:20:00
R002893,U0177,M0096,4,2026-07-12 22:08:00
R002894,U0177,M0004,3,2026-09-26 23:24:00
R002895,U0146,M0012,3,2026-07-17 11:58:00
R002896,U0090,M0033,4,2026-07-09 07:48:00
R002897,U0067,M0006,4,2026-07-01 08:06:00
R002898,U0060,M0012,5,2026-07-17 20:34:00
R002899,U0030,M0070,5,2026-07-22 03:21:00
R002900,U0048,M0024,5,2026-09-27 07:36:00
R002901,U0124,M0012,4,2026-08-12 16:51:00
R002902,U0033,M0011,5,2026-08-28 03:44:00
R002903,U0101,M0011,5,2026-07-25 23:07:00
R002904,U0176,M0078,4,2026-09-17 20:50:00
R002905,U0080,M0090,4,2026-07-10 19:26:00
R002906,U0067,M0007,5,2026-09-18 17:24:00
R002907,U0023,M0019,4,2026-07-12 21:02:00
R002908,U0159,M0100,4,2026-07-31 21:54:00
R002909,U0046,M0023,5,2026-08-08 04:35:00
R002910,U0151,M0089,4,2026-09-06 09:56:00
R002911,U0191,M0010,5,2026-07-13 05:00:00
R002912,U0195,M0058,5,2026-09-19 12:45:00
R002913,U0007,M0011,5,2026-09-12 07:07:00
R002914,U0014,M0027,3,2026-08-02 19:28:00
R002915,U0102,M0051,5,2026-07-06 07:27:00
R002916,U0078,M0005,4,2026-07-24 13:01:00
R002917,U0077,M0083,5,2026-09-03 12:26:00
R002918,U0084,M0008,4,2026-07-28 21:02:00
R002919,U0083,M0087,3,2026-08-15 10:09:00
R002920,U0067,M0062,3,2026-09-28 19:11:00
R002921,U0032,M0082,5,2026-07-10 21:47:00
R002922,U0097,M0075,5,2026-07-24 06:03:00
R002923,U0018,M0008,3,2026-09-18 05:45:00
R002924,U0138,M0007,5,2026-08-12 02:16:00
R002925,U0090,M0011,5,2026-08-29 18:49:00
R002926,U0025,M0060,3,2026-07-09 05:45:00
R002927,U0065,M0023,5,2026-08-28 08:40:00
R002928,U0021,M0004,4,2026-07-02 02:12:00
R002929,U0105,M0060,5,2026-07-09 14:54:00
R002930,U0068,M0072,5,2026-08-17 20:40:00
R002931,U0193,M0047,5,2026-07-10 06:50:00
R002932,U0198,M0004,4,2026-07-04 23:50:00
R002933,U0148,M0007,4,2026-07-20 09:12:00
R002934,U0140,M0061,3,2026-08-07 20:10:00
R002935,U0190,M0011,5,2026-07-29 19:47:00
R002936,U0048,M0031,4,2026-09-20 18:46:00
R002937,U0051,M0008,3,2026-07-27 20:26:00
R002938,U0003,M0071,3,2026-07-13 23:45:00
R002939,U0121,M0007,4,2026-09-02 00:00:00
R002940,U0123,M0003,4,2026-08-29 18:20:00
R002941,U0022,M0007,3,2026-09-14 22:02:00
R002942,U0174,M0058,4,2026-09-11 19:58:00
R002943,U0010,M0011,5,2026-09-03 03:50:00
R002944,U0139,M0025,4,2026-08-13 02:32:00
R002945,U0065,M0007,5,2026-09-09 12:15:00
R002946,U0155,M0001,4,2026-07-26 19:45:00
R002947,U0047,M0020,4,2026-07-24 20:53:00
R002948,U0148,M0071,4,2026-07-27 16:07:00
R002949,U0076,M0048,4,2026-07-30 23:49:00
R002950,U0133,M0005,3,2026-08-01 19:05:00
R002951,U0088,M0087,4,2026-08-15 23:14:00
R002952,U0106,M0032,4,2026-09-19 16:12:00
R002953,U0119,M0006,4,2026-08-29 06:40:00
R002954,U0121,M0005,5,2026-08-27 21:18:00
R002955,U0001,M0003,4,2026-07-22 03:00:00
R002956,U0195,M0096,3,2026-07-12 06:02:00
R002957,U0176,M0008,5,2026-07-10 21:04:00
R002958,U0174,M0054,4,2026-08-16 16:57:00
R002959,U0137,M0017,4,2026-09-11 16:32:00
R002960,U0084,M0008,4,2026-08-26 07:22:00
R002961,U0048,M0089,5,2026-09-18 19:16:00
R002962,U0199,M0090,4,2026-08-31 19:40:00
R002963,U0013,M0003,4,2026-08-16 17:10:00
R002964,U0028,M0037,4,2026-07-02 02:50:00
R002965,U0074,M0005,5,2026-09-05 04:03:00
R002966,U0098,M0004,4,2026-07-21 03:45:00
R002967,U0028,M0029,3,2026-09-10 12:29:00
R002968,U0123,M0050,4,2026-07-18 04:08:00
R002969,U0154,M0074,5,2026-09-18 23:07:00
R002970,U0068,M0053,3,2026-07-19 07:07:00
R002971,U0146,M0008,5,2026-07-17 02:29:00
R002972,U0035,M0029,5,2026-08-02 01:49:00
R002973,U0056,M0010,5,2026-07-09 15:25:00
R002974,U0141,M0003,5,2026-09-02 21:45:00
R002975,U0056,M0008,5,2026-08-24 07:26:00
R002976,U0194,M0065,4,2026-08-26 09:53:00
R002977,U0057,M0049,4,2026-07-29 00:12:00
R002978,U0001,M0068,4,2026-08-05 21:33:00
R002979,U0048,M0031,5,2026-07-11 12:57:00
R002980,U0061,M0090,5,2026-08-08 21:02:00
R002981,U0013,M0057,4,2026-08-29 00:49:00
R002982,U0007,M0049,4,2026-07-20 13:13:00
R002983,U0194,M0008,4,2026-09-26 17:47:00
R002984,U0107,M0069,4,2026-07-20 19:13:00
R002985,U0137,M0010,5,2026-07-06 11:00:00
R002986,U0102,M0061,4,2026-09-17 09:31:00
R002987,U0114,M0095,4,2026-09-24 16:34:00
R002988,U0043,M0098,3,2026-09-25 14:34:00
R002989,U0126,M0007,5,2026-08-14 17:07:00
R002990,U0096,M0009,4,2026-09-04 10:59:00
R002991,U0084,M0096,5,2026-07-18 06:41:00
R002992,U0183,M0081,4,2026-08-08 13:49:00
R002993,U0019,M0032,4,2026-08-21 12:56:00
R002994,U0101,M0008,4,2026-08-08 16:28:00
R002995,U0114,M0003,5,2026-07-01 17:11:00
R002996,U0053,M0011,5,2026-08-22 21:16:00
R002997,U0050,M0008,5,2026-07-04 10:31:00
R002998,U0005,M0042,4,2026-09-17 22:59:00
R002999,U0197,M0070,5,2026-07-03 01:39:00
R003000,U0002,M0026,3,2026-08-22 14:37:00
R003001,U0110,M0093,5,2026-09-01 00:46:00
R003002,U0191,M0049,4,2026-09-05 04:56:00
R003003,U0167,M0095,3,2026-08-06 01:51:00
R003004,U0180,M0001,5,2026-09-03 19:06:00
R003005,U0113,M0026,5,2026-09-12 14:02:00
R003006,U0177,M0052,5,2026-07-28 23:35:00
R003007,U0153,M0091,5,2026-07-13 20:48:00
R003008,U0019,M0045,4,2026-08-15 01:56:00
R003009,U0181,M0078,3,2026-07-29 09:16:00
R003010,U0173,M0008,4,2026-08-31 04:12:00
R003011,U0089,M0007,4,2026-08-14 06:10:00
R003012,U0122,M0056,4,2026-07-31 17:23:00
R003013,U0166,M0021,4,2026-09-07 22:42:00
R003014,U0110,M0003,4,2026-08-29 04:34:00
R003015,U0180,M0064,4,2026-07-10 22:55:00
R003016,U0068,M0048,5,2026-08-05 10:47:00
R003017,U0173,M0057,2,2026-09-12 05:39:00
R003018,U0103,M0006,3,2026-09-01 10:48:00
R003019,U0114,M0010,5,2026-08-12 11:12:00
R003020,U0113,M0001,4,2026-08-10 09:31:00
R003021,U0080,M0037,4,2026-09-25 08:38:00
R003022,U0193,M0085,3,2026-07-21 05:09:00
R003023,U0147,M0039,4,2026-09-23 18:39:00
R003024,U0199,M0093,3,2026-07-11 09:59:00
R003025,U0150,M0061,3,2026-08-19 12:07:00
R003026,U0023,M0036,4,2026-07-23 16:57:00
R003027,U0076,M0016,5,2026-09-15 12:10:00
R003028,U0066,M0008,3,2026-07-19 15:08:00
R003029,U0156,M0010,3,2026-08-30 00:02:00
R003030,U0023,M0004,5,2026-07-01 02:51:00
R003031,U0154,M0098,5,2026-09-13 02:18:00
R003032,U0065,M0047,4,2026-07-13 16:20:00
R003033,U0065,M0008,5,2026-09-26 03:08:00
R003034,U0008,M0042,4,2026-09-18 20:49:00
R003035,U0099,M0068,3,2026-09-04 13:38:00
R003036,U0103,M0083,4,2026-07-01 07:17:00
R003037,U0004,M0022,4,2026-08-29 06:51:00
R003038,U0067,M0051,4,2026-09-05 00:57:00
R003039,U0035,M0001,4,2026-07-22 16:24:00
R003040,U0015,M0016,3,2026-09-04 11:10:00
R003041,U0134,M0081,5,2026-09-04 20:52:00
R003042,U0190,M0044,4,2026-07-19 13:12:00
R003043,U0054,M0059,5,2026-08-14 17:47:00
R003044,U0112,M0094,3,2026-09-16 03:38:00
R003045,U0080,M0034,4,2026-07-28 05:14:00
R003046,U0083,M0012,4,2026-08-15 15:15:00
R003047,U0173,M0003,4,2026-09-10 17:15:00
R003048,U0061,M0009,5,2026-08-27 15:28:00
R003049,U0089,M0081,5,2026-09-15 23:58:00
R003050,U0179,M0042,5,2026-09-19 07:47:00
R003051,U0184,M0018,3,2026-09-02 20:26:00
R003052,U0025,M0068,4,2026-08-25 13:07:00
R003053,U0067,M0074,5,2026-09-04 09:10:00
R003054,U0096,M0055,4,2026-07-03 13:34:00
R003055,U0120,M0078,3,2026-08-22 06:29:00
R003056,U0005,M0002,5,2026-07-08 07:58:00
R003057,U0023,M0091,3,2026-08-30 16:04:00
R003058,U0189,M0012,3,2026-08-09 14:45:00
R003059,U0143,M0003,4,2026-07-01 09:33:00
R003060,U0186,M0008,3,2026-07-04 06:21:00
R003061,U0102,M0096,5,2026-08-29 02:59:00
R003062,U0086,M0041,3,2026-08-31 10:47:00
R003063,U0038,M0056,5,2026-07-25 21:47:00
R003064,U0004,M0004,4,2026-09-24 10:33:00
R003065,U0035,M0008,4,2026-07-25 20:01:00
R003066,U0061,M0078,5,2026-07-01 09:19:00
R003067,U0091,M0008,5,2026-07-26 17:36:00
R003068,U0200,M0009,5,2026-09-27 19:59:00
R003069,U0082,M0066,5,2026-08-20 17:31:00
R003070,U0164,M0004,4,2026-07-14 12:50:00
R003071,U0141,M0007,4,2026-07-04 01:46:00
R003072,U0026,M0024,4,2026-07-24 04:32:00
R003073,U0169,M0010,4,2026-07-10 23:43:00
R003074,U0047,M0002,3,2026-07-03 04:04:00
R003075,U0108,M0052,4,2026-09-18 23:46:00
R003076,U0061,M0021,5,2026-07-30 14:11:00
R003077,U0188,M0030,4,2026-09-12 18:16:00
R003078,U0002,M0094,3,2026-07-23 13:33:00
R003079,U0007,M0041,4,2026-08-10 18:06:00
R003080,U0178,M0070,5,2026-08-31 22:58:00
R003081,U0153,M0025,4,2026-08-18 10:11:00
R003082,U0141,M0044,5,2026-08-15 09:53:00
R003083,U0036,M0038,4,2026-08-01 04:34:00
R003084,U0192,M0011,4,2026-08-07 16:22:00
R003085,U0075,M0070,4,2026-07-11 13:01:00
R003086,U0182,M0042,5,2026-09-19 10:04:00
R003087,U0174,M0011,4,2026-08-27 11:05:00
R003088,U0062,M0031,5,2026-09-27 13:07:00
R003089,U0097,M0083,4,2026-07-18 07:54:00
R003090,U0068,M0057,5,2026-09-04 15:55:00
R003091,U0051,M0007,5,2026-07-21 22:34:00
R003092,U0085,M0006,3,2026-09-04 05:33:00
R003093,U0109,M0050,4,2026-07-19 12:38:00
R003094,U0024,M0034,5,2026-09-05 09:43:00
R003095,U0179,M0098,4,2026-09-09 07:47:00
R003096,U0071,M0005,2,2026-07-01 00:44:00
R003097,U0178,M0006,3,2026-07-09 08:14:00
R003098,U0099,M0001,5,2026-08-27 13:57:00
R003099,U0079,M0100,5,2026-08-06 13:22:00
R003100,U0091,M0046,5,2026-08-23 11:58:00
R003101,U0157,M0031,3,2026-09-01 19:13:00
R003102,U0100,M0005,3,2026-08-08 06:19:00
R003103,U0114,M0035,5,2026-08-16 04:50:00
R003104,U0085,M0034,3,2026-07-21 13:47:00
R003105,U0048,M0004,4,2026-09-27 17:51:00
R003106,U0183,M0079,4,2026-07-11 18:51:00
R003107,U0111,M0072,5,2026-09-01 18:44:00
R003108,U0066,M0019,3,2026-08-14 15:12:00
R003109,U0008,M0033,5,2026-07-04 19:50:00
R003110,U0018,M0003,5,2026-09-26 14:12:00
R003111,U0072,M0010,5,2026-07-19 12:40:00
R003112,U0012,M0080,4,2026-08-22 05:41:00
R003113,U0067,M0026,5,2026-08-01 13:42:00
R003114,U0043,M0031,4,2026-07-31 19:39:00
R003115,U0195,M0011,4,2026-09-01 07:36:00
R003116,U0050,M0010,4,2026-08-14 20:01:00
R003117,U0131,M0046,3,2026-08-29 13:59:00
R003118,U0125,M0068,5,2026-07-31 23:26:00
R003119,U0099,M0087,3,2026-08-24 09:46:00
R003120,U0108,M0009,3,2026-08-19 04:25:00
R003121,U0102,M0011,4,2026-08-28 16:10:00
R003122,U0022,M0002,5,2026-09-08 01:05:00
R003123,U0009,M0001,5,2026-07-20 18:37:00
R003124,U0120,M0001,4,2026-08-15 01:31:00
R003125,U0070,M0042,4,2026-09-05 08:10:00
R003126,U0097,M0059,5,2026-08-09 00:05:00
R003127,U0124,M0035,5,2026-09-13 15:54:00
R003128,U0075,M0067,5,2026-09-24 17:36:00
R003129,U0065,M0004,4,2026-09-26 23:22:00
R003130,U0184,M0078,3,2026-08-23 07:56:00
R003131,U0032,M0011,5,2026-08-27 23:25:00
R003132,U0077,M0005,5,2026-08-23 23:36:00
R003133,U0181,M0002,5,2026-09-03 14:40:00
R003134,U0127,M0007,5,2026-09-25 08:26:00
R003135,U0150,M0040,4,2026-07-22 01:45:00
R003136,U0165,M0007,5,2026-09-02 05:20:00
R003137,U0119,M0009,4,2026-09-18 01:57:00
R003138,U0050,M0007,5,2026-07-18 03:53:00
R003139,U0173,M0006,3,2026-09-09 12:27:00
R003140,U0040,M0048,5,2026-09-16 04:38:00
R003141,U0135,M0009,4,2026-07-29 13:24:00
R003142,U0107,M0027,2,2026-07-14 16:26:00
R003143,U0109,M0047,4,2026-09-10 21:52:00
R003144,U0063,M0097,4,2026-07-17 02:53:00
R003145,U0169,M0010,5,2026-09-19 13:21:00
R003146,U0119,M0050,5,2026-08-09 09:35:00
R003147,U0021,M0068,5,2026-09-25 17:27:00
R003148,U0095,M0006,5,2026-08-29 10:17:00
R003149,U0002,M0002,5,2026-08-20 07:06:00
R003150,U0037,M0047,5,2026-07-23 20:16:00
R003151,U0197,M0022,4,2026-09-10 19:01:00
R003152,U0127,M0052,4,2026-08-01 02:55:00
R003153,U0036,M0096,4,2026-07-23 11:21:00
R003154,U0149,M0003,5,2026-07-04 19:39:00
R003155,U0122,M0067,5,2026-07-21 07:52:00
R003156,U0067,M0049,3,2026-08-16 11:35:00
R003157,U0003,M0063,5,2026-09-26 05:55:00
R003158,U0091,M0039,5,2026-09-19 08:31:00
R003159,U0148,M0031,4,2026-09-27 05:11:00
R003160,U0047,M0001,4,2026-08-10 12:49:00
R003161,U0031,M0081,4,2026-07-27 17:44:00
R003162,U0062,M0006,3,2026-09-12 16:21:00
R003163,U0176,M0009,3,2026-08-01 23:53:00
R003164,U0176,M0100,4,2026-08-25 19:12:00
R003165,U0072,M0004,4,2026-07-25 14:46:00
R003166,U0072,M0088,5,2026-07-21 11:13:00
R003167,U0034,M0006,3,2026-08-24 03:42:00
R003168,U0147,M0077,4,2026-07-28 05:02:00
R003169,U0125,M0004,4,2026-07-07 19:55:00
R003170,U0043,M0008,5,2026-08-17 13:36:00
R003171,U0102,M0059,4,2026-09-21 14:14:00
R003172,U0180,M0060,5,2026-09-01 22:56:00
R003173,U0108,M0005,3,2026-07-13 21:41:00
R003174,U0149,M0024,4,2026-07-26 16:40:00
R003175,U0157,M0002,4,2026-07-06 23:43:00
R003176,U0038,M0080,3,2026-07-26 15:54:00
R003177,U0119,M0090,4,2026-08-22 20:44:00
R003178,U0146,M0072,5,2026-07-05 19:29:00
R003179,U0043,M0054,3,2026-07-06 17:10:00
R003180,U0020,M0042,4,2026-08-13 21:15:00
R003181,U0062,M0009,4,2026-07-04 03:01:00
R003182,U0090,M0079,5,2026-08-20 10:09:00
R003183,U0165,M0016,5,2026-08-14 18:38:00
R003184,U0140,M0006,4,2026-07-11 17:22:00
R003185,U0069,M0069,3,2026-09-12 17:43:00
R003186,U0175,M0001,5,2026-09-04 09:26:00
R003187,U0018,M0098,4,2026-07-28 07:58:00
R003188,U0104,M0005,5,2026-07-12 23:30:00
R003189,U0018,M0005,4,2026-07-22 22:44:00
R003190,U0192,M0097,3,2026-08-28 23:36:00
R003191,U0057,M0099,5,2026-09-26 09:00:00
R003192,U0174,M0009,5,2026-07-31 05:22:00
R003193,U0051,M0065,5,2026-07-30 11:00:00
R003194,U0024,M0007,3,2026-09-03 10:49:00
R003195,U0127,M0007,4,2026-08-23 22:01:00
R003196,U0017,M0093,4,2026-08-01 15:31:00
R003197,U0174,M0005,5,2026-09-04 13:18:00
R003198,U0132,M0009,5,2026-09-25 16:43:00
R003199,U0021,M0007,5,2026-09-20 04:40:00
R003200,U0175,M0012,4,2026-07-07 11:57:00
R003201,U0108,M0004,3,2026-07-30 14:50:00
R003202,U0167,M0001,5,2026-09-06 02:49:00
R003203,U0138,M0057,5,2026-09-20 05:42:00
R003204,U0015,M0007,5,2026-07-30 10:55:00
R003205,U0039,M0026,3,2026-08-05 06:17:00
R003206,U0174,M0052,4,2026-08-31 16:30:00
R003207,U0078,M0010,5,2026-08-08 02:39:00
R003208,U0120,M0007,5,2026-08-20 18:02:00
R003209,U0027,M0034,5,2026-08-18 07:38:00
R003210,U0102,M0003,4,2026-07-26 14:08:00
R003211,U0045,M0009,3,2026-07-03 21:50:00
R003212,U0090,M0004,3,2026-07-04 20:31:00
R003213,U0055,M0008,5,2026-09-03 10:28:00
R003214,U0184,M0010,3,2026-08-10 21:08:00
R003215,U0176,M0065,4,2026-08-28 18:03:00
R003216,U0157,M0087,4,2026-08-01 22:48:00
R003217,U0074,M0002,4,2026-08-01 13:33:00
R003218,U0050,M0008,4,2026-07-04 13:02:00
R003219,U0082,M0010,3,2026-09-06 06:56:00
R003220,U0199,M0077,4,2026-08-06 06:54:00
R003221,U0075,M0037,5,2026-07-06 17:30:00
R003222,U0165,M0005,5,2026-07-22 22:18:00
R003223,U0193,M0012,5,2026-07-05 20:52:00
R003224,U0102,M0001,5,2026-07-13 00:52:00
R003225,U0147,M0018,5,2026-08-08 00:38:00
R003226,U0154,M0005,3,2026-07-20 16:09:00
R003227,U0056,M0057,4,2026-08-21 03:15:00
R003228,U0058,M0007,5,2026-08-12 19:26:00
R003229,U0149,M0010,5,2026-08-26 19:45:00
R003230,U0050,M0086,5,2026-07-17 12:10:00
R003231,U0112,M0061,5,2026-08-05 19:06:00
R003232,U0188,M0009,4,2026-08-30 15:04:00
R003233,U0063,M0047,5,2026-09-03 20:40:00
R003234,U0197,M0009,5,2026-08-02 02:17:00
R003235,U0175,M0094,4,2026-07-20 03:32:00
R003236,U0094,M0005,4,2026-07-17 16:32:00
R003237,U0196,M0074,3,2026-09-18 07:05:00
R003238,U0051,M0006,5,2026-07-17 13:33:00
R003239,U0169,M0048,5,2026-07-31 07:16:00
R003240,U0196,M0043,4,2026-08-21 07:17:00
R003241,U0200,M0003,4,2026-07-09 14:59:00
R003242,U0192,M0007,4,2026-08-11 10:55:00
R003243,U0135,M0007,4,2026-08-23 16:06:00
R003244,U0116,M0008,5,2026-09-18 12:12:00
R003245,U0162,M0013,4,2026-09-21 08:15:00
R003246,U0136,M0001,4,2026-07-30 14:46:00
R003247,U0033,M0034,4,2026-09-08 21:14:00
R003248,U0153,M0075,5,2026-07-21 22:02:00
R003249,U0195,M0058,4,2026-07-10 20:41:00
R003250,U0106,M0003,4,2026-07-23 13:47:00
R003251,U0171,M0004,4,2026-09-21 03:39:00
R003252,U0196,M0062,3,2026-08-31 22:13:00
R003253,U0172,M0003,5,2026-07-03 12:31:00
R003254,U0174,M0033,3,2026-07-29 12:20:00
R003255,U0077,M0007,4,2026-07-06 09:58:00
R003256,U0005,M0097,5,2026-07-26 07:49:00
R003257,U0016,M0098,5,2026-07-28 00:26:00
R003258,U0196,M0075,4,2026-08-06 14:39:00
R003259,U0116,M0009,5,2026-07-27 09:21:00
R003260,U0197,M0001,5,2026-08-15 04:55:00
R003261,U0091,M0012,5,2026-07-16 07:00:00
R003262,U0072,M0027,5,2026-07-24 22:23:00
R003263,U0019,M0095,4,2026-07-02 11:55:00
R003264,U0053,M0095,5,2026-09-06 10:46:00
R003265,U0171,M0042,4,2026-08-21 16:52:00
R003266,U0124,M0092,4,2026-09-03 19:06:00
R003267,U0071,M0007,3,2026-09-11 07:16:00
R003268,U0017,M0008,5,2026-08-17 10:13:00
R003269,U0075,M0014,4,2026-07-04 14:03:00
R003270,U0182,M0052,3,2026-09-24 14:24:00
R003271,U0169,M0007,3,2026-08-03 20:34:00
R003272,U0027,M0001,5,2026-09-21 22:36:00
R003273,U0094,M0011,5,2026-07-25 11:42:00
R003274,U0120,M0018,4,2026-08-09 11:43:00
R003275,U0016,M0007,5,2026-07-05 23:41:00
R003276,U0016,M0002,5,2026-09-10 20:49:00
R003277,U0112,M0004,4,2026-08-19 13:32:00
R003278,U0090,M0081,5,2026-07-23 03:36:00
R003279,U0184,M0006,5,2026-09-26 09:55:00
R003280,U0106,M0099,5,2026-09-23 06:09:00
R003281,U0142,M0078,4,2026-08-20 14:27:00
R003282,U0136,M0014,4,2026-08-11 23:57:00
R003283,U0070,M0070,4,2026-07-24 22:25:00
R003284,U0046,M0004,4,2026-08-05 09:57:00
R003285,U0119,M0007,5,2026-09-22 11:43:00
R003286,U0072,M0009,4,2026-09-10 22:56:00
R003287,U0026,M0069,3,2026-09-22 18:11:00
R003288,U0012,M0006,4,2026-09-22 02:11:00
R003289,U0178,M0011,5,2026-09-17 03:01:00
R003290,U0182,M0093,4,2026-09-05 06:10:00
R003291,U0153,M0010,4,2026-07-05 06:04:00
R003292,U0122,M0029,4,2026-07-03 09:35:00
R003293,U0126,M0012,5,2026-07-07 15:12:00
R003294,U0193,M0013,5,2026-07-08 19:13:00
R003295,U0142,M0040,5,2026-09-01 10:17:00
R003296,U0118,M0080,4,2026-07-21 03:10:00
R003297,U0009,M0050,3,2026-07-20 02:26:00
R003298,U0072,M0009,4,2026-07-12 07:03:00
R003299,U0035,M0005,4,2026-07-18 21:24:00
R003300,U0020,M0010,4,2026-07-06 11:39:00
R003301,U0001,M0040,4,2026-07-29 07:38:00
R003302,U0076,M0050,4,2026-09-27 08:47:00
R003303,U0187,M0060,4,2026-08-02 18:51:00
R003304,U0022,M0077,4,2026-08-03 21:35:00
R003305,U0135,M0089,5,2026-07-19 13:17:00
R003306,U0111,M0040,5,2026-09-14 16:12:00
R003307,U0167,M0062,5,2026-07-27 16:26:00
R003308,U0143,M0090,4,2026-08-03 15:23:00
R003309,U0125,M0081,4,2026-08-31 08:47:00
R003310,U0124,M0005,4,2026-07-06 15:06:00
R003311,U0150,M0007,3,2026-07-03 05:23:00
R003312,U0138,M0006,5,2026-07-25 00:25:00
R003313,U0028,M0085,3,2026-07-12 11:31:00
R003314,U0158,M0089,4,2026-08-08 02:39:00
R003315,U0057,M0008,4,2026-08-21 01:30:00
R003316,U0059,M0011,3,2026-08-03 20:25:00
R003317,U0036,M0043,4,2026-07-18 13:49:00
R003318,U0198,M0079,4,2026-09-15 16:05:00
R003319,U0136,M0085,4,2026-07-26 16:50:00
R003320,U0075,M0070,5,2026-08-28 05:15:00
R003321,U0069,M0021,3,2026-07-24 05:48:00
R003322,U0189,M0013,3,2026-08-14 12:00:00
R003323,U0047,M0001,5,2026-07-19 23:25:00
R003324,U0071,M0072,3,2026-07-02 07:01:00
R003325,U0036,M0006,5,2026-09-23 04:04:00
R003326,U0012,M0093,4,2026-09-12 17:13:00
R003327,U0176,M0004,4,2026-08-21 11:26:00
R003328,U0129,M0036,5,2026-08-07 16:19:00
R003329,U0087,M0099,4,2026-08-05 18:57:00
R003330,U0009,M0007,4,2026-07-24 03:53:00
R003331,U0051,M0032,5,2026-07-11 03:21:00
R003332,U0028,M0013,3,2026-08-28 19:57:00
R003333,U0088,M0003,5,2026-08-04 03:00:00
R003334,U0183,M0011,4,2026-08-04 23:41:00
R003335,U0050,M0006,5,2026-09-03 22:37:00
R003336,U0053,M0037,4,2026-09-07 01:41:00
R003337,U0032,M0002,5,2026-07-09 12:25:00
R003338,U0025,M0052,5,2026-08-11 21:41:00
R003339,U0065,M0051,3,2026-08-05 16:59:00
R003340,U0149,M0010,4,2026-07-06 10:07:00
R003341,U0032,M0001,5,2026-08-09 01:56:00
R003342,U0117,M0008,4,2026-08-12 06:04:00
R003343,U0128,M0038,4,2026-07-22 09:03:00
R003344,U0075,M0070,5,2026-08-27 23:18:00
R003345,U0101,M0008,3,2026-08-26 23:39:00
R003346,U0151,M0006,5,2026-07-16 10:43:00
R003347,U0199,M0008,3,2026-07-24 01:57:00
R003348,U0064,M0002,4,2026-09-07 09:54:00
R003349,U0140,M0037,4,2026-07-17 07:48:00
R003350,U0040,M0009,4,2026-07-22 02:12:00
R003351,U0144,M0076,4,2026-07-29 08:48:00
R003352,U0006,M0031,4,2026-09-15 17:18:00
R003353,U0056,M0010,4,2026-07-18 07:37:00
R003354,U0039,M0016,4,2026-07-30 03:36:00
R003355,U0023,M0098,4,2026-09-14 14:09:00
R003356,U0060,M0064,5,2026-08-25 15:12:00
R003357,U0110,M0012,5,2026-08-25 09:34:00
R003358,U0031,M0012,5,2026-09-11 15:57:00
R003359,U0173,M0010,4,2026-09-03 21:26:00
R003360,U0153,M0043,5,2026-08-02 12:24:00
R003361,U0106,M0048,5,2026-07-09 09:31:00
R003362,U0022,M0023,4,2026-07-13 09:52:00
R003363,U0043,M0011,4,2026-07-01 21:27:00
R003364,U0032,M0015,4,2026-09-21 22:41:00
R003365,U0181,M0029,5,2026-07-29 09:02:00
R003366,U0106,M0011,5,2026-07-06 06:12:00
R003367,U0165,M0010,4,2026-07-29 13:40:00
R003368,U0031,M0012,4,2026-09-01 07:18:00
R003369,U0044,M0056,3,2026-07-03 15:26:00
R003370,U0190,M0060,5,2026-07-12 00:56:00
R003371,U0086,M0010,5,2026-08-02 05:25:00
R003372,U0094,M0003,5,2026-09-12 00:42:00
R003373,U0115,M0053,5,2026-09-15 07:04:00
R003374,U0039,M0014,4,2026-07-26 17:04:00
R003375,U0097,M0096,5,2026-08-27 16:00:00
R003376,U0023,M0008,4,2026-09-03 23:53:00
R003377,U0191,M0012,4,2026-09-05 13:10:00
R003378,U0087,M0002,5,2026-08-30 13:31:00
R003379,U0108,M0044,5,2026-07-21 06:53:00
R003380,U0111,M0006,4,2026-07-27 08:04:00
R003381,U0024,M0010,5,2026-07-12 03:39:00
R003382,U0113,M0017,5,2026-07-17 11:04:00
R003383,U0012,M0013,4,2026-09-16 03:12:00
R003384,U0121,M0096,5,2026-08-03 18:00:00
R003385,U0129,M0028,4,2026-08-29 10:48:00
R003386,U0019,M0032,5,2026-07-17 04:49:00
R003387,U0147,M0006,4,2026-09-26 08:38:00
R003388,U0042,M0007,4,2026-09-14 09:45:00
R003389,U0107,M0043,5,2026-07-06 21:53:00
R003390,U0116,M0075,3,2026-08-25 03:07:00
R003391,U0019,M0009,4,2026-09-20 09:19:00
R003392,U0046,M0007,5,2026-07-27 16:45:00
R003393,U0002,M0004,5,2026-07-09 11:38:00
R003394,U0129,M0073,4,2026-07-12 12:20:00
R003395,U0036,M0097,5,2026-09-23 20:56:00
R003396,U0002,M0012,4,2026-09-21 00:27:00
R003397,U0183,M0053,5,2026-08-22 10:49:00
R003398,U0010,M0032,5,2026-07-13 21:28:00
R003399,U0046,M0004,4,2026-09-14 14:19:00
R003400,U0100,M0001,5,2026-09-26 01:56:00
R003401,U0062,M0010,4,2026-08-06 11:32:00
R003402,U0166,M0006,4,2026-09-16 13:43:00
R003403,U0178,M0003,4,2026-08-24 14:43:00
R003404,U0063,M0009,5,2026-09-02 03:38:00
R003405,U0068,M0096,5,2026-07-28 04:22:00
R003406,U0071,M0010,4,2026-09-05 13:21:00
R003407,U0197,M0011,5,2026-09-07 21:38:00
R003408,U0182,M0007,5,2026-08-23 03:13:00
R003409,U0026,M0010,5,2026-09-25 11:13:00
R003410,U0060,M0010,5,2026-07-26 07:08:00
R003411,U0196,M0011,4,2026-08-15 08:45:00
R003412,U0093,M0094,4,2026-09-06 09:25:00
R003413,U0199,M0021,5,2026-09-06 16:32:00
R003414,U0070,M0002,5,2026-07-18 09:56:00
R003415,U0179,M0077,3,2026-07-10 15:36:00
R003416,U0197,M0049,4,2026-08-29 14:43:00
R003417,U0074,M0063,3,2026-09-22 11:48:00
R003418,U0026,M0002,3,2026-07-06 18:42:00
R003419,U0052,M0095,4,2026-08-24 20:26:00
R003420,U0046,M0002,4,2026-09-10 14:24:00
R003421,U0176,M0001,3,2026-08-10 07:54:00
R003422,U0056,M0041,5,2026-09-24 16:46:00
R003423,U0019,M0009,4,2026-09-04 14:52:00
R003424,U0127,M0003,4,2026-09-08 08:18:00
R003425,U0132,M0077,3,2026-07-22 10:54:00
R003426,U0017,M0053,4,2026-08-12 15:01:00
R003427,U0051,M0001,4,2026-07-26 22:04:00
R003428,U0082,M0012,5,2026-07-06 11:09:00
R003429,U0019,M0044,5,2026-08-22 00:37:00
R003430,U0185,M0011,3,2026-07-25 05:57:00
R003431,U0190,M0070,5,2026-08-22 16:02:00
R003432,U0148,M0036,5,2026-09-02 19:34:00
R003433,U0122,M0002,3,2026-09-08 15:14:00
R003434,U0101,M0070,5,2026-08-15 00:40:00
R003435,U0035,M0032,5,2026-09-11 00:04:00
R003436,U0053,M0001,4,2026-09-28 06:04:00
R003437,U0153,M0022,5,2026-07-30 11:01:00
R003438,U0069,M0085,4,2026-08-08 15:45:00
R003439,U0173,M0011,5,2026-08-30 07:27:00
R003440,U0082,M0009,4,2026-08-01 17:58:00
R003441,U0133,M0081,4,2026-09-03 17:00:00
R003442,U0191,M0010,5,2026-07-20 04:00:00
R003443,U0149,M0004,5,2026-09-14 22:16:00
R003444,U0141,M0002,5,2026-07-07 03:35:00
R003445,U0067,M0034,4,2026-08-01 17:58:00
R003446,U0006,M0011,2,2026-08-11 07:45:00
R003447,U0070,M0070,4,2026-09-20 12:43:00
R003448,U0087,M0090,5,2026-07-30 08:44:00
R003449,U0071,M0003,5,2026-09-26 20:52:00
R003450,U0193,M0012,5,2026-07-25 20:24:00
R003451,U0150,M0003,4,2026-08-16 00:19:00
R003452,U0012,M0072,5,2026-09-28 06:07:00
R003453,U0139,M0058,4,2026-09-02 03:23:00
R003454,U0158,M0004,5,2026-09-14 07:08:00
R003455,U0053,M0008,3,2026-07-13 23:05:00
R003456,U0054,M0007,5,2026-08-08 07:59:00
R003457,U0014,M0092,4,2026-08-17 17:31:00
R003458,U0037,M0056,4,2026-08-30 14:58:00
R003459,U0195,M0048,5,2026-07-27 14:04:00
R003460,U0154,M0059,5,2026-07-05 00:29:00
R003461,U0195,M0074,5,2026-08-11 01:51:00
R003462,U0122,M0008,5,2026-09-27 17:52:00
R003463,U0051,M0006,4,2026-08-16 14:48:00
R003464,U0148,M0009,4,2026-08-06 11:44:00
R003465,U0116,M0051,4,2026-07-06 04:16:00
R003466,U0071,M0088,5,2026-07-11 14:04:00
R003467,U0154,M0018,4,2026-09-19 18:48:00
R003468,U0035,M0096,2,2026-09-21 11:39:00
R003469,U0048,M0091,4,2026-07-17 23:04:00
R003470,U0185,M0007,5,2026-09-25 04:43:00
R003471,U0175,M0007,4,2026-07-18 10:21:00
R003472,U0081,M0060,4,2026-09-02 02:02:00
R003473,U0036,M0006,4,2026-08-31 09:12:00
R003474,U0180,M0011,5,2026-08-10 14:42:00
R003475,U0095,M0010,5,2026-09-17 00:40:00
R003476,U0122,M0065,5,2026-07-23 23:45:00
R003477,U0060,M0098,4,2026-08-10 02:17:00
R003478,U0135,M0031,4,2026-08-04 02:19:00
R003479,U0111,M0003,4,2026-09-25 05:28:00
R003480,U0125,M0028,3,2026-09-11 18:15:00
R003481,U0065,M0010,4,2026-07-31 17:11:00
R003482,U0156,M0095,4,2026-07-11 05:51:00
R003483,U0100,M0093,4,2026-08-10 09:54:00
R003484,U0048,M0047,4,2026-09-14 21:20:00
R003485,U0168,M0071,5,2026-07-19 17:06:00
R003486,U0125,M0005,5,2026-08-18 19:33:00
R003487,U0199,M0008,5,2026-09-08 13:19:00
R003488,U0166,M0061,4,2026-07-09 05:46:00
R003489,U0093,M0017,5,2026-07-29 08:15:00
R003490,U0194,M0047,3,2026-07-11 17:03:00
R003491,U0076,M0005,5,2026-09-10 16:38:00
R003492,U0030,M0007,5,2026-09-22 02:47:00
R003493,U0174,M0027,3,2026-07-06 08:41:00
R003494,U0060,M0052,5,2026-07-24 11:19:00
R003495,U0073,M0093,5,2026-08-11 13:23:00
R003496,U0146,M0004,5,2026-09-14 05:44:00
R003497,U0067,M0001,5,2026-07-26 03:22:00
R003498,U0155,M0019,4,2026-07-14 05:50:00
R003499,U0112,M0070,4,2026-08-30 11:31:00
R003500,U0194,M0053,5,2026-08-31 07:52:00
R003501,U0033,M0093,5,2026-09-24 20:36:00
R003502,U0006,M0008,5,2026-08-09 17:05:00
R003503,U0111,M0022,5,2026-07-02 06:07:00
R003504,U0017,M0001,4,2026-07-19 23:44:00
R003505,U0115,M0079,5,2026-08-26 11:42:00
R003506,U0170,M0007,3,2026-07-03 09:28:00
R003507,U0031,M0002,4,2026-08-24 00:17:00
R003508,U0132,M0030,5,2026-09-27 16:24:00
R003509,U0004,M0010,5,2026-07-09 21:25:00
R003510,U0089,M0001,5,2026-08-17 06:28:00
R003511,U0133,M0048,5,2026-07-09 23:31:00
R003512,U0164,M0011,4,2026-07-03 12:39:00
R003513,U0127,M0037,4,2026-07-16 16:41:00
R003514,U0138,M0014,3,2026-08-06 13:02:00
R003515,U0127,M0002,5,2026-07-11 06:17:00
R003516,U0134,M0025,3,2026-08-04 04:39:00
R003517,U0058,M0005,4,2026-07-29 09:46:00
R003518,U0166,M0006,4,2026-07-29 03:03:00
R003519,U0169,M0007,5,2026-07-26 00:14:00
R003520,U0031,M0013,5,2026-07-26 01:45:00
R003521,U0178,M0007,4,2026-09-26 22:22:00
R003522,U0075,M0053,4,2026-07-03 22:12:00
R003523,U0013,M0006,5,2026-07-23 04:05:00
R003524,U0079,M0070,3,2026-07-16 14:54:00
R003525,U0098,M0076,5,2026-09-03 12:27:00
R003526,U0088,M0003,5,2026-09-14 02:55:00
R003527,U0054,M0011,2,2026-09-26 06:57:00
R003528,U0077,M0019,3,2026-08-29 20:36:00
R003529,U0061,M0090,4,2026-09-18 18:12:00
R003530,U0104,M0039,5,2026-08-07 02:53:00
R003531,U0057,M0001,4,2026-07-22 02:15:00
R003532,U0146,M0011,5,2026-08-31 15:00:00
R003533,U0051,M0005,4,2026-08-19 15:05:00
R003534,U0136,M0086,3,2026-09-24 09:41:00
R003535,U0029,M0088,5,2026-07-13 19:21:00
R003536,U0002,M0004,4,2026-09-28 12:16:00
R003537,U0149,M0001,4,2026-08-27 23:03:00
R003538,U0193,M0065,5,2026-09-14 21:25:00
R003539,U0114,M0002,5,2026-08-02 22:32:00
R003540,U0161,M0036,4,2026-08-30 05:03:00
R003541,U0094,M0042,3,2026-07-31 19:45:00
R003542,U0115,M0023,5,2026-07-10 03:03:00
R003543,U0152,M0011,4,2026-07-15 19:29:00
R003544,U0087,M0004,3,2026-08-27 00:38:00
R003545,U0010,M0001,4,2026-08-06 09:06:00
R003546,U0150,M0009,5,2026-08-24 14:36:00
R003547,U0118,M0099,3,2026-08-23 12:30:00
R003548,U0122,M0045,4,2026-07-02 23:07:00
R003549,U0106,M0024,5,2026-09-27 18:12:00
R003550,U0145,M0039,5,2026-07-14 05:33:00
R003551,U0022,M0100,4,2026-08-17 01:49:00
R003552,U0032,M0034,5,2026-08-25 04:04:00
R003553,U0049,M0081,4,2026-08-05 14:55:00
R003554,U0134,M0053,4,2026-07-28 18:41:00
R003555,U0169,M0009,5,2026-08-13 07:38:00
R003556,U0106,M0003,3,2026-07-14 21:22:00
R003557,U0098,M0011,5,2026-09-06 21:34:00
R003558,U0021,M0004,4,2026-08-28 21:03:00
R003559,U0149,M0002,4,2026-08-10 14:39:00
R003560,U0183,M0004,3,2026-07-15 01:32:00
R003561,U0009,M0007,4,2026-07-30 02:14:00
R003562,U0172,M0004,5,2026-07-20 15:56:00
R003563,U0034,M0082,5,2026-09-28 12:37:00
R003564,U0113,M0041,5,2026-08-19 01:40:00
R003565,U0162,M0007,4,2026-07-30 16:41:00
R003566,U0098,M0052,5,2026-07-09 23:32:00
R003567,U0150,M0024,4,2026-08-04 23:14:00
R003568,U0008,M0044,4,2026-09-21 02:10:00
R003569,U0094,M0062,5,2026-09-27 06:05:00
R003570,U0001,M0017,4,2026-09-26 11:16:00
R003571,U0091,M0046,5,2026-07-29 01:06:00
R003572,U0023,M0079,5,2026-08-04 20:42:00
R003573,U0028,M0010,4,2026-09-09 21:16:00
R003574,U0090,M0089,4,2026-07-26 21:34:00
R003575,U0029,M0005,3,2026-07-11 20:08:00
R003576,U0029,M0015,3,2026-08-30 21:20:00
R003577,U0139,M0077,4,2026-07-17 06:26:00
R003578,U0151,M0097,4,2026-09-14 17:39:00
R003579,U0188,M0035,4,2026-07-12 02:52:00
R003580,U0128,M0034,3,2026-07-25 14:28:00
R003581,U0100,M0051,4,2026-07-06 00:28:00
R003582,U0039,M0086,4,2026-09-09 22:54:00
R003583,U0191,M0008,4,2026-09-16 03:32:00
R003584,U0107,M0013,3,2026-08-08 20:36:00
R003585,U0156,M0014,5,2026-07-17 03:35:00
R003586,U0171,M0099,5,2026-09-26 07:10:00
R003587,U0155,M0023,4,2026-07-02 02:57:00
R003588,U0076,M0030,4,2026-08-23 03:29:00
R003589,U0094,M0087,4,2026-08-06 11:51:00
R003590,U0089,M0002,4,2026-08-12 15:15:00
R003591,U0123,M0053,5,2026-08-09 21:06:00
R003592,U0084,M0010,3,2026-07-08 23:43:00
R003593,U0110,M0012,4,2026-08-24 06:19:00
R003594,U0034,M0010,5,2026-09-18 00:20:00
R003595,U0061,M0008,4,2026-09-25 10:54:00
R003596,U0111,M0081,4,2026-08-01 10:30:00
R003597,U0016,M0003,5,2026-07-08 18:06:00
R003598,U0198,M0011,4,2026-07-08 18:24:00
R003599,U0145,M0043,4,2026-08-23 21:44:00
R003600,U0077,M0009,4,2026-07-08 21:54:00
R003601,U0006,M0001,4,2026-09-13 09:36:00
R003602,U0175,M0003,5,2026-07-26 22:10:00
R003603,U0151,M0005,5,2026-09-21 13:35:00
R003604,U0036,M0048,2,2026-09-02 14:29:00
R003605,U0182,M0068,3,2026-08-31 17:35:00
R003606,U0052,M0003,4,2026-07-13 08:30:00
R003607,U0073,M0005,5,2026-09-12 05:04:00
R003608,U0171,M0060,4,2026-08-14 14:13:00
R003609,U0165,M0032,5,2026-07-09 10:46:00
R003610,U0022,M0085,3,2026-08-24 18:05:00
R003611,U0073,M0005,4,2026-08-01 23:32:00
R003612,U0001,M0001,4,2026-07-03 04:23:00
R003613,U0183,M0068,4,2026-09-27 03:30:00
R003614,U0106,M0030,5,2026-09-27 13:20:00
R003615,U0176,M0005,4,2026-09-22 20:22:00
R003616,U0023,M0099,3,2026-07-29 20:41:00
R003617,U0035,M0055,4,2026-09-20 11:16:00
R003618,U0127,M0003,4,2026-07-10 20:30:00
R003619,U0105,M0036,3,2026-08-31 04:41:00
R003620,U0070,M0027,3,2026-07-29 07:36:00
R003621,U0198,M0004,5,2026-07-04 19:39:00
R003622,U0189,M0012,4,2026-09-20 08:09:00
R003623,U0115,M0097,5,2026-07-15 21:21:00
R003624,U0013,M0019,5,2026-07-15 17:51:00
R003625,U0013,M0055,3,2026-08-28 11:41:00
R003626,U0124,M0070,5,2026-09-01 02:16:00
R003627,U0077,M0011,4,2026-07-04 18:46:00
R003628,U0110,M0069,4,2026-09-01 12:21:00
R003629,U0100,M0041,5,2026-07-12 19:50:00
R003630,U0061,M0010,5,2026-07-15 10:08:00
R003631,U0009,M0065,4,2026-08-23 10:02:00
R003632,U0012,M0032,5,2026-07-21 02:04:00
R003633,U0072,M0011,4,2026-08-20 17:24:00
R003634,U0086,M0009,4,2026-09-18 19:18:00
R003635,U0009,M0056,4,2026-08-15 21:53:00
R003636,U0156,M0094,4,2026-07-01 11:42:00
R003637,U0059,M0034,4,2026-08-29 04:53:00
R003638,U0093,M0006,2,2026-07-13 08:14:00
R003639,U0051,M0080,4,2026-08-07 04:34:00
R003640,U0142,M0089,4,2026-09-23 12:27:00
R003641,U0013,M0034,4,2026-08-22 07:56:00
R003642,U0110,M0008,4,2026-09-03 18:17:00
R003643,U0079,M0024,5,2026-08-28 08:08:00
R003644,U0178,M0078,5,2026-08-17 08:18:00
R003645,U0127,M0072,5,2026-08-21 20:02:00
R003646,U0011,M0006,5,2026-08-22 16:56:00
R003647,U0025,M0006,5,2026-09-24 01:49:00
R003648,U0029,M0006,5,2026-07-15 13:19:00
R003649,U0075,M0046,5,2026-08-02 12:46:00
R003650,U0023,M0043,5,2026-09-25 21:49:00
R003651,U0084,M0004,4,2026-08-29 22:18:00
R003652,U0089,M0081,4,2026-08-07 11:30:00
R003653,U0181,M0073,4,2026-07-07 10:13:00
R003654,U0083,M0047,5,2026-08-27 07:06:00
R003655,U0100,M0026,4,2026-09-15 09:08:00
R003656,U0161,M0058,5,2026-07-13 07:30:00
R003657,U0153,M0035,4,2026-07-29 04:17:00
R003658,U0180,M0048,4,2026-07-15 21:53:00
R003659,U0088,M0045,5,2026-08-12 16:15:00
R003660,U0074,M0005,5,2026-09-27 12:23:00
R003661,U0045,M0092,5,2026-08-23 14:18:00
R003662,U0133,M0013,4,2026-07-10 05:07:00
R003663,U0179,M0011,4,2026-07-27 11:52:00
R003664,U0193,M0004,4,2026-09-09 02:53:00
R003665,U0031,M0086,5,2026-08-26 17:06:00
R003666,U0106,M0088,5,2026-07-02 03:09:00
R003667,U0127,M0096,5,2026-07-19 12:04:00
R003668,U0081,M0006,4,2026-09-18 08:44:00
R003669,U0034,M0006,5,2026-08-23 14:22:00
R003670,U0128,M0010,5,2026-07-23 19:13:00
R003671,U0158,M0002,5,2026-07-23 14:21:00
R003672,U0127,M0008,5,2026-07-18 12:18:00
R003673,U0157,M0031,5,2026-07-07 18:33:00
R003674,U0010,M0014,5,2026-09-10 22:06:00
R003675,U0008,M0031,5,2026-07-02 01:49:00
R003676,U0129,M0068,3,2026-07-22 21:58:00
R003677,U0157,M0041,3,2026-07-18 01:41:00
R003678,U0083,M0006,4,2026-08-07 01:06:00
R003679,U0147,M0047,5,2026-09-24 23:02:00
R003680,U0038,M0071,4,2026-07-20 16:49:00
R003681,U0140,M0067,5,2026-08-19 13:22:00
R003682,U0167,M0007,5,2026-09-14 03:42:00
R003683,U0156,M0077,4,2026-07-17 07:32:00
R003684,U0180,M0016,5,2026-09-20 01:00:00
R003685,U0197,M0005,5,2026-09-02 07:12:00
R003686,U0041,M0090,4,2026-09-03 11:00:00
R003687,U0018,M0031,5,2026-07-25 11:44:00
R003688,U0147,M0006,4,2026-07-04 09:50:00
R003689,U0032,M0001,4,2026-09-17 23:36:00
R003690,U0160,M0083,4,2026-09-26 19:43:00
R003691,U0064,M0087,4,2026-07-21 20:25:00
R003692,U0093,M0003,5,2026-07-07 10:21:00
R003693,U0030,M0078,5,2026-08-04 19:45:00
R003694,U0077,M0006,4,2026-07-10 16:38:00
R003695,U0037,M0067,4,2026-08-26 14:15:00
R003696,U0118,M0072,4,2026-07-18 06:47:00
R003697,U0126,M0031,4,2026-09-01 21:12:00
R003698,U0017,M0012,5,2026-08-19 11:51:00
R003699,U0172,M0032,4,2026-09-08 22:24:00
R003700,U0016,M0069,4,2026-08-06 01:04:00
R003701,U0003,M0017,4,2026-08-18 12:58:00
R003702,U0026,M0006,3,2026-07-14 11:59:00
R003703,U0057,M0009,5,2026-08-25 20:26:00
R003704,U0107,M0003,5,2026-08-22 02:41:00
R003705,U0190,M0004,4,2026-09-12 07:20:00
R003706,U0065,M0003,4,2026-07-27 05:44:00
R003707,U0157,M0086,5,2026-07-10 09:06:00
R003708,U0118,M0024,5,2026-07-06 03:26:00
R003709,U0096,M0005,5,2026-08-07 12:00:00
R003710,U0155,M0002,5,2026-07-11 01:01:00
R003711,U0004,M0044,5,2026-09-06 03:05:00
R003712,U0011,M0010,5,2026-07-22 18:20:00
R003713,U0159,M0004,4,2026-08-18 22:40:00
R003714,U0082,M0009,4,2026-08-07 00:37:00
R003715,U0176,M0031,5,2026-07-21 04:36:00
R003716,U0044,M0006,5,2026-08-22 12:45:00
R003717,U0056,M0053,5,2026-09-13 15:08:00
R003718,U0137,M0089,4,2026-09-09 21:52:00
R003719,U0108,M0005,5,2026-09-01 10:04:00
R003720,U0081,M0007,5,2026-09-10 14:48:00
R003721,U0011,M0034,4,2026-09-18 15:05:00
R003722,U0066,M0006,4,2026-07-03 22:29:00
R003723,U0015,M0015,4,2026-08-03 14:44:00
R003724,U0027,M0066,4,2026-08-01 13:19:00
R003725,U0131,M0034,4,2026-08-09 16:58:00
R003726,U0055,M0002,5,2026-09-04 07:41:00
R003727,U0010,M0061,5,2026-07-01 22:11:00
R003728,U0109,M0045,3,2026-09-05 05:17:00
R003729,U0038,M0010,5,2026-08-21 11:00:00
R003730,U0195,M0005,2,2026-07-24 10:08:00
R003731,U0173,M0001,5,2026-08-02 19:09:00
R003732,U0193,M0069,5,2026-07-27 07:55:00
R003733,U0159,M0065,4,2026-09-13 04:51:00
R003734,U0035,M0002,5,2026-08-16 02:30:00
R003735,U0058,M0001,5,2026-07-27 10:48:00
R003736,U0032,M0033,4,2026-07-31 04:47:00
R003737,U0130,M0075,3,2026-08-20 02:34:00
R003738,U0065,M0071,4,2026-08-14 04:09:00
R003739,U0199,M0061,3,2026-07-29 02:05:00
R003740,U0042,M0090,5,2026-08-07 13:54:00
R003741,U0141,M0004,5,2026-08-27 05:49:00
R003742,U0141,M0002,5,2026-07-18 18:58:00
R003743,U0195,M0001,5,2026-08-26 02:40:00
R003744,U0120,M0029,5,2026-07-11 18:57:00
R003745,U0045,M0011,5,2026-09-22 03:05:00
R003746,U0039,M0078,4,2026-08-16 13:47:00
R003747,U0090,M0041,4,2026-07-21 13:10:00
R003748,U0115,M0006,5,2026-08-07 22:57:00
R003749,U0135,M0074,5,2026-09-11 11:08:00
R003750,U0043,M0036,5,2026-07-21 20:30:00
R003751,U0101,M0016,3,2026-07-02 16:08:00
R003752,U0089,M0006,4,2026-08-19 14:04:00
R003753,U0144,M0005,5,2026-09-26 18:53:00
R003754,U0115,M0069,4,2026-08-15 21:22:00
R003755,U0063,M0081,4,2026-07-25 05:38:00
R003756,U0107,M0002,5,2026-07-21 03:01:00
R003757,U0062,M0008,4,2026-09-13 12:21:00
R003758,U0166,M0005,5,2026-09-01 22:36:00
R003759,U0131,M0087,5,2026-08-30 10:27:00
R003760,U0111,M0015,4,2026-08-27 21:47:00
R003761,U0044,M0036,4,2026-08-24 01:37:00
R003762,U0195,M0035,4,2026-08-11 16:40:00
R003763,U0092,M0028,4,2026-09-23 17:37:00
R003764,U0011,M0014,5,2026-09-23 12:37:00
R003765,U0146,M0061,5,2026-07-20 00:32:00
R003766,U0151,M0005,4,2026-07-21 20:59:00
R003767,U0155,M0008,4,2026-09-07 23:21:00
R003768,U0103,M0002,5,2026-09-03 21:19:00
R003769,U0169,M0080,3,2026-09-27 21:40:00
R003770,U0087,M0009,3,2026-08-23 20:41:00
R003771,U0099,M0009,5,2026-08-24 11:01:00
R003772,U0055,M0026,3,2026-07-18 07:22:00
R003773,U0002,M0036,4,2026-07-25 18:50:00
R003774,U0147,M0008,3,2026-07-23 00:17:00
R003775,U0031,M0009,5,2026-09-18 13:53:00
R003776,U0098,M0006,4,2026-07-18 01:46:00
R003777,U0067,M0005,4,2026-08-11 08:00:00
R003778,U0004,M0068,3,2026-09-03 18:16:00
R003779,U0098,M0100,5,2026-07-12 21:39:00
R003780,U0106,M0008,5,2026-08-27 21:45:00
R003781,U0107,M0003,5,2026-09-04 14:38:00
R003782,U0148,M0049,3,2026-09-03 00:06:00
R003783,U0096,M0063,4,2026-07-19 04:52:00
R003784,U0013,M0008,4,2026-07-24 01:42:00
R003785,U0051,M0094,5,2026-08-20 09:14:00
R003786,U0195,M0090,4,2026-08-10 04:10:00
R003787,U0104,M0071,4,2026-08-30 13:03:00
R003788,U0042,M0004,5,2026-07-05 16:25:00
R003789,U0003,M0053,4,2026-07-02 23:59:00
R003790,U0143,M0010,4,2026-08-16 23:29:00
R003791,U0085,M0078,4,2026-07-05 13:59:00
R003792,U0197,M0017,4,2026-07-09 12:13:00
R003793,U0053,M0038,3,2026-08-24 10:01:00
R003794,U0119,M0089,3,2026-08-29 10:37:00
R003795,U0070,M0003,4,2026-07-18 10:52:00
R003796,U0054,M0003,4,2026-08-19 03:31:00
R003797,U0092,M0003,5,2026-09-20 09:54:00
R003798,U0171,M0067,4,2026-07-09 19:33:00
R003799,U0152,M0026,5,2026-07-14 14:08:00
R003800,U0031,M0013,5,2026-09-04 19:26:00
R003801,U0114,M0001,5,2026-08-17 21:04:00
R003802,U0013,M0034,5,2026-09-22 02:26:00
R003803,U0095,M0021,4,2026-07-24 05:18:00
R003804,U0058,M0048,4,2026-09-13 01:24:00
R003805,U0053,M0012,5,2026-07-23 09:33:00
R003806,U0178,M0024,4,2026-09-04 09:18:00
R003807,U0133,M0061,5,2026-09-24 14:39:00
R003808,U0096,M0085,5,2026-08-05 06:19:00
R003809,U0065,M0035,5,2026-09-05 10:46:00
R003810,U0148,M0011,5,2026-07-20 08:44:00
R003811,U0062,M0080,4,2026-08-18 10:27:00
R003812,U0102,M0007,4,2026-09-24 19:48:00
R003813,U0023,M0002,5,2026-08-04 05:17:00
R003814,U0191,M0003,4,2026-09-04 23:45:00
R003815,U0060,M0072,4,2026-07-16 12:45:00
R003816,U0174,M0078,4,2026-08-30 01:50:00
R003817,U0036,M0005,4,2026-08-20 17:40:00
R003818,U0131,M0060,5,2026-08-29 09:07:00
R003819,U0126,M0008,5,2026-08-01 06:53:00
R003820,U0026,M0002,4,2026-09-07 12:23:00
R003821,U0199,M0061,5,2026-09-27 05:09:00
R003822,U0179,M0026,4,2026-09-23 02:05:00
R003823,U0146,M0095,4,2026-09-01 16:27:00
R003824,U0122,M0072,4,2026-09-08 11:07:00
R003825,U0058,M0056,5,2026-08-08 15:39:00
R003826,U0066,M0022,5,2026-08-09 08:23:00
R003827,U0118,M0009,5,2026-08-26 04:32:00
R003828,U0005,M0076,3,2026-09-05 09:53:00
R003829,U0112,M0029,4,2026-08-23 09:39:00
R003830,U0147,M0073,5,2026-07-17 15:17:00
R003831,U0079,M0068,5,2026-07-25 22:40:00
R003832,U0140,M0044,4,2026-07-26 18:17:00
R003833,U0102,M0090,4,2026-09-15 20:16:00
R003834,U0179,M0009,4,2026-08-04 08:34:00
R003835,U0076,M0009,4,2026-09-20 00:32:00
R003836,U0111,M0003,5,2026-08-18 16:25:00
R003837,U0179,M0021,4,2026-08-22 12:10:00
R003838,U0151,M0093,5,2026-09-05 19:18:00
R003839,U0047,M0002,5,2026-08-18 09:29:00
R003840,U0022,M0003,3,2026-09-05 03:18:00
R003841,U0133,M0045,5,2026-09-10 15:49:00
R003842,U0188,M0094,4,2026-08-14 18:23:00
R003843,U0127,M0040,5,2026-07-16 17:11:00
R003844,U0199,M0005,5,2026-07-21 01:57:00
R003845,U0163,M0067,5,2026-08-31 19:33:00
R003846,U0047,M0036,4,2026-09-10 21:16:00
R003847,U0132,M0080,4,2026-08-03 19:28:00
R003848,U0138,M0077,5,2026-08-20 09:14:00
R003849,U0129,M0004,4,2026-09-03 19:25:00
R003850,U0038,M0088,5,2026-09-25 08:31:00
R003851,U0017,M0061,3,2026-08-25 16:43:00
R003852,U0128,M0054,5,2026-07-05 16:27:00
R003853,U0073,M0008,4,2026-07-17 19:38:00
R003854,U0182,M0011,4,2026-07-13 08:19:00
R003855,U0002,M0012,4,2026-08-12 18:56:00
R003856,U0008,M0039,3,2026-08-22 01:06:00
R003857,U0032,M0065,5,2026-08-26 10:15:00
R003858,U0053,M0058,4,2026-08-29 03:21:00
R003859,U0176,M0060,4,2026-07-01 12:53:00
R003860,U0163,M0042,5,2026-09-28 01:56:00
R003861,U0050,M0054,5,2026-07-01 09:18:00
R003862,U0148,M0010,4,2026-07-23 02:49:00
R003863,U0050,M0018,4,2026-07-15 10:51:00
R003864,U0155,M0005,5,2026-08-05 11:35:00
R003865,U0111,M0032,4,2026-09-23 20:47:00
R003866,U0159,M0028,4,2026-09-06 10:49:00
R003867,U0034,M0005,4,2026-09-17 06:43:00
R003868,U0108,M0010,5,2026-08-11 23:48:00
R003869,U0118,M0072,5,2026-08-06 02:37:00
R003870,U0153,M0049,5,2026-09-13 12:03:00
R003871,U0064,M0079,4,2026-09-08 18:56:00
R003872,U0026,M0004,4,2026-09-23 13:18:00
R003873,U0077,M0053,5,2026-09-25 16:16:00
R003874,U0120,M0021,3,2026-08-16 22:16:00
R003875,U0119,M0011,5,2026-08-19 18:38:00
R003876,U0184,M0003,4,2026-08-09 15:00:00
R003877,U0160,M0073,4,2026-09-18 23:03:00
R003878,U0063,M0091,5,2026-09-04 08:08:00
R003879,U0122,M0051,4,2026-08-28 05:14:00
R003880,U0025,M0022,5,2026-07-01 03:46:00
R003881,U0069,M0004,5,2026-09-21 23:25:00
R003882,U0036,M0074,3,2026-08-14 16:45:00
R003883,U0070,M0078,4,2026-08-28 07:38:00
R003884,U0120,M0037,4,2026-08-17 15:17:00
R003885,U0036,M0075,5,2026-07-06 12:08:00
R003886,U0190,M0060,4,2026-08-16 23:12:00
R003887,U0189,M0008,5,2026-07-04 22:24:00
R003888,U0141,M0068,5,2026-07-31 18:15:00
R003889,U0146,M0075,3,2026-07-19 08:42:00
R003890,U0115,M0021,5,2026-09-21 10:52:00
R003891,U0177,M0049,5,2026-08-09 06:28:00
R003892,U0001,M0059,5,2026-07-20 16:49:00
R003893,U0083,M0063,5,2026-07-14 23:24:00
R003894,U0048,M0003,5,2026-08-14 17:34:00
R003895,U0199,M0037,4,2026-07-29 14:32:00
R003896,U0183,M0031,4,2026-09-10 19:16:00
R003897,U0186,M0007,5,2026-07-05 16:02:00
R003898,U0109,M0097,4,2026-08-27 16:36:00
R003899,U0047,M0050,4,2026-07-31 22:53:00
R003900,U0131,M0038,4,2026-09-21 15:11:00
R003901,U0091,M0006,5,2026-09-26 04:26:00
R003902,U0194,M0003,5,2026-07-06 12:02:00
R003903,U0164,M0008,4,2026-07-22 13:05:00
R003904,U0097,M0099,3,2026-07-09 18:15:00
R003905,U0111,M0081,5,2026-07-01 12:29:00
R003906,U0178,M0037,5,2026-09-06 11:40:00
R003907,U0143,M0068,4,2026-08-13 00:08:00
R003908,U0067,M0066,4,2026-08-04 19:57:00
R003909,U0056,M0003,4,2026-09-06 11:53:00
R003910,U0162,M0021,4,2026-09-02 11:38:00
R003911,U0039,M0016,3,2026-08-21 13:44:00
R003912,U0096,M0039,5,2026-07-29 18:53:00
R003913,U0106,M0036,4,2026-09-16 04:16:00
R003914,U0127,M0001,4,2026-09-24 01:59:00
R003915,U0200,M0007,5,2026-08-30 10:32:00
R003916,U0193,M0005,3,2026-09-05 01:17:00
R003917,U0152,M0021,4,2026-08-03 19:11:00
R003918,U0140,M0001,3,2026-09-07 00:48:00
R003919,U0025,M0012,5,2026-09-24 09:25:00
R003920,U0101,M0025,5,2026-08-11 14:45:00
R003921,U0118,M0008,5,2026-09-07 11:52:00
R003922,U0024,M0094,3,2026-07-30 09:12:00
R003923,U0141,M0017,5,2026-09-27 15:29:00
R003924,U0067,M0010,5,2026-08-21 20:27:00
R003925,U0008,M0047,4,2026-08-30 00:07:00
R003926,U0166,M0002,2,2026-09-10 11:07:00
R003927,U0186,M0092,4,2026-08-06 00:57:00
R003928,U0131,M0011,4,2026-09-13 03:43:00
R003929,U0044,M0060,5,2026-07-16 03:43:00
R003930,U0014,M0011,3,2026-08-12 21:22:00
R003931,U0151,M0016,5,2026-08-15 12:30:00
R003932,U0047,M0001,4,2026-07-05 02:52:00
R003933,U0106,M0096,4,2026-07-31 09:10:00
R003934,U0064,M0035,5,2026-07-19 03:06:00
R003935,U0022,M0064,5,2026-09-22 10:35:00
R003936,U0088,M0004,5,2026-07-24 18:17:00
R003937,U0006,M0008,4,2026-09-08 22:47:00
R003938,U0187,M0061,5,2026-08-30 06:12:00
R003939,U0112,M0001,3,2026-08-27 22:47:00
R003940,U0165,M0034,4,2026-08-08 21:03:00
R003941,U0134,M0076,5,2026-07-18 11:06:00
R003942,U0185,M0012,4,2026-09-06 20:28:00
R003943,U0017,M0005,4,2026-08-19 09:40:00
R003944,U0091,M0078,5,2026-07-07 11:23:00
R003945,U0163,M0040,4,2026-09-16 00:02:00
R003946,U0114,M0016,4,2026-07-31 15:28:00
R003947,U0082,M0002,5,2026-09-23 10:28:00
R003948,U0006,M0005,4,2026-08-30 10:41:00
R003949,U0131,M0032,3,2026-08-05 02:13:00
R003950,U0040,M0008,5,2026-09-21 10:53:00
R003951,U0016,M0073,5,2026-09-27 18:32:00
R003952,U0020,M0092,4,2026-09-15 20:40:00
R003953,U0054,M0005,5,2026-09-23 09:14:00
R003954,U0035,M0080,5,2026-07-31 15:23:00
R003955,U0136,M0012,5,2026-08-24 03:30:00
R003956,U0027,M0050,4,2026-09-06 13:49:00
R003957,U0095,M0022,5,2026-07-05 11:20:00
R003958,U0120,M0001,4,2026-08-24 10:04:00
R003959,U0074,M0002,5,2026-09-12 03:26:00
R003960,U0039,M0054,5,2026-08-27 14:24:00
R003961,U0041,M0031,4,2026-07-10 05:12:00
R003962,U0056,M0004,5,2026-08-25 14:21:00
R003963,U0050,M0088,5,2026-09-09 21:42:00
R003964,U0062,M0068,4,2026-07-05 19:28:00
R003965,U0030,M0014,3,2026-07-22 08:55:00
R003966,U0156,M0030,4,2026-09-23 01:31:00
R003967,U0056,M0010,4,2026-07-11 10:45:00
R003968,U0114,M0010,5,2026-08-06 06:55:00
R003969,U0058,M0003,5,2026-08-03 03:40:00
R003970,U0068,M0040,5,2026-09-23 00:23:00
R003971,U0198,M0011,5,2026-09-19 07:59:00
R003972,U0121,M0009,3,2026-09-18 07:41:00
R003973,U0033,M0006,3,2026-08-09 11:23:00
R003974,U0197,M0018,3,2026-09-26 17:09:00
R003975,U0136,M0009,5,2026-08-17 04:56:00
R003976,U0022,M0009,4,2026-09-15 16:59:00
R003977,U0033,M0043,5,2026-08-25 05:05:00
R003978,U0113,M0050,4,2026-09-19 14:04:00
R003979,U0144,M0005,5,2026-09-09 12:47:00
R003980,U0001,M0010,3,2026-07-02 13:24:00
R003981,U0077,M0012,2,2026-09-18 12:56:00
R003982,U0088,M0046,4,2026-08-10 16:38:00
R003983,U0140,M0020,5,2026-09-25 08:06:00
R003984,U0185,M0074,5,2026-09-12 04:33:00
R003985,U0192,M0094,5,2026-08-12 19:08:00
R003986,U0084,M0003,3,2026-07-19 09:55:00
R003987,U0053,M0034,5,2026-09-05 08:55:00
R003988,U0110,M0011,3,2026-08-01 21:52:00
R003989,U0149,M0037,4,2026-07-17 23:28:00
R003990,U0160,M0057,5,2026-08-29 18:46:00
R003991,U0169,M0016,4,2026-07-19 05:47:00
R003992,U0042,M0075,5,2026-09-04 06:28:00
R003993,U0081,M0068,5,2026-09-24 21:07:00
R003994,U0019,M0011,4,2026-07-23 07:45:00
R003995,U0152,M0012,5,2026-09-23 18:37:00
R003996,U0119,M0066,5,2026-07-13 06:02:00
R003997,U0174,M0078,3,2026-09-19 20:27:00
R003998,U0062,M0045,5,2026-09-22 10:05:00
R003999,U0129,M0007,5,2026-08-12 15:11:00
R004000,U0001,M0088,5,2026-07-12 01:01:00
