watch_id,user_id,movie_id,watch_timestamp,watch_duration,device
W000001,U0030,M0014,2026-07-22 08:55:00,105,Tablet
W000002,U0095,M0007,2026-08-23 11:03:00,87,TV
W000003,U0107,M0091,2026-09-14 21:13:00,109,Web
W000004,U0009,M0001,2026-07-20 18:37:00,110,Tablet
W000005,U0114,M0061,2026-09-16 20:45:00,73,Web
W000006,U0140,M0012,2026-07-06 12:16:00,92,Tablet
W000007,U0071,M0038,2026-09-27 03:04:00,117,Tablet
W000008,U0024,M0049,2026-08-28 09:49:00,109,Mobile
W000009,U0013,M0006,2026-07-23 04:05:00,95,TV
W000010,U0018,M0047,2026-08-23 08:58:00,128,TV
W000011,U0060,M0009,2026-09-09 11:38:00,104,Mobile
W000012,U0071,M0015,2026-09-28 21:17:00,118,TV
W000013,U0139,M0069,2026-09-11 16:22:00,76,Mobile
W000014,U0034,M0061,2026-08-02 14:35:00,129,TV
W000015,U0151,M0001,2026-07-02 10:28:00,111,Tablet
W000016,U0135,M0087,2026-09-06 20:55:00,98,Mobile
W000017,U0122,M0010,2026-09-09 19:36:00,120,Tablet
W000018,U0129,M0049,2026-09-25 01:17:00,103,Mobile
W000019,U0187,M0095,2026-08-11 16:36:00,121,Tablet
W000020,U0103,M0006,2026-09-01 10:48:00,70,Mobile
W000021,U0126,M0008,2026-07-07 16:32:00,149,TV
W000022,U0017,M0005,2026-07-26 00:46:00,77,Web
W000023,U0098,M0086,2026-08-11 07:09:00,88,Mobile
W000024,U0168,M0046,2026-08-09 03:30:00,102,Tablet
W000025,U0059,M0011,2026-07-31 20:24:00,98,Mobile
W000026,U0081,M0006,2026-07-29 10:43:00,58,Web
W000027,U0096,M0019,2026-09-01 12:23:00,137,Mobile
W000028,U0024,M0002,2026-07-09 18:56:00,101,Web
W000029,U0034,M0053,2026-08-23 09:09:00,110,Mobile
W000030,U0106,M0010,2026-09-18 12:25:00,129,Tablet
W000031,U0185,M0002,2026-09-27 03:29:00,100,Mobile
W000032,U0148,M0011,2026-07-20 08:44:00,104,TV
W000033,U0169,M0003,2026-07-21 09:52:00,107,Web
W000034,U0030,M0083,2026-08-22 06:08:00,89,TV
W000035,U0110,M0013,2026-08-25 10:22:00,117,Web
W000036,U0008,M0033,2026-07-25 20:58:00,59,Web
W000037,U0087,M0003,2026-07-01 13:20:00,101,Tablet
W000038,U0018,M0013,2026-09-06 10:40:00,100,Mobile
W000039,U0024,M0051,2026-08-04 05:48:00,117,Web
W000040,U0080,M0007,2026-09-09 17:01:00,101,Mobile
W000041,U0014,M0015,2026-07-15 07:52:00,92,Mobile
W000042,U0070,M0007,2026-08-30 06:01:00,87,Tablet
W000043,U0125,M0002,2026-08-07 16:47:00,100,Mobile
W000044,U0089,M0008,2026-07-11 02:14:00,166,Web
W000045,U0174,M0006,2026-08-17 23:06:00,71,Tablet
W000046,U0154,M0018,2026-07-01 16:47:00,62,TV
W000047,U0078,M0044,2026-09-08 20:18:00,88,Web
W000048,U0031,M0029,2026-08-15 06:33:00,79,Tablet
W000049,U0045,M0002,2026-08-04 14:34:00,91,Web
W000050,U0019,M0008,2026-09-17 10:33:00,133,Mobile
W000051,U0112,M0077,2026-08-11 20:20:00,157,Tablet
W000052,U0147,M0007,2026-09-03 13:55:00,76,Tablet
W000053,U0075,M0086,2026-08-06 20:48:00,123,Tablet
W000054,U0177,M0009,2026-07-09 00:31:00,83,Tablet
W000055,U0028,M0065,2026-08-09 15:44:00,87,Tablet
W000056,U0080,M0002,2026-07-21 04:01:00,92,Web
W000057,U0200,M0027,2026-07-07 22:51:00,64,TV
W000058,U0199,M0007,2026-08-01 22:59:00,93,TV
W000059,U0061,M0002,2026-07-14 07:54:00,104,TV
W000060,U0195,M0098,2026-07-17 02:58:00,128,Tablet
W000061,U0119,M0010,2026-08-31 23:57:00,156,Web
W000062,U0161,M0002,2026-07-14 17:46:00,93,Tablet
W000063,U0018,M0009,2026-08-10 06:01:00,59,Mobile
W000064,U0091,M0014,2026-07-29 06:05:00,74,Tablet
W000065,U0116,M0051,2026-07-06 04:16:00,121,Mobile
W000066,U0158,M0011,2026-08-04 23:54:00,100,Tablet
W000067,U0149,M0077,2026-08-10 22:27:00,145,TV
W000068,U0083,M0012,2026-08-15 15:15:00,59,TV
W000069,U0016,M0011,2026-07-10 10:06:00,102,Mobile
W000070,U0130,M0029,2026-07-04 13:30:00,37,TV
W000071,U0182,M0005,2026-08-09 23:55:00,62,Web
W000072,U0096,M0085,2026-08-05 06:19:00,134,Tablet
W000073,U0199,M0002,2026-08-31 19:04:00,78,Web
W000074,U0017,M0009,2026-07-09 14:27:00,62,Tablet
W000075,U0073,M0070,2026-09-04 21:01:00,109,TV
W000076,U0086,M0048,2026-08-23 01:00:00,53,TV
W000077,U0090,M0094,2026-09-27 01:57:00,109,TV
W000078,U0153,M0035,2026-07-29 04:17:00,117,Tablet
W000079,U0165,M0009,2026-09-13 00:25:00,100,Mobile
W000080,U0166,M0009,2026-08-16 06:48:00,101,Web
W000081,U0005,M0009,2026-07-29 02:43:00,86,Tablet
W000082,U0050,M0056,2026-07-13 12:30:00,137,TV
W000083,U0020,M0092,2026-09-15 20:40:00,108,Mobile
W000084,U0170,M0008,2026-09-18 18:30:00,115,TV
W000085,U0153,M0004,2026-07-15 00:58:00,106,TV
W000086,U0185,M0012,2026-07-04 23:26:00,92,Tablet
W000087,U0094,M0062,2026-09-27 06:05:00,94,Tablet
W000088,U0060,M0063,2026-07-29 04:02:00,136,Tablet
W000089,U0050,M0005,2026-08-31 17:47:00,112,Tablet
W000090,U0197,M0080,2026-09-09 19:50:00,78,Tablet
W000091,U0129,M0002,2026-09-26 22:50:00,110,TV
W000092,U0065,M0023,2026-08-28 08:40:00,119,Tablet
W000093,U0096,M0039,2026-09-03 18:04:00,143,Web
W000094,U0022,M0023,2026-07-25 19:55:00,80,Tablet
W000095,U0132,M0016,2026-09-14 15:26:00,92,TV
W000096,U0116,M0002,2026-09-23 16:38:00,121,Mobile
W000097,U0107,M0011,2026-08-06 02:04:00,76,Mobile
W000098,U0096,M0055,2026-07-03 13:34:00,116,Web
W000099,U0026,M0007,2026-09-11 00:47:00,96,Tablet
W000100,U0179,M0007,2026-09-08 01:42:00,97,Tablet
W000101,U0115,M0021,2026-09-21 10:52:00,84,TV
W000102,U0141,M0004,2026-07-11 02:53:00,95,Web
W000103,U0061,M0090,2026-07-12 02:10:00,131,Tablet
W000104,U0017,M0069,2026-09-15 03:46:00,70,Tablet
W000105,U0153,M0067,2026-08-27 12:31:00,91,TV
W000106,U0075,M0012,2026-07-01 03:25:00,70,Web
W000107,U0062,M0006,2026-07-18 01:11:00,70,Web
W000108,U0018,M0087,2026-08-05 12:57:00,87,Tablet
W000109,U0012,M0003,2026-09-28 07:06:00,76,Web
W000110,U0018,M0005,2026-07-22 22:44:00,108,Mobile
W000111,U0198,M0006,2026-07-13 03:26:00,95,TV
W000112,U0200,M0006,2026-09-28 06:37:00,80,Tablet
W000113,U0162,M0034,2026-09-12 20:44:00,141,Tablet
W000114,U0010,M0086,2026-07-19 08:22:00,129,Mobile
W000115,U0052,M0079,2026-07-29 17:25:00,116,Tablet
W000116,U0065,M0055,2026-09-07 13:35:00,107,TV
W000117,U0074,M0011,2026-09-17 11:22:00,96,Web
W000118,U0070,M0004,2026-09-11 18:11:00,53,Web
W000119,U0112,M0009,2026-09-06 15:46:00,39,Web
W000120,U0048,M0011,2026-09-01 23:50:00,106,Tablet
W000121,U0095,M0077,2026-09-11 22:08:00,142,Tablet
W000122,U0155,M0033,2026-08-19 15:36:00,83,Web
W000123,U0083,M0039,2026-07-08 06:54:00,116,Tablet
W000124,U0155,M0011,2026-07-16 04:02:00,102,Tablet
W000125,U0090,M0004,2026-07-04 20:31:00,83,Tablet
W000126,U0071,M0047,2026-07-07 19:55:00,91,Tablet
W000127,U0094,M0022,2026-09-25 17:24:00,153,Tablet
W000128,U0009,M0098,2026-07-07 02:52:00,123,TV
W000129,U0200,M0004,2026-08-02 23:07:00,71,TV
W000130,U0174,M0011,2026-09-25 08:44:00,105,Web
W000131,U0096,M0008,2026-09-08 10:59:00,145,Web
W000132,U0102,M0096,2026-08-29 02:59:00,142,Web
W000133,U0064,M0051,2026-07-03 08:36:00,129,Tablet
W000134,U0144,M0068,2026-07-24 19:51:00,101,Web
W000135,U0181,M0009,2026-07-20 12:44:00,95,Tablet
W000136,U0052,M0003,2026-07-13 08:30:00,97,Mobile
W000137,U0116,M0024,2026-09-20 19:11:00,91,Web
W000138,U0171,M0001,2026-09-03 14:00:00,48,Mobile
W000139,U0141,M0084,2026-09-20 03:08:00,87,TV
W000140,U0093,M0055,2026-07-12 01:07:00,126,TV
W000141,U0036,M0057,2026-09-10 22:35:00,71,Web
W000142,U0120,M0007,2026-08-25 16:49:00,94,Mobile
W000143,U0017,M0099,2026-08-06 05:47:00,116,Tablet
W000144,U0197,M0009,2026-09-13 22:36:00,81,Mobile
W000145,U0033,M0003,2026-08-28 11:12:00,115,Web
W000146,U0033,M0034,2026-09-08 21:14:00,131,TV
W000147,U0111,M0040,2026-09-14 16:12:00,145,TV
W000148,U0042,M0006,2026-09-24 01:57:00,81,TV
W000149,U0089,M0081,2026-09-15 23:58:00,139,Web
W000150,U0033,M0096,2026-08-25 22:14:00,143,Mobile
W000151,U0129,M0022,2026-08-23 20:49:00,129,Web
W000152,U0145,M0077,2026-09-14 02:45:00,121,Mobile
W000153,U0021,M0084,2026-09-25 08:07:00,75,TV
W000154,U0197,M0001,2026-08-26 06:16:00,90,Mobile
W000155,U0128,M0084,2026-08-28 10:16:00,110,Tablet
W000156,U0077,M0008,2026-07-07 15:24:00,130,Mobile
W000157,U0041,M0006,2026-08-07 19:56:00,61,TV
W000158,U0081,M0099,2026-09-05 19:53:00,91,Web
W000159,U0103,M0002,2026-09-08 05:41:00,88,Web
W000160,U0062,M0007,2026-07-12 03:39:00,110,Web
W000161,U0116,M0062,2026-07-13 19:45:00,120,Tablet
W000162,U0158,M0002,2026-07-23 14:21:00,113,TV
W000163,U0084,M0096,2026-07-18 06:41:00,139,Tablet
W000164,U0128,M0093,2026-08-15 06:31:00,60,Mobile
W000165,U0024,M0006,2026-08-16 00:09:00,61,Web
W000166,U0013,M0098,2026-07-26 14:37:00,120,Tablet
W000167,U0153,M0004,2026-07-27 00:13:00,54,Tablet
W000168,U0035,M0076,2026-09-05 05:15:00,112,Web
W000169,U0196,M0006,2026-08-03 07:24:00,79,TV
W000170,U0093,M0088,2026-07-07 16:37:00,96,Tablet
W000171,U0130,M0011,2026-09-08 13:51:00,57,Mobile
W000172,U0033,M0013,2026-08-05 20:29:00,80,Web
W000173,U0087,M0011,2026-09-07 17:14:00,104,Tablet
W000174,U0129,M0060,2026-07-05 02:58:00,140,Mobile
W000175,U0036,M0006,2026-09-12 04:17:00,54,TV
W000176,U0084,M0099,2026-07-15 18:59:00,93,Tablet
W000177,U0158,M0089,2026-08-24 01:00:00,121,Tablet
W000178,U0182,M0094,2026-08-13 05:25:00,152,Mobile
W000179,U0095,M0010,2026-08-31 07:57:00,150,Web
W000180,U0186,M0004,2026-08-24 07:58:00,100,Tablet
W000181,U0068,M0057,2026-09-04 15:55:00,108,Tablet
W000182,U0038,M0065,2026-07-03 20:58:00,112,Mobile
W000183,U0049,M0073,2026-08-10 03:27:00,134,TV
W000184,U0106,M0010,2026-09-18 10:41:00,145,Mobile
W000185,U0181,M0011,2026-08-17 05:04:00,93,Tablet
W000186,U0135,M0009,2026-07-29 13:24:00,96,TV
W000187,U0118,M0004,2026-08-19 17:21:00,70,Web
W000188,U0157,M0004,2026-07-18 12:00:00,113,TV
W000189,U0072,M0088,2026-07-21 11:13:00,121,Web
W000190,U0181,M0047,2026-09-01 19:51:00,112,Tablet
W000191,U0082,M0009,2026-08-01 17:58:00,42,Web
W000192,U0074,M0003,2026-08-22 04:46:00,81,Tablet
W000193,U0102,M0012,2026-09-25 21:22:00,73,Mobile
W000194,U0074,M0039,2026-08-01 12:38:00,113,Tablet
W000195,U0168,M0067,2026-09-07 00:35:00,93,Web
W000196,U0144,M0075,2026-07-13 11:52:00,91,Mobile
W000197,U0158,M0058,2026-07-23 01:39:00,89,TV
W000198,U0164,M0060,2026-07-05 18:40:00,133,Mobile
W000199,U0106,M0010,2026-09-04 07:05:00,108,TV
W000200,U0002,M0016,2026-08-07 00:54:00,137,Tablet
W000201,U0123,M0043,2026-09-07 19:18:00,93,Mobile
W000202,U0197,M0049,2026-08-29 08:58:00,81,TV
W000203,U0137,M0049,2026-09-22 02:58:00,101,TV
W000204,U0010,M0003,2026-09-10 17:19:00,88,Tablet
W000205,U0048,M0089,2026-09-18 19:16:00,153,Mobile
W000206,U0086,M0086,2026-08-11 08:32:00,111,Tablet
W000207,U0035,M0008,2026-07-25 20:01:00,139,TV
W000208,U0188,M0010,2026-08-29 00:12:00,143,Web
W000209,U0184,M0036,2026-07-02 06:46:00,104,TV
W000210,U0045,M0007,2026-09-14 06:35:00,61,Tablet
W000211,U0132,M0008,2026-07-08 21:28:00,129,TV
W000212,U0123,M0006,2026-09-24 04:20:00,78,TV
W000213,U0002,M0069,2026-08-04 21:55:00,67,Web
W000214,U0078,M0042,2026-07-24 19:22:00,113,Web
W000215,U0178,M0061,2026-07-06 15:42:00,96,TV
W000216,U0104,M0100,2026-09-01 19:57:00,114,Mobile
W000217,U0164,M0092,2026-08-03 10:54:00,93,TV
W000218,U0123,M0019,2026-08-11 09:54:00,123,Web
W000219,U0107,M0005,2026-09-07 22:27:00,61,TV
W000220,U0196,M0062,2026-08-31 22:13:00,102,Mobile
W000221,U0135,M0009,2026-08-18 01:48:00,79,Mobile
W000222,U0016,M0044,2026-08-22 03:05:00,72,TV
W000223,U0043,M0008,2026-09-16 18:39:00,127,TV
W000224,U0184,M0007,2026-07-09 06:39:00,92,Tablet
W000225,U0015,M0001,2026-07-13 00:14:00,89,Mobile
W000226,U0144,M0012,2026-08-31 05:41:00,70,Web
W000227,U0186,M0092,2026-08-06 00:57:00,102,TV
W000228,U0149,M0013,2026-07-05 02:56:00,92,Tablet
W000229,U0089,M0049,2026-08-19 06:11:00,109,Mobile
W000230,U0121,M0039,2026-07-27 03:09:00,121,Tablet
W000231,U0047,M0005,2026-09-08 16:58:00,69,Tablet
W000232,U0096,M0012,2026-08-10 19:50:00,49,Tablet
W000233,U0097,M0019,2026-09-01 03:26:00,167,TV
W000234,U0168,M0002,2026-07-11 19:09:00,96,TV
W000235,U0138,M0001,2026-08-18 03:16:00,140,Mobile
W000236,U0194,M0095,2026-09-28 01:32:00,160,Web
W000237,U0119,M0010,2026-08-18 10:01:00,126,Tablet
W000238,U0089,M0015,2026-07-26 02:09:00,100,TV
W000239,U0186,M0044,2026-07-03 22:22:00,86,Mobile
W000240,U0062,M0046,2026-07-07 02:59:00,85,Mobile
W000241,U0153,M0035,2026-08-10 15:15:00,116,Mobile
W000242,U0063,M0073,2026-08-06 14:45:00,121,Tablet
W000243,U0060,M0052,2026-09-07 15:58:00,73,Web
W000244,U0060,M0004,2026-08-22 13:30:00,84,Web
W000245,U0061,M0090,2026-09-18 18:12:00,129,TV
W000246,U0106,M0094,2026-07-26 01:04:00,144,Mobile
W000247,U0143,M0025,2026-08-26 23:30:00,70,Mobile
W000248,U0089,M0007,2026-09-10 12:36:00,72,Web
W000249,U0179,M0001,2026-08-07 03:51:00,119,Tablet
W000250,U0062,M0056,2026-07-28 08:58:00,140,TV
W000251,U0119,M0046,2026-08-21 04:33:00,87,TV
W000252,U0100,M0060,2026-07-24 05:02:00,131,TV
W000253,U0085,M0010,2026-09-22 22:38:00,119,TV
W000254,U0014,M0073,2026-08-04 07:56:00,143,Mobile
W000255,U0019,M0037,2026-09-12 05:47:00,94,TV
W000256,U0123,M0047,2026-09-18 03:23:00,102,Web
W000257,U0078,M0058,2026-07-20 06:42:00,89,Mobile
W000258,U0192,M0002,2026-09-22 05:37:00,86,TV
W000259,U0179,M0040,2026-08-06 02:27:00,157,Web
W000260,U0098,M0002,2026-08-18 13:46:00,92,Web
W000261,U0079,M0069,2026-08-02 17:39:00,43,Mobile
W000262,U0185,M0004,2026-09-08 07:48:00,87,Web
W000263,U0053,M0006,2026-07-29 11:35:00,54,TV
W000264,U0190,M0010,2026-07-02 11:25:00,147,Web
W000265,U0142,M0006,2026-07-27 20:51:00,83,Tablet
W000266,U0146,M0061,2026-08-15 10:44:00,119,Web
W000267,U0066,M0002,2026-09-26 23:22:00,99,Tablet
W000268,U0044,M0004,2026-07-16 09:45:00,59,TV
W000269,U0185,M0002,2026-07-17 18:03:00,124,Mobile
W000270,U0135,M0047,2026-09-15 08:58:00,119,Mobile
W000271,U0172,M0092,2026-09-08 13:43:00,112,TV
W000272,U0018,M0018,2026-07-01 19:58:00,67,TV
W000273,U0130,M0002,2026-08-03 23:16:00,128,Tablet
W000274,U0169,M0006,2026-07-02 10:21:00,83,Mobile
W000275,U0137,M0010,2026-07-02 01:53:00,164,Web
W000276,U0005,M0009,2026-09-13 00:22:00,84,Tablet
W000277,U0046,M0055,2026-09-22 13:30:00,124,TV
W000278,U0159,M0065,2026-09-13 04:51:00,111,Web
W000279,U0069,M0008,2026-07-08 04:37:00,123,TV
W000280,U0179,M0051,2026-07-28 07:18:00,144,Mobile
W000281,U0168,M0026,2026-07-09 12:15:00,72,Tablet
W000282,U0015,M0040,2026-09-02 23:23:00,147,TV
W000283,U0022,M0012,2026-09-15 22:39:00,42,Mobile
W000284,U0136,M0077,2026-07-21 21:55:00,138,TV
W000285,U0178,M0012,2026-07-25 16:12:00,78,Web
W000286,U0140,M0037,2026-07-17 07:48:00,94,Web
W000287,U0005,M0042,2026-08-23 10:23:00,108,Tablet
W000288,U0020,M0094,2026-07-15 18:52:00,150,TV
W000289,U0146,M0011,2026-08-31 15:00:00,102,TV
W000290,U0177,M0009,2026-08-15 13:59:00,71,Web
W000291,U0014,M0091,2026-08-09 18:50:00,128,Tablet
W000292,U0199,M0008,2026-07-03 16:43:00,143,Web
W000293,U0116,M0003,2026-07-21 18:22:00,71,Tablet
W000294,U0048,M0011,2026-07-08 19:12:00,115,Web
W000295,U0064,M0091,2026-07-08 11:12:00,125,TV
W000296,U0190,M0011,2026-07-29 19:47:00,107,Web
W000297,U0028,M0085,2026-07-01 11:20:00,156,Web
W000298,U0027,M0003,2026-07-08 22:42:00,90,TV
W000299,U0111,M0010,2026-08-20 16:45:00,118,Mobile
W000300,U0023,M0005,2026-08-20 10:42:00,81,Mobile
W000301,U0153,M0002,2026-09-17 14:49:00,93,Tablet
W000302,U0200,M0064,2026-09-04 23:26:00,98,TV
W000303,U0147,M0022,2026-09-01 09:05:00,112,Web
W000304,U0069,M0009,2026-07-14 06:47:00,87,Mobile
W000305,U0043,M0003,2026-07-26 02:50:00,79,Mobile
W000306,U0093,M0069,2026-09-24 22:41:00,74,TV
W000307,U0185,M0005,2026-08-24 01:11:00,72,TV
W000308,U0078,M0026,2026-09-25 08:44:00,74,Tablet
W000309,U0086,M0011,2026-09-12 04:31:00,102,Tablet
W000310,U0167,M0010,2026-07-28 08:18:00,120,Web
W000311,U0155,M0043,2026-08-13 14:24:00,59,Web
W000312,U0075,M0008,2026-09-27 02:06:00,175,TV
W000313,U0084,M0004,2026-07-26 12:19:00,96,Mobile
W000314,U0145,M0043,2026-08-23 21:44:00,61,TV
W000315,U0175,M0002,2026-09-25 17:52:00,98,TV
W000316,U0113,M0085,2026-09-14 15:57:00,95,Mobile
W000317,U0105,M0007,2026-07-13 16:02:00,84,TV
W000318,U0184,M0009,2026-09-10 19:45:00,71,Tablet
W000319,U0019,M0010,2026-08-24 10:12:00,117,Tablet
W000320,U0140,M0053,2026-09-10 23:21:00,90,Web
W000321,U0180,M0064,2026-07-10 22:55:00,92,Web
W000322,U0043,M0086,2026-08-21 06:22:00,81,Tablet
W000323,U0193,M0010,2026-09-26 21:38:00,138,Mobile
W000324,U0067,M0049,2026-08-16 11:35:00,76,TV
W000325,U0115,M0008,2026-08-05 14:26:00,110,TV
W000326,U0089,M0097,2026-08-13 22:37:00,88,Mobile
W000327,U0076,M0005,2026-09-22 18:58:00,96,TV
W000328,U0090,M0095,2026-08-01 05:26:00,122,Tablet
W000329,U0053,M0004,2026-08-01 16:52:00,69,Tablet
W000330,U0082,M0066,2026-07-28 07:56:00,124,Mobile
W000331,U0182,M0085,2026-07-03 01:20:00,153,TV
W000332,U0190,M0060,2026-08-16 23:12:00,100,TV
W000333,U0142,M0022,2026-07-31 03:03:00,77,TV
W000334,U0104,M0035,2026-07-17 23:10:00,122,Tablet
W000335,U0102,M0011,2026-09-06 02:50:00,80,Tablet
W000336,U0100,M0019,2026-09-03 03:31:00,123,TV
W000337,U0053,M0083,2026-09-07 11:28:00,93,Mobile
W000338,U0138,M0031,2026-08-03 07:05:00,87,Web
W000339,U0051,M0003,2026-07-11 08:56:00,94,Web
W000340,U0153,M0010,2026-08-25 15:25:00,171,Tablet
W000341,U0151,M0049,2026-08-01 16:03:00,73,TV
W000342,U0173,M0093,2026-09-22 14:53:00,97,Mobile
W000343,U0173,M0009,2026-07-29 12:09:00,92,TV
W000344,U0096,M0013,2026-08-16 11:54:00,101,Tablet
W000345,U0108,M0006,2026-08-22 07:40:00,65,TV
W000346,U0143,M0021,2026-08-14 13:38:00,80,Web
W000347,U0036,M0031,2026-07-29 15:12:00,132,Web
W000348,U0003,M0012,2026-07-13 10:15:00,50,TV
W000349,U0099,M0010,2026-08-07 05:46:00,128,Tablet
W000350,U0126,M0026,2026-07-08 12:35:00,70,Mobile
W000351,U0195,M0048,2026-07-27 14:04:00,103,Web
W000352,U0044,M0010,2026-08-21 11:40:00,138,Tablet
W000353,U0141,M0044,2026-08-22 03:06:00,102,Web
W000354,U0139,M0080,2026-09-08 04:15:00,115,Tablet
W000355,U0140,M0052,2026-08-08 16:45:00,89,TV
W000356,U0077,M0025,2026-08-10 22:27:00,100,Web
W000357,U0090,M0041,2026-08-09 23:09:00,130,TV
W000358,U0054,M0003,2026-09-17 08:59:00,90,Tablet
W000359,U0043,M0012,2026-09-10 10:31:00,75,Mobile
W000360,U0146,M0003,2026-08-18 10:47:00,109,Web
W000361,U0153,M0022,2026-07-30 11:01:00,134,Web
W000362,U0132,M0005,2026-07-13 08:11:00,85,Tablet
W000363,U0016,M0082,2026-09-17 22:05:00,62,TV
W000364,U0064,M0010,2026-09-03 18:03:00,112,Web
W000365,U0064,M0001,2026-08-14 13:14:00,125,Tablet
W000366,U0097,M0007,2026-07-07 20:58:00,113,Mobile
W000367,U0104,M0083,2026-09-02 05:36:00,118,Tablet
W000368,U0084,M0010,2026-09-18 02:09:00,128,Mobile
W000369,U0188,M0010,2026-08-27 18:49:00,127,Mobile
W000370,U0137,M0003,2026-07-20 19:51:00,82,Tablet
W000371,U0055,M0010,2026-07-25 10:37:00,129,TV
W000372,U0145,M0005,2026-09-10 18:04:00,100,Web
W000373,U0175,M0090,2026-07-05 04:21:00,138,Tablet
W000374,U0005,M0091,2026-09-23 14:22:00,146,TV
W000375,U0113,M0009,2026-07-01 01:28:00,100,TV
W000376,U0167,M0095,2026-07-15 11:17:00,123,Web
W000377,U0024,M0001,2026-07-23 18:59:00,132,TV
W000378,U0014,M0002,2026-08-26 22:39:00,117,Web
W000379,U0186,M0055,2026-08-09 01:40:00,100,Mobile
W000380,U0055,M0001,2026-07-08 02:15:00,85,TV
W000381,U0152,M0056,2026-08-17 06:44:00,125,Web
W000382,U0031,M0009,2026-09-02 04:08:00,78,TV
W000383,U0123,M0008,2026-07-21 20:08:00,114,Mobile
W000384,U0027,M0096,2026-08-03 10:57:00,157,Web
W000385,U0036,M0007,2026-09-09 09:39:00,107,TV
W000386,U0018,M0039,2026-08-25 13:15:00,89,TV
W000387,U0113,M0003,2026-09-04 18:10:00,104,Tablet
W000388,U0158,M0002,2026-09-17 06:37:00,133,TV
W000389,U0023,M0099,2026-07-13 17:51:00,90,Tablet
W000390,U0090,M0007,2026-07-29 15:02:00,69,TV
W000391,U0064,M0077,2026-08-28 16:11:00,145,Web
W000392,U0200,M0016,2026-09-16 04:14:00,144,Web
W000393,U0053,M0037,2026-09-07 01:41:00,71,TV
W000394,U0127,M0002,2026-07-11 06:17:00,120,TV
W000395,U0128,M0082,2026-08-18 02:03:00,80,Web
W000396,U0082,M0003,2026-08-05 05:03:00,95,Tablet
W000397,U0094,M0029,2026-09-08 10:12:00,17,Mobile
W000398,U0005,M0067,2026-07-02 06:07:00,114,Web
W000399,U0056,M0057,2026-09-22 23:24:00,114,Web
W000400,U0161,M0005,2026-08-08 13:18:00,99,Tablet
W000401,U0022,M0019,2026-07-26 06:08:00,138,TV
W000402,U0040,M0008,2026-08-05 13:33:00,140,Mobile
W000403,U0080,M0004,2026-09-05 10:37:00,101,TV
W000404,U0023,M0010,2026-07-11 13:22:00,131,Tablet
W000405,U0157,M0039,2026-07-29 03:39:00,109,TV
W000406,U0031,M0053,2026-09-03 10:25:00,65,TV
W000407,U0180,M0048,2026-07-15 21:53:00,74,Web
W000408,U0043,M0007,2026-07-12 13:17:00,93,Web
W000409,U0188,M0065,2026-09-09 05:12:00,119,Tablet
W000410,U0070,M0070,2026-07-24 22:25:00,75,Mobile
W000411,U0128,M0009,2026-08-16 11:49:00,67,TV
W000412,U0095,M0021,2026-07-24 05:18:00,88,Mobile
W000413,U0147,M0058,2026-07-21 18:57:00,69,Mobile
W000414,U0063,M0081,2026-08-12 22:35:00,127,Web
W000415,U0099,M0017,2026-07-17 06:56:00,115,Tablet
W000416,U0058,M0005,2026-07-23 14:20:00,72,Tablet
W000417,U0185,M0099,2026-07-25 16:34:00,101,Mobile
W000418,U0129,M0004,2026-07-17 07:47:00,68,TV
W000419,U0133,M0093,2026-09-25 20:13:00,51,Web
W000420,U0199,M0100,2026-07-30 18:59:00,153,Mobile
W000421,U0142,M0002,2026-07-01 17:24:00,94,Web
W000422,U0190,M0060,2026-08-12 05:27:00,132,Web
W000423,U0152,M0009,2026-09-09 07:47:00,85,TV
W000424,U0039,M0030,2026-09-23 20:51:00,48,Tablet
W000425,U0007,M0055,2026-08-19 07:01:00,96,Mobile
W000426,U0086,M0008,2026-09-08 01:54:00,164,Tablet
W000427,U0189,M0098,2026-07-10 11:04:00,131,Tablet
W000428,U0126,M0055,2026-09-27 12:35:00,149,TV
W000429,U0183,M0084,2026-07-09 11:13:00,103,Tablet
W000430,U0180,M0007,2026-08-11 17:31:00,97,Mobile
W000431,U0149,M0005,2026-08-16 00:07:00,109,Mobile
W000432,U0152,M0062,2026-08-09 14:14:00,133,TV
W000433,U0061,M0085,2026-07-24 18:08:00,162,Tablet
W000434,U0180,M0008,2026-07-29 22:48:00,103,Tablet
W000435,U0070,M0060,2026-07-07 19:09:00,130,Mobile
W000436,U0040,M0054,2026-07-15 23:04:00,101,Tablet
W000437,U0120,M0001,2026-08-07 00:02:00,121,TV
W000438,U0116,M0093,2026-08-12 04:11:00,92,Web
W000439,U0031,M0085,2026-07-15 08:18:00,143,Mobile
W000440,U0056,M0003,2026-07-14 12:01:00,83,Mobile
W000441,U0183,M0068,2026-09-27 03:30:00,109,Web
W000442,U0067,M0025,2026-07-03 19:53:00,97,Tablet
W000443,U0116,M0063,2026-07-09 14:55:00,100,TV
W000444,U0032,M0049,2026-07-06 14:43:00,92,TV
W000445,U0034,M0042,2026-09-13 23:20:00,65,Mobile
W000446,U0150,M0073,2026-09-22 12:09:00,154,Mobile
W000447,U0006,M0077,2026-07-18 23:59:00,141,TV
W000448,U0024,M0010,2026-07-12 03:39:00,124,Mobile
W000449,U0119,M0014,2026-07-16 06:58:00,115,Tablet
W000450,U0128,M0018,2026-08-04 20:05:00,58,Tablet
W000451,U0045,M0005,2026-07-20 13:03:00,99,Tablet
W000452,U0039,M0046,2026-08-25 21:32:00,95,TV
W000453,U0166,M0092,2026-08-15 09:50:00,83,Mobile
W000454,U0023,M0079,2026-08-04 20:42:00,108,TV
W000455,U0108,M0038,2026-08-28 11:53:00,109,Mobile
W000456,U0098,M0007,2026-08-13 15:53:00,79,Tablet
W000457,U0089,M0009,2026-07-30 06:33:00,72,Web
W000458,U0153,M0048,2026-07-03 16:00:00,98,Web
W000459,U0015,M0010,2026-08-18 04:33:00,120,TV
W000460,U0041,M0031,2026-07-23 13:27:00,137,TV
W000461,U0069,M0037,2026-09-08 13:05:00,104,Tablet
W000462,U0091,M0029,2026-07-17 00:41:00,69,TV
W000463,U0152,M0003,2026-09-12 09:11:00,96,Mobile
W000464,U0181,M0009,2026-09-25 05:58:00,64,TV
W000465,U0145,M0037,2026-09-15 03:47:00,118,Tablet
W000466,U0139,M0099,2026-07-16 23:30:00,87,Tablet
W000467,U0010,M0060,2026-07-06 02:42:00,123,Tablet
W000468,U0001,M0010,2026-09-22 13:10:00,148,TV
W000469,U0034,M0003,2026-09-04 06:10:00,111,Web
W000470,U0016,M0093,2026-07-14 10:40:00,104,TV
W000471,U0199,M0069,2026-09-16 01:09:00,47,Mobile
W000472,U0096,M0007,2026-08-23 08:10:00,90,Mobile
W000473,U0087,M0090,2026-07-30 08:44:00,119,Tablet
W000474,U0164,M0006,2026-08-29 02:09:00,82,Web
W000475,U0045,M0006,2026-07-21 07:40:00,57,Tablet
W000476,U0079,M0086,2026-07-12 14:11:00,79,TV
W000477,U0187,M0008,2026-09-25 08:39:00,129,Mobile
W000478,U0047,M0098,2026-09-22 20:02:00,94,TV
W000479,U0164,M0045,2026-09-24 06:13:00,61,Mobile
W000480,U0061,M0001,2026-09-28 10:02:00,109,Web
W000481,U0043,M0078,2026-09-13 18:56:00,64,Web
W000482,U0115,M0045,2026-07-25 03:21:00,53,TV
W000483,U0064,M0067,2026-08-01 21:38:00,104,Mobile
W000484,U0013,M0009,2026-08-09 21:18:00,89,Tablet
W000485,U0043,M0004,2026-08-14 21:09:00,101,Tablet
W000486,U0026,M0009,2026-09-10 19:00:00,69,TV
W000487,U0042,M0012,2026-07-07 17:01:00,73,Mobile
W000488,U0082,M0069,2026-09-25 14:56:00,60,Mobile
W000489,U0019,M0004,2026-07-16 11:36:00,97,Mobile
W000490,U0141,M0068,2026-07-31 18:15:00,115,Tablet
W000491,U0181,M0030,2026-08-09 06:14:00,87,Tablet
W000492,U0041,M0031,2026-07-10 05:12:00,114,Web
W000493,U0053,M0038,2026-08-07 06:05:00,83,Web
W000494,U0170,M0080,2026-07-28 01:40:00,67,TV
W000495,U0025,M0100,2026-08-05 18:18:00,100,TV
W000496,U0014,M0008,2026-07-01 08:20:00,121,Tablet
W000497,U0023,M0086,2026-09-13 23:49:00,94,TV
W000498,U0025,M0004,2026-07-19 20:05:00,68,TV
W000499,U0164,M0090,2026-09-27 22:24:00,143,Web
W000500,U0102,M0005,2026-08-14 12:26:00,104,Web
W000501,U0024,M0003,2026-07-17 19:52:00,85,TV
W000502,U0115,M0085,2026-07-24 23:10:00,150,Tablet
W000503,U0120,M0075,2026-07-21 14:14:00,101,TV
W000504,U0193,M0013,2026-07-08 19:13:00,71,Web
W000505,U0139,M0004,2026-09-27 08:32:00,89,Mobile
W000506,U0100,M0002,2026-09-26 21:26:00,91,Tablet
W000507,U0147,M0056,2026-08-13 08:24:00,120,Mobile
W000508,U0129,M0011,2026-07-11 22:45:00,106,Tablet
W000509,U0045,M0021,2026-09-27 11:43:00,75,Mobile
W000510,U0109,M0040,2026-09-28 22:55:00,149,Tablet
W000511,U0052,M0016,2026-09-14 22:08:00,119,Mobile
W000512,U0023,M0010,2026-08-20 15:23:00,126,Tablet
W000513,U0142,M0007,2026-09-16 23:19:00,90,Mobile
W000514,U0180,M0007,2026-07-11 05:48:00,113,Tablet
W000515,U0039,M0016,2026-08-21 13:44:00,106,Mobile
W000516,U0028,M0029,2026-09-10 12:29:00,53,Web
W000517,U0138,M0012,2026-09-18 21:47:00,56,Tablet
W000518,U0147,M0006,2026-07-04 09:50:00,83,TV
W000519,U0071,M0011,2026-07-14 02:15:00,69,Tablet
W000520,U0010,M0002,2026-09-19 23:18:00,86,Web
W000521,U0177,M0057,2026-07-05 11:40:00,87,Web
W000522,U0006,M0001,2026-09-13 09:36:00,68,Web
W000523,U0080,M0084,2026-09-15 17:13:00,62,Mobile
W000524,U0059,M0004,2026-07-28 08:24:00,90,Tablet
W000525,U0199,M0005,2026-07-25 12:33:00,84,Mobile
W000526,U0049,M0002,2026-07-20 05:47:00,80,Tablet
W000527,U0190,M0012,2026-09-08 03:08:00,54,Mobile
W000528,U0132,M0022,2026-07-06 23:20:00,117,Web
W000529,U0182,M0011,2026-07-13 08:19:00,93,Mobile
W000530,U0045,M0034,2026-09-18 15:51:00,100,TV
W000531,U0015,M0068,2026-07-04 00:14:00,83,TV
W000532,U0071,M0005,2026-09-13 22:58:00,98,Tablet
W000533,U0130,M0008,2026-08-27 20:04:00,160,TV
W000534,U0096,M0007,2026-08-24 01:42:00,80,Tablet
W000535,U0046,M0011,2026-08-23 10:03:00,74,Web
W000536,U0192,M0088,2026-07-26 22:44:00,89,Mobile
W000537,U0099,M0015,2026-07-15 19:52:00,111,TV
W000538,U0057,M0051,2026-08-31 16:26:00,106,TV
W000539,U0069,M0002,2026-08-16 17:16:00,134,Mobile
W000540,U0122,M0008,2026-08-28 22:12:00,140,TV
W000541,U0154,M0034,2026-07-21 08:49:00,121,Web
W000542,U0183,M0081,2026-08-08 13:49:00,161,Tablet
W000543,U0090,M0011,2026-07-23 22:29:00,92,Tablet
W000544,U0150,M0040,2026-07-01 16:03:00,153,Web
W000545,U0144,M0080,2026-07-28 04:01:00,86,Web
W000546,U0071,M0007,2026-09-17 09:57:00,74,Web
W000547,U0067,M0088,2026-07-18 03:28:00,112,Mobile
W000548,U0154,M0006,2026-08-30 02:57:00,95,Web
W000549,U0175,M0007,2026-09-04 15:40:00,114,Web
W000550,U0067,M0002,2026-08-06 19:51:00,107,Tablet
W000551,U0189,M0054,2026-08-23 01:38:00,98,TV
W000552,U0088,M0054,2026-09-01 11:17:00,81,Tablet
W000553,U0172,M0007,2026-08-16 04:14:00,90,TV
W000554,U0076,M0016,2026-08-12 20:26:00,143,TV
W000555,U0190,M0068,2026-09-05 00:11:00,133,TV
W000556,U0175,M0007,2026-08-29 13:38:00,65,Mobile
W000557,U0057,M0005,2026-07-21 07:52:00,86,Web
W000558,U0096,M0074,2026-08-23 07:11:00,93,Web
W000559,U0119,M0001,2026-08-12 19:54:00,133,Mobile
W000560,U0121,M0040,2026-08-15 13:18:00,146,Mobile
W000561,U0175,M0007,2026-08-18 05:26:00,91,TV
W000562,U0036,M0038,2026-08-01 04:34:00,98,Tablet
W000563,U0146,M0010,2026-07-14 00:52:00,124,Mobile
W000564,U0125,M0006,2026-08-27 10:30:00,95,TV
W000565,U0081,M0028,2026-07-01 10:17:00,90,TV
W000566,U0148,M0017,2026-08-14 13:29:00,93,Mobile
W000567,U0034,M0003,2026-08-27 15:52:00,80,Tablet
W000568,U0099,M0023,2026-07-04 10:24:00,117,TV
W000569,U0188,M0003,2026-09-25 11:27:00,113,TV
W000570,U0005,M0019,2026-08-27 01:01:00,133,TV
W000571,U0058,M0005,2026-07-29 09:46:00,99,Web
W000572,U0043,M0078,2026-09-13 23:42:00,83,Mobile
W000573,U0077,M0084,2026-08-11 11:59:00,87,Web
W000574,U0112,M0009,2026-08-01 04:42:00,57,Tablet
W000575,U0092,M0032,2026-07-16 00:11:00,90,Tablet
W000576,U0005,M0052,2026-07-21 10:02:00,56,TV
W000577,U0055,M0096,2026-08-23 16:12:00,128,Mobile
W000578,U0097,M0066,2026-09-09 04:49:00,121,Mobile
W000579,U0153,M0091,2026-08-30 06:05:00,154,Mobile
W000580,U0177,M0057,2026-08-07 22:27:00,110,Tablet
W000581,U0098,M0092,2026-08-19 19:33:00,102,TV
W000582,U0178,M0037,2026-07-28 09:47:00,118,Tablet
W000583,U0170,M0098,2026-08-30 07:12:00,92,TV
W000584,U0108,M0012,2026-08-16 13:34:00,68,Mobile
W000585,U0073,M0086,2026-09-10 10:20:00,117,TV
W000586,U0200,M0075,2026-09-14 16:26:00,97,TV
W000587,U0092,M0009,2026-07-27 21:12:00,93,TV
W000588,U0177,M0010,2026-07-31 02:12:00,154,TV
W000589,U0001,M0056,2026-08-31 03:12:00,133,Tablet
W000590,U0039,M0086,2026-09-09 22:54:00,112,Mobile
W000591,U0186,M0100,2026-09-21 08:31:00,131,Web
W000592,U0068,M0006,2026-07-05 13:24:00,87,Mobile
W000593,U0045,M0060,2026-09-16 13:45:00,113,Web
W000594,U0110,M0093,2026-07-09 15:31:00,104,Mobile
W000595,U0003,M0006,2026-08-30 09:07:00,64,Tablet
W000596,U0160,M0073,2026-09-18 23:03:00,125,Mobile
W000597,U0096,M0004,2026-07-17 15:29:00,102,Tablet
W000598,U0070,M0002,2026-09-01 19:06:00,116,Tablet
W000599,U0108,M0021,2026-07-11 06:58:00,92,TV
W000600,U0027,M0001,2026-09-21 22:36:00,130,Tablet
W000601,U0146,M0012,2026-07-17 11:58:00,47,Mobile
W000602,U0176,M0007,2026-08-13 23:18:00,73,Tablet
W000603,U0029,M0003,2026-08-10 02:41:00,110,Web
W000604,U0004,M0050,2026-09-28 00:14:00,136,Web
W000605,U0133,M0005,2026-08-09 09:34:00,80,Web
W000606,U0170,M0009,2026-07-14 12:44:00,69,Mobile
W000607,U0003,M0016,2026-08-16 00:25:00,153,TV
W000608,U0020,M0008,2026-07-30 04:26:00,107,TV
W000609,U0085,M0078,2026-07-05 13:59:00,48,Tablet
W000610,U0104,M0061,2026-07-08 04:12:00,105,Tablet
W000611,U0114,M0010,2026-07-09 00:16:00,147,Mobile
W000612,U0128,M0074,2026-07-10 08:13:00,93,Tablet
W000613,U0106,M0056,2026-08-20 17:04:00,94,Web
W000614,U0131,M0046,2026-08-29 13:59:00,92,Tablet
W000615,U0088,M0003,2026-09-14 02:55:00,109,Tablet
W000616,U0085,M0006,2026-09-04 05:33:00,78,Web
W000617,U0184,M0012,2026-07-11 09:05:00,92,Mobile
W000618,U0088,M0010,2026-09-14 12:54:00,150,Web
W000619,U0141,M0003,2026-09-02 21:45:00,125,Tablet
W000620,U0036,M0009,2026-07-10 17:39:00,104,Web
W000621,U0157,M0041,2026-07-18 01:41:00,150,TV
W000622,U0118,M0038,2026-09-04 05:50:00,117,Web
W000623,U0028,M0005,2026-07-05 05:34:00,112,Mobile
W000624,U0198,M0006,2026-08-11 15:10:00,58,TV
W000625,U0128,M0018,2026-08-18 06:35:00,65,Tablet
W000626,U0150,M0004,2026-09-23 03:19:00,66,TV
W000627,U0178,M0029,2026-09-05 11:47:00,72,Web
W000628,U0130,M0001,2026-08-08 02:35:00,101,TV
W000629,U0071,M0008,2026-09-26 17:00:00,128,TV
W000630,U0036,M0011,2026-08-24 20:14:00,102,Web
W000631,U0180,M0001,2026-09-03 19:06:00,107,TV
W000632,U0052,M0048,2026-08-26 19:30:00,68,Web
W000633,U0176,M0005,2026-09-22 20:22:00,63,TV
W000634,U0129,M0001,2026-09-03 15:47:00,64,Mobile
W000635,U0195,M0004,2026-08-21 04:19:00,65,Tablet
W000636,U0173,M0087,2026-09-18 20:52:00,96,Tablet
W000637,U0004,M0020,2026-07-03 07:12:00,121,Mobile
W000638,U0052,M0077,2026-09-07 06:48:00,129,TV
W000639,U0074,M0069,2026-07-14 07:52:00,79,Web
W000640,U0053,M0039,2026-08-02 15:33:00,99,Tablet
W000641,U0027,M0050,2026-09-06 13:49:00,121,Web
W000642,U0178,M0005,2026-09-23 07:56:00,73,Tablet
W000643,U0100,M0001,2026-09-26 01:56:00,115,Mobile
W000644,U0004,M0064,2026-07-19 11:39:00,62,Tablet
W000645,U0058,M0005,2026-09-07 17:33:00,62,TV
W000646,U0199,M0040,2026-07-27 18:38:00,122,Tablet
W000647,U0046,M0023,2026-07-18 00:27:00,137,Mobile
W000648,U0097,M0059,2026-08-09 00:05:00,71,Web
W000649,U0143,M0071,2026-07-12 20:08:00,156,Mobile
W000650,U0085,M0002,2026-09-03 14:20:00,134,TV
W000651,U0011,M0014,2026-09-23 12:37:00,95,Web
W000652,U0126,M0012,2026-07-07 15:12:00,76,Web
W000653,U0135,M0053,2026-09-26 02:34:00,90,TV
W000654,U0107,M0006,2026-07-09 08:51:00,80,Web
W000655,U0057,M0045,2026-08-30 09:04:00,69,TV
W000656,U0193,M0012,2026-08-21 02:15:00,86,Mobile
W000657,U0030,M0006,2026-08-10 13:34:00,75,TV
W000658,U0011,M0100,2026-08-04 17:07:00,157,Mobile
W000659,U0099,M0072,2026-08-19 04:09:00,118,Web
W000660,U0132,M0009,2026-08-14 07:26:00,77,Mobile
W000661,U0076,M0039,2026-07-30 03:44:00,79,TV
W000662,U0198,M0025,2026-08-27 01:33:00,76,Mobile
W000663,U0054,M0045,2026-09-17 17:30:00,64,TV
W000664,U0138,M0010,2026-08-28 20:26:00,104,Mobile
W000665,U0192,M0019,2026-07-03 03:53:00,116,Mobile
W000666,U0019,M0032,2026-07-17 04:49:00,74,Web
W000667,U0143,M0084,2026-08-22 08:01:00,107,Tablet
W000668,U0100,M0006,2026-08-27 08:43:00,38,Tablet
W000669,U0111,M0002,2026-07-02 12:53:00,97,Mobile
W000670,U0165,M0072,2026-09-07 19:25:00,125,Mobile
W000671,U0180,M0016,2026-08-02 13:24:00,140,Web
W000672,U0156,M0070,2026-07-26 14:59:00,81,Tablet
W000673,U0098,M0002,2026-09-13 19:57:00,93,TV
W000674,U0035,M0005,2026-09-11 12:34:00,70,Web
W000675,U0163,M0009,2026-07-28 03:06:00,63,Web
W000676,U0003,M0008,2026-07-12 05:12:00,100,Mobile
W000677,U0002,M0001,2026-08-18 21:25:00,101,TV
W000678,U0192,M0005,2026-07-20 06:32:00,85,Tablet
W000679,U0166,M0013,2026-07-15 15:36:00,101,Web
W000680,U0050,M0086,2026-07-17 12:10:00,130,Mobile
W000681,U0193,M0005,2026-08-28 16:18:00,73,Mobile
W000682,U0065,M0023,2026-07-18 23:15:00,104,Tablet
W000683,U0085,M0006,2026-07-12 16:05:00,67,Web
W000684,U0159,M0076,2026-09-20 22:20:00,108,TV
W000685,U0082,M0012,2026-08-11 00:27:00,59,TV
W000686,U0145,M0003,2026-09-12 12:26:00,120,Web
W000687,U0110,M0027,2026-07-01 10:33:00,61,Tablet
W000688,U0071,M0001,2026-07-13 05:23:00,138,Web
W000689,U0123,M0005,2026-08-10 12:53:00,77,Mobile
W000690,U0045,M0020,2026-09-15 14:55:00,137,Web
W000691,U0036,M0036,2026-07-24 23:02:00,104,Mobile
W000692,U0005,M0011,2026-08-27 11:48:00,64,Mobile
W000693,U0149,M0012,2026-09-09 00:20:00,38,Web
W000694,U0140,M0010,2026-08-29 12:29:00,114,TV
W000695,U0094,M0005,2026-07-21 07:49:00,106,Web
W000696,U0035,M0006,2026-08-15 14:43:00,58,Mobile
W000697,U0102,M0010,2026-08-15 17:00:00,148,TV
W000698,U0194,M0012,2026-08-10 14:47:00,72,TV
W000699,U0046,M0015,2026-09-05 23:38:00,87,Mobile
W000700,U0057,M0001,2026-07-22 02:15:00,66,Mobile
W000701,U0068,M0006,2026-07-22 07:13:00,85,Web
W000702,U0100,M0004,2026-09-22 13:11:00,92,Tablet
W000703,U0012,M0072,2026-09-28 06:07:00,114,Web
W000704,U0190,M0070,2026-08-22 16:02:00,78,TV
W000705,U0097,M0005,2026-08-03 06:00:00,54,Mobile
W000706,U0133,M0069,2026-08-04 06:06:00,44,TV
W000707,U0133,M0012,2026-08-02 02:55:00,78,Tablet
W000708,U0155,M0029,2026-08-15 16:16:00,54,TV
W000709,U0113,M0020,2026-07-21 22:25:00,148,TV
W000710,U0039,M0036,2026-07-15 07:45:00,118,Web
W000711,U0155,M0001,2026-08-30 04:12:00,113,Mobile
W000712,U0124,M0002,2026-08-13 14:26:00,134,TV
W000713,U0152,M0023,2026-08-28 21:57:00,111,Mobile
W000714,U0033,M0023,2026-07-13 06:18:00,105,Mobile
W000715,U0147,M0011,2026-07-06 02:08:00,110,Tablet
W000716,U0154,M0074,2026-09-18 23:07:00,140,Web
W000717,U0022,M0051,2026-08-10 21:17:00,115,Tablet
W000718,U0044,M0048,2026-09-14 13:57:00,78,Tablet
W000719,U0154,M0009,2026-09-11 07:51:00,54,Web
W000720,U0043,M0004,2026-09-22 22:54:00,73,Tablet
W000721,U0153,M0075,2026-07-21 22:02:00,82,Mobile
W000722,U0052,M0007,2026-09-14 05:32:00,100,TV
W000723,U0156,M0014,2026-07-17 03:35:00,73,Mobile
W000724,U0137,M0009,2026-09-07 11:36:00,84,Mobile
W000725,U0024,M0003,2026-08-30 00:27:00,114,Mobile
W000726,U0199,M0001,2026-08-17 12:25:00,127,Tablet
W000727,U0095,M0086,2026-09-02 12:01:00,94,Tablet
W000728,U0197,M0007,2026-08-01 21:43:00,91,Mobile
W000729,U0109,M0009,2026-07-24 04:00:00,68,Mobile
W000730,U0073,M0002,2026-07-24 11:11:00,106,TV
W000731,U0002,M0026,2026-08-22 14:37:00,65,Tablet
W000732,U0168,M0041,2026-09-01 14:26:00,121,Web
W000733,U0105,M0009,2026-07-10 16:50:00,95,Web
W000734,U0067,M0004,2026-08-21 09:32:00,110,Web
W000735,U0157,M0082,2026-08-31 22:48:00,68,Tablet
W000736,U0046,M0006,2026-08-20 21:21:00,81,Tablet
W000737,U0065,M0098,2026-08-22 13:53:00,101,TV
W000738,U0169,M0001,2026-09-07 01:37:00,132,TV
W000739,U0115,M0023,2026-07-10 03:03:00,113,Web
W000740,U0141,M0004,2026-07-15 15:08:00,106,Tablet
W000741,U0163,M0019,2026-09-12 05:10:00,140,Tablet
W000742,U0023,M0051,2026-07-24 22:43:00,137,TV
W000743,U0095,M0038,2026-08-25 10:26:00,110,Tablet
W000744,U0158,M0082,2026-09-03 18:31:00,82,Mobile
W000745,U0199,M0030,2026-08-28 06:44:00,74,Web
W000746,U0050,M0046,2026-09-10 08:35:00,103,TV
W000747,U0158,M0022,2026-08-31 08:25:00,132,Mobile
W000748,U0041,M0071,2026-07-26 02:47:00,141,Tablet
W000749,U0091,M0007,2026-08-06 21:43:00,74,Mobile
W000750,U0024,M0086,2026-09-05 02:16:00,96,Web
W000751,U0089,M0077,2026-07-21 14:21:00,116,Tablet
W000752,U0148,M0017,2026-07-24 18:23:00,82,TV
W000753,U0105,M0011,2026-07-10 16:34:00,69,Web
W000754,U0030,M0072,2026-09-18 17:53:00,111,Web
W000755,U0178,M0007,2026-09-26 22:22:00,78,TV
W000756,U0194,M0002,2026-09-26 11:51:00,118,Tablet
W000757,U0175,M0011,2026-09-20 14:29:00,86,Mobile
W000758,U0067,M0066,2026-08-04 19:57:00,119,TV
W000759,U0174,M0058,2026-09-11 19:58:00,51,Mobile
W000760,U0180,M0075,2026-07-23 14:19:00,115,Web
W000761,U0024,M0009,2026-08-31 07:42:00,80,TV
W000762,U0122,M0001,2026-08-02 04:18:00,92,TV
W000763,U0147,M0073,2026-07-17 15:17:00,163,TV
W000764,U0128,M0038,2026-07-22 09:03:00,83,TV
W000765,U0068,M0046,2026-07-21 20:42:00,106,Web
W000766,U0040,M0054,2026-07-11 21:52:00,117,Mobile
W000767,U0174,M0009,2026-08-25 20:55:00,104,Mobile
W000768,U0124,M0007,2026-08-26 11:52:00,95,Web
W000769,U0127,M0081,2026-08-14 16:10:00,141,Web
W000770,U0102,M0049,2026-09-07 06:46:00,109,TV
W000771,U0014,M0004,2026-08-13 12:54:00,93,Web
W000772,U0101,M0025,2026-08-11 14:45:00,78,Mobile
W000773,U0179,M0011,2026-07-29 17:33:00,88,TV
W000774,U0098,M0100,2026-07-30 14:55:00,129,Web
W000775,U0157,M0073,2026-07-18 00:50:00,125,Tablet
W000776,U0157,M0004,2026-08-03 07:22:00,84,TV
W000777,U0128,M0005,2026-07-20 03:54:00,61,Web
W000778,U0103,M0079,2026-08-11 00:37:00,111,TV
W000779,U0147,M0003,2026-09-28 03:15:00,85,Mobile
W000780,U0185,M0074,2026-09-12 04:33:00,103,TV
W000781,U0143,M0009,2026-09-16 22:38:00,73,TV
W000782,U0122,M0037,2026-07-17 01:48:00,98,Tablet
W000783,U0128,M0004,2026-09-20 07:22:00,101,Web
W000784,U0125,M0089,2026-07-23 20:15:00,121,Mobile
W000785,U0102,M0091,2026-09-01 20:30:00,134,Web
W000786,U0122,M0013,2026-08-10 22:43:00,101,Web
W000787,U0067,M0008,2026-08-02 19:06:00,97,Web
W000788,U0089,M0081,2026-08-07 11:30:00,113,Mobile
W000789,U0090,M0037,2026-08-22 12:09:00,68,TV
W000790,U0200,M0086,2026-08-02 07:44:00,95,Web
W000791,U0173,M0006,2026-09-09 12:27:00,70,Tablet
W000792,U0158,M0082,2026-08-12 05:04:00,40,TV
W000793,U0043,M0001,2026-08-08 09:28:00,93,Mobile
W000794,U0021,M0018,2026-08-01 06:39:00,49,TV
W000795,U0081,M0098,2026-08-29 10:31:00,113,Tablet
W000796,U0070,M0008,2026-09-10 02:03:00,150,Web
W000797,U0192,M0011,2026-08-07 16:22:00,107,TV
W000798,U0187,M0061,2026-08-30 06:12:00,136,Web
W000799,U0191,M0010,2026-07-20 04:00:00,139,Mobile
W000800,U0122,M0029,2026-07-03 09:35:00,76,Tablet
W000801,U0135,M0055,2026-07-10 11:02:00,115,Tablet
W000802,U0080,M0058,2026-07-23 12:26:00,79,Web
W000803,U0114,M0005,2026-07-12 22:46:00,76,Mobile
W000804,U0170,M0006,2026-09-17 07:30:00,72,Web
W000805,U0122,M0008,2026-09-27 17:52:00,165,Tablet
W000806,U0035,M0031,2026-08-23 18:41:00,88,Tablet
W000807,U0162,M0003,2026-08-17 15:30:00,83,Web
W000808,U0124,M0057,2026-09-12 05:54:00,71,Mobile
W000809,U0114,M0098,2026-08-03 07:03:00,108,Mobile
W000810,U0001,M0010,2026-08-01 07:13:00,141,Web
W000811,U0121,M0039,2026-09-01 14:27:00,158,Tablet
W000812,U0077,M0033,2026-09-08 17:04:00,53,Tablet
W000813,U0075,M0059,2026-09-11 12:33:00,96,Tablet
W000814,U0144,M0011,2026-08-05 22:20:00,90,TV
W000815,U0042,M0004,2026-09-14 09:43:00,78,Tablet
W000816,U0161,M0063,2026-08-17 00:33:00,141,Web
W000817,U0073,M0078,2026-08-07 14:00:00,73,TV
W000818,U0075,M0070,2026-08-27 23:18:00,91,Tablet
W000819,U0159,M0007,2026-07-25 18:29:00,87,Web
W000820,U0005,M0013,2026-07-05 12:25:00,71,Mobile
W000821,U0048,M0039,2026-07-26 16:17:00,119,Mobile
W000822,U0060,M0088,2026-07-14 17:10:00,121,Mobile
W000823,U0127,M0052,2026-08-01 02:55:00,41,Tablet
W000824,U0096,M0006,2026-09-02 10:28:00,89,Mobile
W000825,U0085,M0018,2026-09-15 18:45:00,67,Web
W000826,U0199,M0005,2026-07-07 11:56:00,77,Tablet
W000827,U0047,M0034,2026-09-20 12:41:00,140,Mobile
W000828,U0032,M0063,2026-08-05 00:36:00,103,Tablet
W000829,U0064,M0035,2026-07-19 03:06:00,109,TV
W000830,U0122,M0004,2026-09-01 00:38:00,96,Web
W000831,U0083,M0022,2026-08-27 06:25:00,115,Mobile
W000832,U0065,M0003,2026-08-28 02:52:00,68,Web
W000833,U0051,M0001,2026-09-19 18:48:00,134,Mobile
W000834,U0061,M0010,2026-07-30 12:54:00,144,Mobile
W000835,U0043,M0082,2026-08-23 05:17:00,100,Mobile
W000836,U0011,M0007,2026-09-01 15:50:00,115,TV
W000837,U0096,M0079,2026-07-23 15:20:00,101,Web
W000838,U0195,M0034,2026-07-06 10:34:00,129,Web
W000839,U0166,M0019,2026-09-02 20:04:00,123,Tablet
W000840,U0060,M0003,2026-09-28 08:30:00,95,Web
W000841,U0113,M0034,2026-07-02 22:38:00,116,TV
W000842,U0065,M0071,2026-08-14 04:09:00,122,Tablet
W000843,U0144,M0086,2026-08-19 09:37:00,103,TV
W000844,U0140,M0007,2026-07-30 11:05:00,82,Tablet
W000845,U0071,M0023,2026-07-07 06:27:00,89,Web
W000846,U0139,M0004,2026-08-11 07:57:00,85,Mobile
W000847,U0199,M0011,2026-09-05 18:41:00,91,Web
W000848,U0199,M0063,2026-07-30 04:34:00,135,Mobile
W000849,U0169,M0003,2026-07-18 06:46:00,76,TV
W000850,U0157,M0085,2026-07-30 08:43:00,134,Tablet
W000851,U0165,M0005,2026-07-11 01:18:00,109,Mobile
W000852,U0034,M0032,2026-09-18 12:10:00,85,Mobile
W000853,U0052,M0055,2026-08-14 04:18:00,117,Tablet
W000854,U0169,M0007,2026-08-17 20:40:00,97,Web
W000855,U0013,M0011,2026-07-21 02:10:00,84,TV
W000856,U0168,M0003,2026-09-23 12:07:00,93,Mobile
W000857,U0120,M0061,2026-08-02 20:27:00,66,Tablet
W000858,U0095,M0046,2026-09-13 23:16:00,87,Web
W000859,U0136,M0069,2026-09-05 20:06:00,78,TV
W000860,U0133,M0013,2026-07-10 05:07:00,97,TV
W000861,U0137,M0009,2026-07-18 05:52:00,90,TV
W000862,U0143,M0012,2026-09-06 21:53:00,92,Mobile
W000863,U0197,M0007,2026-08-31 09:27:00,67,Mobile
W000864,U0043,M0033,2026-08-20 01:25:00,80,Tablet
W000865,U0130,M0001,2026-08-29 20:24:00,140,Tablet
W000866,U0091,M0002,2026-08-20 01:40:00,134,Web
W000867,U0096,M0004,2026-09-08 13:23:00,66,Web
W000868,U0156,M0064,2026-08-21 06:12:00,63,TV
W000869,U0097,M0066,2026-08-02 18:27:00,140,Tablet
W000870,U0001,M0048,2026-09-28 11:18:00,86,Web
W000871,U0153,M0067,2026-08-17 02:44:00,130,Mobile
W000872,U0077,M0049,2026-07-20 13:17:00,109,Web
W000873,U0006,M0082,2026-09-22 15:49:00,56,TV
W000874,U0025,M0052,2026-08-11 21:41:00,61,Web
W000875,U0040,M0011,2026-07-25 02:52:00,73,TV
W000876,U0066,M0089,2026-07-09 08:46:00,156,Tablet
W000877,U0146,M0047,2026-09-05 20:01:00,145,Tablet
W000878,U0045,M0001,2026-09-14 03:46:00,116,Mobile
W000879,U0153,M0089,2026-07-04 09:38:00,135,Mobile
W000880,U0200,M0040,2026-09-22 21:51:00,114,Web
W000881,U0090,M0010,2026-08-07 21:54:00,143,TV
W000882,U0192,M0048,2026-08-27 16:44:00,87,Tablet
W000883,U0014,M0092,2026-08-17 17:31:00,124,TV
W000884,U0084,M0009,2026-09-02 12:17:00,86,TV
W000885,U0040,M0014,2026-08-31 07:34:00,96,Tablet
W000886,U0193,M0085,2026-07-21 05:09:00,120,Tablet
W000887,U0075,M0006,2026-07-14 11:20:00,79,Mobile
W000888,U0141,M0004,2026-07-24 21:33:00,94,Mobile
W000889,U0103,M0008,2026-08-09 13:09:00,137,TV
W000890,U0124,M0042,2026-08-14 09:44:00,78,Tablet
W000891,U0167,M0041,2026-08-21 01:53:00,102,TV
W000892,U0063,M0081,2026-07-25 05:38:00,109,Tablet
W000893,U0083,M0079,2026-07-11 05:49:00,87,Web
W000894,U0049,M0100,2026-08-01 08:37:00,115,Mobile
W000895,U0198,M0092,2026-07-16 09:44:00,127,Tablet
W000896,U0160,M0010,2026-08-10 02:12:00,133,Mobile
W000897,U0060,M0043,2026-09-01 09:11:00,56,Mobile
W000898,U0029,M0031,2026-07-23 02:56:00,140,TV
W000899,U0074,M0063,2026-08-01 05:53:00,128,Tablet
W000900,U0121,M0095,2026-07-31 04:59:00,116,TV
W000901,U0190,M0044,2026-07-19 13:12:00,50,Tablet
W000902,U0160,M0008,2026-09-02 06:24:00,127,Mobile
W000903,U0097,M0075,2026-07-24 06:03:00,96,Web
W000904,U0014,M0002,2026-08-29 14:20:00,117,Mobile
W000905,U0018,M0003,2026-08-30 02:36:00,92,Web
W000906,U0028,M0077,2026-07-27 14:57:00,160,Tablet
W000907,U0060,M0011,2026-08-16 06:55:00,97,Web
W000908,U0125,M0052,2026-07-17 23:14:00,68,TV
W000909,U0129,M0010,2026-08-21 00:50:00,139,TV
W000910,U0136,M0097,2026-07-31 08:41:00,81,Tablet
W000911,U0101,M0016,2026-07-02 16:08:00,123,Web
W000912,U0061,M0008,2026-07-26 02:39:00,150,Mobile
W000913,U0161,M0072,2026-09-18 23:29:00,58,Mobile
W000914,U0143,M0079,2026-07-21 12:47:00,124,TV
W000915,U0088,M0006,2026-08-29 19:05:00,93,TV
W000916,U0107,M0059,2026-08-22 03:30:00,100,TV
W000917,U0110,M0100,2026-09-21 19:20:00,116,TV
W000918,U0053,M0011,2026-08-22 21:16:00,77,TV
W000919,U0036,M0094,2026-09-01 16:07:00,117,TV
W000920,U0111,M0015,2026-08-29 17:33:00,70,TV
W000921,U0082,M0066,2026-08-20 17:31:00,93,TV
W000922,U0082,M0010,2026-09-05 04:19:00,129,Mobile
W000923,U0196,M0099,2026-09-19 02:40:00,116,Web
W000924,U0114,M0081,2026-07-14 19:57:00,120,TV
W000925,U0028,M0008,2026-07-17 19:35:00,175,Web
W000926,U0156,M0059,2026-08-24 06:46:00,87,TV
W000927,U0060,M0016,2026-08-02 16:49:00,160,TV
W000928,U0129,M0004,2026-09-03 19:25:00,103,Web
W000929,U0048,M0003,2026-08-14 17:34:00,86,TV
W000930,U0009,M0009,2026-09-08 14:09:00,82,Mobile
W000931,U0070,M0004,2026-07-21 06:10:00,86,TV
W000932,U0017,M0031,2026-09-23 09:17:00,64,Tablet
W000933,U0158,M0002,2026-09-01 14:39:00,95,TV
W000934,U0110,M0012,2026-09-09 15:40:00,89,Mobile
W000935,U0156,M0011,2026-09-04 13:18:00,80,Mobile
W000936,U0134,M0025,2026-08-11 02:33:00,103,Tablet
W000937,U0011,M0061,2026-08-17 05:07:00,55,Mobile
W000938,U0143,M0010,2026-08-16 23:29:00,123,Mobile
W000939,U0049,M0085,2026-08-10 00:13:00,125,Web
W000940,U0119,M0026,2026-08-08 10:52:00,96,Web
W000941,U0157,M0031,2026-09-01 19:13:00,108,Tablet
W000942,U0024,M0079,2026-07-17 08:42:00,95,TV
W000943,U0101,M0011,2026-07-30 10:36:00,78,TV
W000944,U0117,M0058,2026-07-23 18:18:00,72,Web
W000945,U0178,M0024,2026-09-04 09:18:00,105,Tablet
W000946,U0163,M0009,2026-07-08 18:21:00,73,Tablet
W000947,U0187,M0022,2026-08-04 11:14:00,114,TV
W000948,U0086,M0017,2026-07-15 18:09:00,88,TV
W000949,U0046,M0023,2026-08-08 04:35:00,98,Tablet
W000950,U0074,M0033,2026-07-11 16:48:00,95,TV
W000951,U0052,M0015,2026-08-26 16:00:00,92,Tablet
W000952,U0128,M0018,2026-08-25 08:09:00,64,Tablet
W000953,U0061,M0047,2026-08-23 14:23:00,120,Tablet
W000954,U0021,M0028,2026-07-23 06:35:00,85,Web
W000955,U0159,M0042,2026-07-05 10:51:00,90,Web
W000956,U0010,M0010,2026-09-16 17:13:00,141,Mobile
W000957,U0171,M0088,2026-07-31 03:19:00,99,Tablet
W000958,U0046,M0023,2026-08-31 04:12:00,106,Web
W000959,U0157,M0031,2026-09-26 22:53:00,95,Mobile
W000960,U0024,M0094,2026-07-30 09:12:00,130,Web
W000961,U0098,M0068,2026-09-08 00:50:00,102,Web
W000962,U0121,M0009,2026-07-12 02:33:00,91,Web
W000963,U0085,M0011,2026-08-17 18:06:00,92,Mobile
W000964,U0028,M0069,2026-08-14 00:34:00,76,Web
W000965,U0110,M0003,2026-07-24 15:14:00,39,Web
W000966,U0034,M0011,2026-08-17 07:18:00,80,Tablet
W000967,U0127,M0033,2026-09-19 10:23:00,52,TV
W000968,U0001,M0001,2026-07-03 04:23:00,91,Tablet
W000969,U0161,M0001,2026-09-06 03:01:00,127,Tablet
W000970,U0106,M0096,2026-07-31 09:10:00,111,Web
W000971,U0144,M0044,2026-07-02 00:40:00,62,Web
W000972,U0018,M0098,2026-07-28 07:58:00,95,Web
W000973,U0197,M0025,2026-07-11 08:40:00,73,Mobile
W000974,U0045,M0035,2026-07-31 02:01:00,124,Web
W000975,U0173,M0002,2026-09-22 09:23:00,99,TV
W000976,U0124,M0020,2026-08-27 02:08:00,126,Tablet
W000977,U0138,M0007,2026-08-12 02:16:00,97,Mobile
W000978,U0134,M0089,2026-08-21 10:08:00,120,Web
W000979,U0143,M0076,2026-07-19 22:57:00,105,Web
W000980,U0017,M0017,2026-07-26 12:40:00,82,Mobile
W000981,U0087,M0004,2026-08-27 00:38:00,78,Tablet
W000982,U0048,M0095,2026-09-17 16:44:00,122,Web
W000983,U0181,M0002,2026-09-03 14:40:00,122,Tablet
W000984,U0061,M0002,2026-08-11 03:12:00,108,Web
W000985,U0056,M0090,2026-07-16 22:19:00,137,TV
W000986,U0024,M0008,2026-08-16 01:21:00,156,Mobile
W000987,U0124,M0019,2026-07-18 07:31:00,120,Web
W000988,U0199,M0008,2026-07-14 01:01:00,153,Mobile
W000989,U0133,M0008,2026-07-19 16:14:00,133,Mobile
W000990,U0002,M0095,2026-09-23 20:43:00,105,Mobile
W000991,U0176,M0071,2026-07-31 08:04:00,132,Web
W000992,U0006,M0100,2026-08-28 03:35:00,132,TV
W000993,U0083,M0043,2026-07-18 12:37:00,72,Tablet
W000994,U0172,M0068,2026-07-25 19:37:00,144,TV
W000995,U0041,M0081,2026-07-11 10:02:00,153,Mobile
W000996,U0053,M0008,2026-08-20 00:06:00,138,Web
W000997,U0070,M0013,2026-09-24 20:37:00,87,TV
W000998,U0044,M0084,2026-07-29 08:12:00,76,Web
W000999,U0139,M0008,2026-07-05 14:48:00,150,Mobile
W001000,U0028,M0001,2026-07-05 21:31:00,124,Mobile
W001001,U0110,M0005,2026-07-17 06:59:00,76,Tablet
W001002,U0158,M0006,2026-07-29 10:32:00,37,Web
W001003,U0051,M0040,2026-09-27 15:02:00,165,TV
W001004,U0024,M0008,2026-07-09 20:28:00,122,Tablet
W001005,U0080,M0007,2026-08-12 19:55:00,95,Web
W001006,U0094,M0005,2026-07-17 16:32:00,100,Web
W001007,U0084,M0008,2026-08-14 08:58:00,156,Web
W001008,U0123,M0005,2026-09-15 23:36:00,91,TV
W001009,U0073,M0007,2026-08-25 00:25:00,74,Tablet
W001010,U0183,M0055,2026-07-30 15:52:00,106,Mobile
W001011,U0078,M0012,2026-08-06 11:35:00,60,TV
W001012,U0141,M0017,2026-09-27 15:29:00,82,Tablet
W001013,U0099,M0079,2026-08-01 00:18:00,103,Tablet
W001014,U0112,M0004,2026-08-19 13:32:00,114,TV
W001015,U0045,M0004,2026-09-06 07:10:00,110,Tablet
W001016,U0030,M0006,2026-07-30 14:47:00,64,Mobile
W001017,U0114,M0031,2026-07-29 00:54:00,125,Mobile
W001018,U0176,M0011,2026-07-30 19:14:00,87,Tablet
W001019,U0166,M0061,2026-07-09 05:46:00,108,Mobile
W001020,U0194,M0016,2026-08-30 03:43:00,142,TV
W001021,U0116,M0085,2026-08-05 11:55:00,123,TV
W001022,U0175,M0098,2026-07-28 06:46:00,103,Web
W001023,U0112,M0005,2026-07-09 03:03:00,65,Tablet
W001024,U0033,M0091,2026-07-06 16:20:00,115,Web
W001025,U0141,M0012,2026-07-01 01:50:00,62,Web
W001026,U0029,M0085,2026-09-17 19:06:00,106,Mobile
W001027,U0061,M0009,2026-09-02 22:01:00,59,Tablet
W001028,U0104,M0012,2026-08-09 14:41:00,58,TV
W001029,U0170,M0024,2026-08-13 05:22:00,120,Web
W001030,U0107,M0014,2026-07-27 06:10:00,115,TV
W001031,U0035,M0048,2026-07-07 12:43:00,85,Tablet
W001032,U0169,M0004,2026-09-27 17:51:00,80,TV
W001033,U0022,M0011,2026-08-28 11:00:00,101,Tablet
W001034,U0160,M0028,2026-08-11 08:38:00,68,Tablet
W001035,U0142,M0011,2026-08-05 00:25:00,82,Mobile
W001036,U0148,M0007,2026-09-16 01:52:00,102,TV
W001037,U0183,M0078,2026-08-07 09:29:00,91,Mobile
W001038,U0010,M0011,2026-09-03 03:50:00,79,Web
W001039,U0029,M0003,2026-09-26 12:56:00,93,Web
W001040,U0120,M0037,2026-08-17 15:17:00,82,Mobile
W001041,U0063,M0005,2026-08-27 09:42:00,84,Mobile
W001042,U0176,M0100,2026-08-25 19:12:00,86,Mobile
W001043,U0088,M0045,2026-08-12 16:15:00,40,Web
W001044,U0108,M0004,2026-09-26 10:25:00,100,Web
W001045,U0075,M0026,2026-07-04 05:10:00,79,Web
W001046,U0187,M0074,2026-07-06 14:10:00,86,Tablet
W001047,U0149,M0027,2026-08-22 03:25:00,94,Mobile
W001048,U0074,M0005,2026-07-08 12:14:00,104,TV
W001049,U0130,M0031,2026-09-16 12:00:00,121,Web
W001050,U0071,M0072,2026-07-02 07:01:00,105,Mobile
W001051,U0155,M0030,2026-09-21 20:12:00,68,Tablet
W001052,U0095,M0030,2026-07-24 18:42:00,71,TV
W001053,U0125,M0028,2026-09-11 18:15:00,97,Mobile
W001054,U0038,M0019,2026-09-15 05:47:00,131,Tablet
W001055,U0193,M0004,2026-09-09 02:53:00,69,TV
W001056,U0054,M0012,2026-07-05 22:40:00,89,Web
W001057,U0194,M0095,2026-07-05 18:44:00,133,Web
W001058,U0122,M0060,2026-08-04 13:41:00,137,Tablet
W001059,U0122,M0075,2026-07-14 05:05:00,70,Web
W001060,U0115,M0012,2026-08-31 18:11:00,68,Web
W001061,U0136,M0077,2026-07-09 20:41:00,147,Tablet
W001062,U0157,M0080,2026-07-31 11:44:00,82,Web
W001063,U0069,M0021,2026-07-24 05:48:00,62,TV
W001064,U0188,M0035,2026-08-17 07:51:00,124,Web
W001065,U0174,M0033,2026-07-29 12:20:00,48,Mobile
W001066,U0004,M0010,2026-07-09 21:25:00,127,Mobile
W001067,U0176,M0009,2026-08-01 23:53:00,83,TV
W001068,U0009,M0098,2026-08-26 09:05:00,131,Mobile
W001069,U0015,M0052,2026-09-25 12:22:00,61,Mobile
W001070,U0023,M0002,2026-08-04 05:17:00,99,TV
W001071,U0029,M0035,2026-07-24 01:25:00,132,Mobile
W001072,U0164,M0001,2026-09-22 23:39:00,134,Web
W001073,U0197,M0006,2026-09-02 00:10:00,95,Web
W001074,U0066,M0018,2026-09-10 01:32:00,49,Mobile
W001075,U0071,M0063,2026-08-04 20:14:00,86,Web
W001076,U0068,M0032,2026-08-10 02:27:00,90,Mobile
W001077,U0126,M0043,2026-08-25 13:13:00,57,Mobile
W001078,U0037,M0001,2026-07-20 21:04:00,125,Mobile
W001079,U0114,M0073,2026-07-10 09:38:00,144,Web
W001080,U0199,M0009,2026-07-02 16:59:00,82,Tablet
W001081,U0039,M0006,2026-09-23 21:56:00,91,TV
W001082,U0180,M0009,2026-09-21 08:10:00,85,Tablet
W001083,U0148,M0009,2026-08-16 21:52:00,72,Tablet
W001084,U0112,M0011,2026-09-15 19:51:00,59,Mobile
W001085,U0139,M0056,2026-07-01 07:13:00,105,Tablet
W001086,U0032,M0007,2026-07-31 08:24:00,111,Web
W001087,U0103,M0018,2026-08-27 13:13:00,86,Web
W001088,U0137,M0010,2026-07-08 07:45:00,135,Tablet
W001089,U0195,M0084,2026-08-28 23:07:00,97,Tablet
W001090,U0170,M0033,2026-07-28 04:53:00,95,Tablet
W001091,U0028,M0012,2026-08-14 06:46:00,92,TV
W001092,U0036,M0043,2026-07-18 13:49:00,90,Mobile
W001093,U0185,M0058,2026-08-14 12:44:00,44,Web
W001094,U0128,M0006,2026-09-26 23:30:00,94,Mobile
W001095,U0010,M0009,2026-07-06 02:27:00,66,Tablet
W001096,U0031,M0049,2026-09-12 11:08:00,109,Tablet
W001097,U0174,M0017,2026-09-06 10:51:00,53,Mobile
W001098,U0189,M0013,2026-08-14 12:00:00,71,Mobile
W001099,U0121,M0095,2026-07-23 02:08:00,121,TV
W001100,U0162,M0013,2026-09-21 08:15:00,82,Web
W001101,U0025,M0009,2026-08-25 15:14:00,92,Mobile
W001102,U0030,M0011,2026-08-24 03:44:00,110,TV
W001103,U0017,M0044,2026-08-08 19:04:00,61,Tablet
W001104,U0084,M0074,2026-09-27 19:47:00,138,TV
W001105,U0083,M0050,2026-09-08 13:28:00,143,Mobile
W001106,U0031,M0081,2026-07-13 20:32:00,131,Tablet
W001107,U0044,M0001,2026-08-20 08:56:00,116,Mobile
W001108,U0035,M0032,2026-09-11 00:04:00,81,Tablet
W001109,U0200,M0021,2026-07-02 10:08:00,77,Mobile
W001110,U0046,M0079,2026-09-03 07:53:00,91,Web
W001111,U0107,M0007,2026-09-02 00:28:00,100,Web
W001112,U0134,M0006,2026-08-07 12:05:00,81,TV
W001113,U0045,M0052,2026-08-24 06:34:00,78,Mobile
W001114,U0161,M0095,2026-08-01 15:53:00,143,Tablet
W001115,U0002,M0056,2026-07-18 11:13:00,142,Mobile
W001116,U0159,M0009,2026-09-17 12:39:00,96,TV
W001117,U0119,M0047,2026-07-26 03:51:00,139,TV
W001118,U0176,M0011,2026-08-15 06:50:00,92,TV
W001119,U0041,M0087,2026-07-05 22:01:00,84,Tablet
W001120,U0065,M0012,2026-08-26 03:27:00,60,Tablet
W001121,U0012,M0048,2026-09-06 09:27:00,112,TV
W001122,U0008,M0005,2026-08-16 20:49:00,94,Mobile
W001123,U0019,M0061,2026-09-04 15:55:00,83,Tablet
W001124,U0051,M0007,2026-07-21 22:34:00,101,Mobile
W001125,U0084,M0052,2026-07-09 22:13:00,70,TV
W001126,U0097,M0048,2026-07-07 16:37:00,109,Tablet
W001127,U0150,M0005,2026-07-05 22:42:00,95,Tablet
W001128,U0046,M0003,2026-08-03 23:53:00,91,TV
W001129,U0118,M0040,2026-08-27 12:40:00,129,Web
W001130,U0033,M0037,2026-09-02 00:09:00,103,Mobile
W001131,U0072,M0005,2026-07-11 02:43:00,99,TV
W001132,U0195,M0011,2026-07-21 00:16:00,73,Web
W001133,U0155,M0021,2026-09-10 20:47:00,84,TV
W001134,U0148,M0053,2026-07-08 20:54:00,45,Tablet
W001135,U0134,M0002,2026-09-17 11:30:00,128,Tablet
W001136,U0072,M0058,2026-09-05 10:44:00,68,Tablet
W001137,U0189,M0067,2026-07-23 13:23:00,94,TV
W001138,U0147,M0018,2026-08-08 00:38:00,86,Mobile
W001139,U0011,M0004,2026-09-05 18:18:00,89,Tablet
W001140,U0123,M0024,2026-08-11 04:22:00,101,Tablet
W001141,U0062,M0056,2026-08-20 20:02:00,126,Tablet
W001142,U0056,M0003,2026-08-02 14:56:00,69,Web
W001143,U0062,M0088,2026-07-02 10:47:00,79,Tablet
W001144,U0147,M0098,2026-09-27 21:01:00,118,Tablet
W001145,U0119,M0011,2026-09-18 13:43:00,86,Web
W001146,U0161,M0006,2026-09-03 01:41:00,63,Mobile
W001147,U0161,M0006,2026-08-05 00:46:00,86,Mobile
W001148,U0076,M0011,2026-09-07 12:42:00,79,Web
W001149,U0179,M0042,2026-09-10 16:44:00,78,Web
W001150,U0189,M0038,2026-08-16 20:27:00,69,Web
W001151,U0014,M0035,2026-08-04 20:34:00,123,Web
W001152,U0094,M0030,2026-08-28 23:57:00,95,Mobile
W001153,U0144,M0040,2026-07-13 14:21:00,151,Mobile
W001154,U0167,M0001,2026-09-06 02:49:00,107,TV
W001155,U0193,M0056,2026-07-30 04:03:00,117,Tablet
W001156,U0071,M0031,2026-07-06 18:25:00,129,Web
W001157,U0089,M0007,2026-08-14 06:10:00,59,Tablet
W001158,U0182,M0090,2026-08-11 03:21:00,112,Web
W001159,U0173,M0079,2026-07-18 03:27:00,112,Mobile
W001160,U0101,M0027,2026-07-27 05:57:00,60,Mobile
W001161,U0028,M0025,2026-07-26 02:48:00,88,TV
W001162,U0053,M0095,2026-07-27 16:26:00,131,Tablet
W001163,U0175,M0003,2026-08-13 03:15:00,86,Mobile
W001164,U0075,M0037,2026-07-06 17:30:00,108,Mobile
W001165,U0060,M0012,2026-08-07 11:21:00,48,Web
W001166,U0125,M0003,2026-08-11 16:31:00,85,Web
W001167,U0146,M0003,2026-09-20 18:19:00,100,Web
W001168,U0059,M0011,2026-08-03 20:25:00,78,Web
W001169,U0198,M0089,2026-07-14 12:03:00,126,TV
W001170,U0159,M0018,2026-09-03 18:58:00,82,Web
W001171,U0047,M0025,2026-09-15 09:32:00,70,TV
W001172,U0042,M0062,2026-07-11 15:24:00,70,Mobile
W001173,U0082,M0098,2026-08-10 03:08:00,116,Mobile
W001174,U0171,M0098,2026-09-28 00:31:00,128,Web
W001175,U0038,M0007,2026-08-10 19:36:00,83,Web
W001176,U0032,M0097,2026-08-06 19:46:00,80,Tablet
W001177,U0197,M0010,2026-09-25 06:28:00,120,Mobile
W001178,U0190,M0011,2026-07-31 03:41:00,93,Web
W001179,U0122,M0089,2026-09-27 06:08:00,178,TV
W001180,U0145,M0007,2026-07-31 19:52:00,76,Mobile
W001181,U0188,M0009,2026-09-20 22:27:00,104,Mobile
W001182,U0079,M0100,2026-08-06 13:22:00,138,TV
W001183,U0115,M0011,2026-07-09 10:01:00,78,TV
W001184,U0150,M0054,2026-09-10 02:44:00,126,Web
W001185,U0051,M0096,2026-07-08 14:36:00,119,Mobile
W001186,U0132,M0006,2026-07-18 16:46:00,69,Tablet
W001187,U0082,M0018,2026-09-21 16:31:00,58,Tablet
W001188,U0095,M0002,2026-08-03 22:27:00,88,Mobile
W001189,U0073,M0005,2026-08-01 23:32:00,80,Mobile
W001190,U0056,M0003,2026-09-06 11:53:00,115,Tablet
W001191,U0114,M0088,2026-07-15 21:48:00,110,Tablet
W001192,U0187,M0005,2026-07-13 16:53:00,42,Mobile
W001193,U0037,M0047,2026-07-28 14:25:00,95,Web
W001194,U0017,M0009,2026-07-09 01:13:00,86,Mobile
W001195,U0105,M0075,2026-08-07 17:31:00,98,TV
W001196,U0052,M0036,2026-09-14 18:09:00,124,Tablet
W001197,U0075,M0008,2026-07-04 20:15:00,143,Web
W001198,U0127,M0006,2026-07-21 10:28:00,60,Mobile
W001199,U0001,M0019,2026-07-24 21:49:00,123,Tablet
W001200,U0032,M0083,2026-08-07 23:17:00,127,TV
W001201,U0126,M0066,2026-07-03 14:08:00,132,Mobile
W001202,U0154,M0009,2026-08-22 21:21:00,91,Tablet
W001203,U0145,M0004,2026-09-18 00:55:00,87,Mobile
W001204,U0096,M0071,2026-09-15 22:32:00,165,Web
W001205,U0042,M0048,2026-07-14 07:14:00,75,TV
W001206,U0092,M0019,2026-07-05 19:32:00,165,Web
W001207,U0093,M0007,2026-08-27 21:54:00,107,Web
W001208,U0075,M0030,2026-08-16 18:33:00,68,TV
W001209,U0197,M0029,2026-09-08 14:29:00,89,Web
W001210,U0081,M0090,2026-07-25 17:00:00,129,Web
W001211,U0025,M0004,2026-09-13 22:33:00,94,Web
W001212,U0096,M0005,2026-08-07 12:00:00,95,Web
W001213,U0042,M0040,2026-07-20 19:57:00,145,TV
W001214,U0144,M0052,2026-08-07 23:42:00,79,Tablet
W001215,U0020,M0096,2026-09-13 12:47:00,140,Web
W001216,U0080,M0002,2026-07-13 15:40:00,106,Tablet
W001217,U0153,M0011,2026-07-16 16:11:00,88,Mobile
W001218,U0057,M0001,2026-09-16 23:44:00,104,TV
W001219,U0177,M0052,2026-07-28 23:35:00,76,Mobile
W001220,U0109,M0080,2026-07-08 01:48:00,101,Mobile
W001221,U0199,M0004,2026-09-07 22:25:00,78,Mobile
W001222,U0169,M0056,2026-08-12 16:43:00,131,Mobile
W001223,U0065,M0087,2026-07-07 00:43:00,92,Mobile
W001224,U0032,M0041,2026-08-23 11:38:00,127,TV
W001225,U0048,M0008,2026-07-03 15:55:00,165,Web
W001226,U0149,M0007,2026-08-02 01:23:00,112,TV
W001227,U0129,M0059,2026-08-15 22:59:00,71,Mobile
W001228,U0136,M0052,2026-09-04 03:42:00,65,TV
W001229,U0073,M0028,2026-09-21 01:42:00,102,Mobile
W001230,U0055,M0012,2026-08-03 08:33:00,70,TV
W001231,U0113,M0017,2026-07-17 11:04:00,115,Tablet
W001232,U0055,M0057,2026-08-07 02:22:00,45,Mobile
W001233,U0195,M0096,2026-07-12 06:02:00,116,Tablet
W001234,U0196,M0008,2026-09-03 03:30:00,141,Web
W001235,U0143,M0060,2026-07-08 11:40:00,117,Web
W001236,U0117,M0095,2026-09-01 12:52:00,132,Tablet
W001237,U0058,M0001,2026-07-27 10:48:00,128,Mobile
W001238,U0122,M0005,2026-07-17 07:40:00,85,Mobile
W001239,U0173,M0008,2026-08-31 04:12:00,151,Mobile
W001240,U0031,M0014,2026-08-05 22:28:00,110,Tablet
W001241,U0178,M0037,2026-09-06 11:40:00,118,Mobile
W001242,U0094,M0042,2026-07-31 19:45:00,65,TV
W001243,U0153,M0006,2026-07-12 04:10:00,76,Tablet
W001244,U0072,M0075,2026-09-07 20:10:00,108,Tablet
W001245,U0092,M0007,2026-08-30 16:22:00,78,Tablet
W001246,U0131,M0083,2026-07-14 09:56:00,91,Tablet
W001247,U0028,M0003,2026-07-23 19:38:00,84,TV
W001248,U0008,M0023,2026-09-06 03:44:00,110,Mobile
W001249,U0018,M0012,2026-08-31 17:20:00,82,Web
W001250,U0040,M0096,2026-08-26 14:42:00,139,Mobile
W001251,U0195,M0002,2026-08-30 04:09:00,104,Tablet
W001252,U0052,M0091,2026-08-30 06:21:00,97,Tablet
W001253,U0126,M0074,2026-08-19 08:58:00,89,Mobile
W001254,U0196,M0027,2026-08-09 04:14:00,94,Mobile
W001255,U0099,M0011,2026-07-29 15:09:00,101,Mobile
W001256,U0009,M0026,2026-08-20 16:03:00,71,Web
W001257,U0181,M0025,2026-08-14 17:39:00,66,Tablet
W001258,U0125,M0036,2026-08-21 18:40:00,113,Tablet
W001259,U0169,M0009,2026-08-13 07:38:00,71,Mobile
W001260,U0101,M0070,2026-08-15 00:40:00,81,Tablet
W001261,U0158,M0004,2026-09-08 18:22:00,104,Mobile
W001262,U0152,M0094,2026-07-12 16:03:00,121,Web
W001263,U0090,M0001,2026-09-08 15:35:00,121,Mobile
W001264,U0110,M0005,2026-08-02 12:40:00,76,Tablet
W001265,U0090,M0017,2026-08-30 04:30:00,90,Web
W001266,U0152,M0062,2026-09-21 20:46:00,121,Mobile
W001267,U0079,M0052,2026-07-31 17:29:00,80,Mobile
W001268,U0118,M0009,2026-08-21 16:55:00,100,Tablet
W001269,U0069,M0085,2026-09-02 08:20:00,134,Web
W001270,U0097,M0011,2026-07-30 08:20:00,90,Mobile
W001271,U0126,M0031,2026-09-01 21:12:00,111,Web
W001272,U0043,M0094,2026-08-03 01:42:00,109,Tablet
W001273,U0052,M0011,2026-08-27 20:08:00,107,TV
W001274,U0074,M0076,2026-07-05 07:50:00,94,Web
W001275,U0147,M0005,2026-09-12 05:40:00,91,Mobile
W001276,U0184,M0006,2026-08-23 20:56:00,95,Web
W001277,U0070,M0086,2026-08-21 13:22:00,114,TV
W001278,U0089,M0001,2026-08-29 07:18:00,89,Web
W001279,U0130,M0094,2026-08-09 09:42:00,115,Tablet
W001280,U0103,M0064,2026-08-26 21:15:00,75,Tablet
W001281,U0172,M0028,2026-09-19 04:20:00,130,TV
W001282,U0148,M0007,2026-07-20 09:12:00,96,Tablet
W001283,U0069,M0003,2026-09-24 01:44:00,74,TV
W001284,U0094,M0005,2026-07-14 10:45:00,77,TV
W001285,U0039,M0094,2026-09-15 20:00:00,109,Mobile
W001286,U0163,M0040,2026-09-16 00:02:00,144,Tablet
W001287,U0069,M0087,2026-08-28 19:18:00,108,TV
W001288,U0104,M0063,2026-07-11 08:04:00,155,TV
W001289,U0050,M0022,2026-07-23 08:29:00,123,Tablet
W001290,U0144,M0011,2026-08-08 09:54:00,74,Mobile
W001291,U0052,M0022,2026-07-25 19:44:00,128,Web
W001292,U0169,M0031,2026-08-28 15:28:00,129,Mobile
W001293,U0185,M0012,2026-09-10 04:48:00,92,Mobile
W001294,U0081,M0088,2026-09-17 22:21:00,98,Mobile
W001295,U0105,M0010,2026-08-31 03:17:00,131,TV
W001296,U0061,M0042,2026-08-21 23:18:00,81,Mobile
W001297,U0134,M0064,2026-08-15 04:30:00,98,Mobile
W001298,U0198,M0096,2026-07-30 23:20:00,129,Tablet
W001299,U0192,M0061,2026-09-24 03:37:00,97,TV
W001300,U0055,M0081,2026-08-10 00:02:00,133,Tablet
W001301,U0066,M0019,2026-08-14 15:12:00,104,Mobile
W001302,U0082,M0004,2026-08-13 05:20:00,83,TV
W001303,U0072,M0010,2026-08-03 00:58:00,118,Web
W001304,U0006,M0045,2026-09-15 14:13:00,80,Mobile
W001305,U0177,M0058,2026-07-24 00:38:00,54,Web
W001306,U0176,M0003,2026-08-18 16:31:00,92,TV
W001307,U0114,M0003,2026-07-01 17:11:00,112,Web
W001308,U0078,M0058,2026-09-24 05:25:00,59,TV
W001309,U0077,M0043,2026-09-17 05:25:00,100,Web
W001310,U0197,M0008,2026-09-10 20:17:00,111,Mobile
W001311,U0071,M0047,2026-09-13 22:18:00,134,Tablet
W001312,U0086,M0009,2026-09-18 19:18:00,60,Mobile
W001313,U0042,M0074,2026-08-16 02:06:00,126,Web
W001314,U0117,M0010,2026-09-08 08:33:00,143,Mobile
W001315,U0165,M0035,2026-08-27 08:35:00,115,Mobile
W001316,U0103,M0038,2026-08-27 04:32:00,101,Web
W001317,U0081,M0028,2026-07-11 02:06:00,114,TV
W001318,U0153,M0010,2026-09-11 03:33:00,153,Web
W001319,U0116,M0008,2026-09-18 12:12:00,135,Web
W001320,U0073,M0042,2026-07-08 16:22:00,74,Tablet
W001321,U0095,M0034,2026-08-05 19:36:00,153,TV
W001322,U0006,M0093,2026-09-23 00:34:00,50,TV
W001323,U0023,M0012,2026-07-19 01:07:00,69,Mobile
W001324,U0103,M0007,2026-08-24 15:34:00,120,Web
W001325,U0039,M0078,2026-09-26 04:51:00,41,Mobile
W001326,U0004,M0010,2026-09-09 09:25:00,167,Tablet
W001327,U0173,M0010,2026-07-11 18:53:00,137,Web
W001328,U0074,M0010,2026-08-04 18:39:00,147,TV
W001329,U0111,M0046,2026-08-24 14:54:00,110,TV
W001330,U0108,M0028,2026-08-07 04:26:00,131,TV
W001331,U0008,M0089,2026-09-27 20:23:00,136,TV
W001332,U0095,M0003,2026-07-08 19:17:00,122,Mobile
W001333,U0121,M0009,2026-09-18 07:41:00,68,TV
W001334,U0183,M0001,2026-09-03 11:38:00,133,Tablet
W001335,U0189,M0072,2026-07-07 15:35:00,124,Web
W001336,U0061,M0005,2026-09-21 16:03:00,90,Web
W001337,U0156,M0094,2026-07-01 11:42:00,123,Web
W001338,U0102,M0001,2026-07-13 00:52:00,134,Mobile
W001339,U0149,M0032,2026-07-24 16:36:00,80,Web
W001340,U0120,M0008,2026-07-09 03:50:00,154,Web
W001341,U0182,M0002,2026-07-13 21:45:00,103,TV
W001342,U0128,M0079,2026-09-07 01:38:00,112,Web
W001343,U0111,M0085,2026-09-21 04:10:00,155,Web
W001344,U0133,M0001,2026-08-09 15:57:00,91,TV
W001345,U0081,M0003,2026-09-08 12:16:00,119,Tablet
W001346,U0014,M0032,2026-07-14 12:40:00,63,Mobile
W001347,U0059,M0029,2026-07-04 06:20:00,58,Tablet
W001348,U0112,M0093,2026-09-20 11:32:00,83,Tablet
W001349,U0011,M0002,2026-08-02 10:49:00,127,Tablet
W001350,U0127,M0080,2026-09-15 23:45:00,93,TV
W001351,U0032,M0002,2026-07-09 12:25:00,108,TV
W001352,U0192,M0080,2026-08-21 06:25:00,109,TV
W001353,U0150,M0024,2026-08-17 21:05:00,107,Mobile
W001354,U0064,M0007,2026-08-31 14:43:00,82,Mobile
W001355,U0085,M0002,2026-07-26 21:01:00,93,Tablet
W001356,U0096,M0055,2026-09-15 04:24:00,91,Web
W001357,U0040,M0022,2026-07-08 09:05:00,91,Tablet
W001358,U0117,M0073,2026-08-24 02:03:00,145,Mobile
W001359,U0085,M0074,2026-08-29 17:25:00,94,TV
W001360,U0055,M0008,2026-09-11 23:01:00,122,Web
W001361,U0083,M0039,2026-09-06 16:51:00,158,Tablet
W001362,U0024,M0009,2026-07-24 05:24:00,100,TV
W001363,U0062,M0009,2026-07-09 02:50:00,93,Tablet
W001364,U0200,M0011,2026-07-26 22:27:00,91,TV
W001365,U0031,M0093,2026-08-14 16:16:00,90,Web
W001366,U0176,M0008,2026-08-02 16:20:00,108,Mobile
W001367,U0095,M0043,2026-08-14 13:35:00,61,Web
W001368,U0145,M0009,2026-07-09 05:05:00,87,Tablet
W001369,U0095,M0036,2026-08-09 12:19:00,101,Web
W001370,U0119,M0055,2026-08-28 22:43:00,110,TV
W001371,U0127,M0056,2026-07-27 11:03:00,119,Tablet
W001372,U0077,M0012,2026-09-28 13:59:00,73,TV
W001373,U0176,M0094,2026-09-15 14:22:00,124,Mobile
W001374,U0142,M0030,2026-09-22 11:52:00,96,Mobile
W001375,U0132,M0061,2026-08-16 11:32:00,98,Web
W001376,U0091,M0071,2026-08-23 07:11:00,141,Mobile
W001377,U0197,M0009,2026-07-02 11:32:00,101,TV
W001378,U0047,M0001,2026-07-05 02:52:00,126,Mobile
W001379,U0107,M0088,2026-07-29 13:49:00,77,Tablet
W001380,U0160,M0071,2026-08-01 01:39:00,127,TV
W001381,U0055,M0035,2026-07-08 02:52:00,139,Mobile
W001382,U0112,M0077,2026-07-01 12:46:00,101,Tablet
W001383,U0030,M0054,2026-07-16 15:09:00,93,Tablet
W001384,U0169,M0006,2026-07-28 13:28:00,57,Web
W001385,U0177,M0002,2026-09-12 05:45:00,101,Mobile
W001386,U0049,M0041,2026-09-13 06:30:00,133,Mobile
W001387,U0179,M0032,2026-09-17 04:32:00,90,TV
W001388,U0167,M0064,2026-08-09 15:59:00,92,TV
W001389,U0023,M0090,2026-09-09 01:28:00,93,Mobile
W001390,U0030,M0026,2026-09-21 03:21:00,92,TV
W001391,U0190,M0003,2026-09-26 17:35:00,93,Tablet
W001392,U0150,M0065,2026-07-19 07:49:00,106,Web
W001393,U0146,M0012,2026-07-05 15:14:00,67,Tablet
W001394,U0107,M0005,2026-09-06 02:10:00,94,Web
W001395,U0010,M0001,2026-08-06 09:06:00,85,Tablet
W001396,U0060,M0064,2026-08-18 02:06:00,91,Mobile
W001397,U0109,M0002,2026-08-20 08:36:00,134,Tablet
W001398,U0122,M0093,2026-08-15 00:52:00,95,Web
W001399,U0115,M0004,2026-07-02 21:27:00,104,Tablet
W001400,U0089,M0012,2026-07-22 03:02:00,92,TV
W001401,U0151,M0009,2026-09-22 21:33:00,53,Tablet
W001402,U0034,M0091,2026-09-04 19:24:00,107,Tablet
W001403,U0107,M0008,2026-09-11 10:49:00,89,TV
W001404,U0160,M0042,2026-07-26 17:02:00,96,Mobile
W001405,U0171,M0011,2026-07-12 18:00:00,94,Tablet
W001406,U0026,M0012,2026-09-24 20:08:00,81,Tablet
W001407,U0078,M0056,2026-07-20 01:30:00,62,Web
W001408,U0067,M0006,2026-08-31 14:46:00,50,TV
W001409,U0045,M0009,2026-07-03 21:50:00,86,Mobile
W001410,U0159,M0052,2026-07-11 23:38:00,54,TV
W001411,U0125,M0068,2026-07-31 23:26:00,129,Web
W001412,U0039,M0046,2026-09-03 07:09:00,72,Mobile
W001413,U0113,M0010,2026-09-26 14:56:00,140,Mobile
W001414,U0157,M0039,2026-09-13 23:12:00,115,Mobile
W001415,U0130,M0047,2026-07-16 04:55:00,106,Web
W001416,U0041,M0090,2026-09-03 11:00:00,86,Tablet
W001417,U0196,M0011,2026-08-15 08:45:00,88,Web
W001418,U0086,M0011,2026-07-12 04:39:00,81,TV
W001419,U0113,M0012,2026-09-09 00:23:00,73,Tablet
W001420,U0088,M0087,2026-08-15 23:14:00,80,TV
W001421,U0022,M0077,2026-08-03 21:35:00,121,TV
W001422,U0039,M0008,2026-09-10 15:41:00,118,TV
W001423,U0036,M0007,2026-08-07 15:06:00,120,Web
W001424,U0008,M0007,2026-07-14 06:02:00,74,Mobile
W001425,U0184,M0094,2026-07-08 17:12:00,114,TV
W001426,U0112,M0061,2026-08-05 19:06:00,121,Mobile
W001427,U0170,M0013,2026-09-21 03:33:00,46,Web
W001428,U0108,M0005,2026-09-19 15:01:00,64,Web
W001429,U0185,M0096,2026-09-21 18:14:00,119,TV
W001430,U0180,M0011,2026-08-10 14:42:00,115,TV
W001431,U0140,M0007,2026-09-02 11:38:00,75,Tablet
W001432,U0199,M0042,2026-09-19 04:31:00,113,Web
W001433,U0022,M0056,2026-08-18 22:02:00,111,TV
W001434,U0134,M0081,2026-07-20 10:54:00,153,Mobile
W001435,U0131,M0100,2026-08-17 10:52:00,118,Mobile
W001436,U0008,M0073,2026-07-22 23:12:00,159,Web
W001437,U0186,M0004,2026-09-28 20:02:00,59,Web
W001438,U0067,M0011,2026-08-02 06:21:00,88,Mobile
W001439,U0013,M0090,2026-08-10 20:16:00,104,Tablet
W001440,U0087,M0056,2026-09-12 07:23:00,154,TV
W001441,U0090,M0089,2026-07-26 21:34:00,122,TV
W001442,U0183,M0010,2026-08-17 07:13:00,107,TV
W001443,U0027,M0003,2026-08-17 00:12:00,68,Web
W001444,U0117,M0090,2026-07-14 08:09:00,96,Tablet
W001445,U0106,M0048,2026-07-09 09:31:00,117,Tablet
W001446,U0055,M0009,2026-07-08 02:33:00,95,Web
W001447,U0174,M0011,2026-08-23 13:01:00,60,Web
W001448,U0150,M0012,2026-08-27 22:22:00,60,Tablet
W001449,U0113,M0002,2026-09-05 14:27:00,134,TV
W001450,U0130,M0006,2026-08-14 02:59:00,68,Tablet
W001451,U0034,M0001,2026-09-02 05:05:00,113,TV
W001452,U0144,M0001,2026-09-22 21:28:00,129,Mobile
W001453,U0155,M0002,2026-07-11 01:01:00,121,Mobile
W001454,U0134,M0014,2026-07-11 17:12:00,114,Web
W001455,U0079,M0003,2026-07-28 14:28:00,96,TV
W001456,U0037,M0008,2026-07-05 10:16:00,140,Web
W001457,U0073,M0051,2026-07-17 15:56:00,140,Mobile
W001458,U0141,M0002,2026-07-07 03:35:00,85,Mobile
W001459,U0107,M0010,2026-08-22 03:52:00,128,Web
W001460,U0097,M0007,2026-09-14 22:54:00,111,TV
W001461,U0196,M0006,2026-08-15 22:40:00,54,Tablet
W001462,U0039,M0007,2026-07-09 03:06:00,70,Tablet
W001463,U0100,M0055,2026-09-20 22:36:00,98,Tablet
W001464,U0189,M0083,2026-08-28 19:01:00,116,Mobile
W001465,U0043,M0006,2026-08-22 01:32:00,52,Web
W001466,U0144,M0092,2026-08-28 14:39:00,80,Mobile
W001467,U0050,M0030,2026-09-26 03:14:00,66,Tablet
W001468,U0129,M0076,2026-07-11 22:45:00,115,TV
W001469,U0005,M0076,2026-09-10 14:41:00,129,Tablet
W001470,U0022,M0005,2026-08-06 13:44:00,112,Mobile
W001471,U0126,M0095,2026-07-31 22:38:00,107,Web
W001472,U0098,M0067,2026-07-09 06:50:00,112,Mobile
W001473,U0026,M0022,2026-07-26 23:21:00,127,Mobile
W001474,U0040,M0098,2026-09-25 16:02:00,127,Tablet
W001475,U0174,M0027,2026-07-06 08:41:00,61,Mobile
W001476,U0183,M0047,2026-07-28 03:02:00,120,Tablet
W001477,U0026,M0099,2026-07-13 23:12:00,76,Tablet
W001478,U0031,M0021,2026-07-19 10:29:00,80,TV
W001479,U0193,M0062,2026-08-14 20:55:00,87,Mobile
W001480,U0069,M0061,2026-07-29 23:24:00,104,Tablet
W001481,U0142,M0001,2026-07-06 22:59:00,90,TV
W001482,U0005,M0073,2026-08-20 10:23:00,139,Mobile
W001483,U0064,M0099,2026-07-28 17:26:00,72,TV
W001484,U0037,M0008,2026-08-19 04:36:00,128,TV
W001485,U0063,M0004,2026-09-26 12:06:00,105,Mobile
W001486,U0119,M0089,2026-08-29 10:37:00,128,TV
W001487,U0001,M0056,2026-09-23 23:16:00,139,Web
W001488,U0175,M0006,2026-08-01 23:41:00,67,TV
W001489,U0150,M0085,2026-07-05 03:21:00,149,Mobile
W001490,U0077,M0049,2026-08-05 23:33:00,103,Mobile
W001491,U0036,M0079,2026-09-18 22:37:00,74,Web
W001492,U0175,M0011,2026-08-27 19:32:00,99,Web
W001493,U0193,M0012,2026-07-25 20:24:00,73,Web
W001494,U0054,M0011,2026-09-26 06:57:00,115,Web
W001495,U0005,M0004,2026-08-28 20:10:00,110,Mobile
W001496,U0003,M0024,2026-08-07 14:34:00,94,Tablet
W001497,U0196,M0001,2026-08-18 23:33:00,140,Mobile
W001498,U0138,M0017,2026-09-20 05:51:00,107,Tablet
W001499,U0173,M0004,2026-08-02 03:07:00,106,Web
W001500,U0100,M0026,2026-09-15 09:08:00,84,Mobile
W001501,U0032,M0012,2026-08-03 17:19:00,89,TV
W001502,U0191,M0082,2026-09-08 00:47:00,70,Web
W001503,U0175,M0007,2026-07-18 10:21:00,114,Web
W001504,U0184,M0054,2026-07-22 07:44:00,117,Tablet
W001505,U0093,M0053,2026-07-26 13:19:00,60,TV
W001506,U0002,M0036,2026-09-28 14:09:00,108,Tablet
W001507,U0029,M0083,2026-08-21 19:13:00,91,TV
W001508,U0169,M0030,2026-07-06 22:46:00,77,TV
W001509,U0191,M0058,2026-07-12 14:22:00,68,TV
W001510,U0134,M0076,2026-07-18 11:06:00,143,Mobile
W001511,U0178,M0070,2026-08-31 22:58:00,66,Tablet
W001512,U0165,M0024,2026-09-16 17:17:00,98,Web
W001513,U0111,M0001,2026-07-25 22:38:00,124,Tablet
W001514,U0093,M0085,2026-09-19 10:41:00,153,TV
W001515,U0013,M0078,2026-09-22 14:15:00,53,Mobile
W001516,U0101,M0035,2026-07-31 11:10:00,149,Mobile
W001517,U0147,M0098,2026-09-06 02:58:00,121,Mobile
W001518,U0064,M0036,2026-07-15 23:18:00,134,Web
W001519,U0080,M0069,2026-08-26 23:30:00,61,Tablet
W001520,U0007,M0007,2026-09-15 12:07:00,90,Web
W001521,U0064,M0027,2026-08-13 02:32:00,74,Mobile
W001522,U0086,M0062,2026-09-24 21:12:00,124,Mobile
W001523,U0199,M0005,2026-09-08 13:11:00,103,Mobile
W001524,U0022,M0064,2026-09-22 10:35:00,99,Mobile
W001525,U0097,M0096,2026-09-20 00:25:00,141,TV
W001526,U0016,M0007,2026-07-05 23:41:00,88,Web
W001527,U0157,M0002,2026-07-06 23:43:00,109,Mobile
W001528,U0076,M0012,2026-08-06 13:29:00,75,Mobile
W001529,U0159,M0010,2026-07-22 05:14:00,156,Mobile
W001530,U0117,M0008,2026-08-12 06:04:00,112,Tablet
W001531,U0159,M0100,2026-07-31 21:54:00,116,Mobile
W001532,U0117,M0004,2026-08-23 12:05:00,66,TV
W001533,U0028,M0037,2026-07-02 02:50:00,86,TV
W001534,U0147,M0098,2026-08-28 00:20:00,113,Web
W001535,U0091,M0008,2026-08-13 19:37:00,133,TV
W001536,U0036,M0075,2026-07-06 12:08:00,70,TV
W001537,U0080,M0004,2026-08-16 16:56:00,114,Web
W001538,U0150,M0015,2026-07-14 10:01:00,84,Tablet
W001539,U0080,M0004,2026-07-27 11:50:00,87,TV
W001540,U0015,M0062,2026-08-16 03:47:00,110,Mobile
W001541,U0109,M0005,2026-07-18 18:52:00,112,TV
W001542,U0018,M0003,2026-07-18 05:39:00,93,Tablet
W001543,U0178,M0008,2026-08-24 14:12:00,124,Web
W001544,U0158,M0089,2026-08-08 02:39:00,105,Web
W001545,U0042,M0048,2026-08-11 08:26:00,117,Tablet
W001546,U0057,M0011,2026-08-28 03:24:00,61,TV
W001547,U0178,M0058,2026-08-12 11:09:00,59,Web
W001548,U0190,M0004,2026-07-19 16:31:00,79,Tablet
W001549,U0048,M0031,2026-08-03 00:35:00,135,Mobile
W001550,U0037,M0089,2026-08-10 02:05:00,139,TV
W001551,U0162,M0001,2026-07-04 23:54:00,121,Web
W001552,U0045,M0048,2026-09-19 14:08:00,89,Web
W001553,U0185,M0025,2026-07-31 22:20:00,88,TV
W001554,U0006,M0031,2026-09-15 17:18:00,107,Web
W001555,U0026,M0083,2026-09-14 16:19:00,95,Mobile
W001556,U0087,M0043,2026-07-28 18:26:00,62,Tablet
W001557,U0062,M0006,2026-09-12 16:21:00,66,Tablet
W001558,U0183,M0079,2026-07-11 18:51:00,104,TV
W001559,U0034,M0038,2026-07-18 10:44:00,65,Web
W001560,U0154,M0007,2026-09-27 22:14:00,87,TV
W001561,U0012,M0037,2026-09-16 18:32:00,61,Web
W001562,U0064,M0011,2026-08-27 07:04:00,82,Web
W001563,U0033,M0007,2026-07-20 01:05:00,89,Mobile
W001564,U0043,M0003,2026-09-07 09:15:00,66,Web
W001565,U0128,M0001,2026-07-17 07:01:00,101,Tablet
W001566,U0184,M0010,2026-08-13 02:56:00,151,Web
W001567,U0149,M0010,2026-08-28 01:57:00,156,Mobile
W001568,U0054,M0048,2026-09-20 10:54:00,79,TV
W001569,U0116,M0056,2026-08-06 00:51:00,130,Tablet
W001570,U0147,M0016,2026-09-24 03:37:00,151,Web
W001571,U0066,M0035,2026-07-13 05:26:00,139,Web
W001572,U0059,M0066,2026-08-12 08:21:00,106,Web
W001573,U0110,M0011,2026-08-12 13:22:00,73,Tablet
W001574,U0082,M0075,2026-08-04 19:18:00,96,Mobile
W001575,U0046,M0007,2026-07-22 06:43:00,92,Mobile
W001576,U0076,M0040,2026-09-10 12:45:00,145,Web
W001577,U0059,M0090,2026-07-11 19:03:00,117,TV
W001578,U0086,M0041,2026-08-31 10:47:00,126,Web
W001579,U0065,M0095,2026-09-06 19:56:00,135,Web
W001580,U0049,M0006,2026-09-16 19:46:00,49,Web
W001581,U0003,M0089,2026-07-26 15:42:00,152,Tablet
W001582,U0104,M0055,2026-08-12 23:06:00,87,TV
W001583,U0102,M0052,2026-07-21 15:43:00,67,TV
W001584,U0133,M0008,2026-09-04 18:20:00,124,Tablet
W001585,U0088,M0061,2026-07-29 11:55:00,116,Tablet
W001586,U0054,M0012,2026-08-10 22:58:00,56,Mobile
W001587,U0096,M0012,2026-08-22 13:35:00,82,Mobile
W001588,U0128,M0005,2026-07-31 22:21:00,76,TV
W001589,U0108,M0005,2026-09-01 10:04:00,87,Web
W001590,U0084,M0090,2026-08-21 15:53:00,82,Mobile
W001591,U0036,M0014,2026-09-27 22:49:00,113,Tablet
W001592,U0098,M0040,2026-09-25 08:27:00,133,Tablet
W001593,U0017,M0002,2026-07-18 03:25:00,88,Tablet
W001594,U0164,M0096,2026-07-09 11:41:00,140,TV
W001595,U0027,M0026,2026-07-03 22:02:00,98,Mobile
W001596,U0048,M0042,2026-07-07 07:48:00,66,Tablet
W001597,U0073,M0046,2026-07-22 05:04:00,97,Tablet
W001598,U0015,M0005,2026-08-17 04:44:00,108,Mobile
W001599,U0044,M0003,2026-09-17 06:03:00,112,Mobile
W001600,U0034,M0007,2026-08-13 12:45:00,83,Mobile
W001601,U0100,M0041,2026-07-12 19:50:00,135,Tablet
W001602,U0041,M0099,2026-08-23 11:23:00,79,TV
W001603,U0129,M0010,2026-07-26 01:42:00,152,Tablet
W001604,U0017,M0009,2026-08-25 01:18:00,104,TV
W001605,U0135,M0009,2026-09-21 20:35:00,62,Tablet
W001606,U0148,M0057,2026-09-06 02:38:00,80,Mobile
W001607,U0074,M0002,2026-08-01 13:33:00,95,Web
W001608,U0101,M0025,2026-08-07 18:41:00,53,TV
W001609,U0046,M0002,2026-08-11 16:08:00,84,Mobile
W001610,U0101,M0075,2026-07-22 19:37:00,107,TV
W001611,U0071,M0090,2026-08-30 16:20:00,137,TV
W001612,U0127,M0003,2026-09-08 08:18:00,83,Mobile
W001613,U0095,M0030,2026-09-07 18:11:00,99,Web
W001614,U0105,M0006,2026-07-16 00:05:00,92,Web
W001615,U0054,M0011,2026-07-05 01:30:00,82,Tablet
W001616,U0098,M0011,2026-09-06 21:34:00,91,Tablet
W001617,U0050,M0008,2026-07-04 10:31:00,145,TV
W001618,U0084,M0001,2026-08-14 02:58:00,109,Tablet
W001619,U0018,M0055,2026-08-19 22:03:00,100,Tablet
W001620,U0036,M0005,2026-09-13 16:14:00,63,Web
W001621,U0042,M0028,2026-09-15 07:43:00,110,Web
W001622,U0032,M0012,2026-07-16 07:59:00,72,Mobile
W001623,U0172,M0044,2026-08-31 15:45:00,76,TV
W001624,U0056,M0033,2026-09-20 06:06:00,93,TV
W001625,U0114,M0008,2026-09-15 03:21:00,121,Mobile
W001626,U0100,M0093,2026-08-10 09:54:00,64,Mobile
W001627,U0154,M0018,2026-07-05 10:18:00,71,TV
W001628,U0096,M0063,2026-07-19 04:52:00,101,Mobile
W001629,U0005,M0003,2026-07-03 13:02:00,113,TV
W001630,U0175,M0050,2026-07-21 01:50:00,131,Mobile
W001631,U0171,M0021,2026-09-04 21:37:00,81,Mobile
W001632,U0084,M0001,2026-08-21 03:49:00,125,TV
W001633,U0160,M0042,2026-09-24 01:04:00,47,Mobile
W001634,U0060,M0050,2026-07-10 15:18:00,121,Web
W001635,U0083,M0029,2026-07-02 08:45:00,56,Tablet
W001636,U0055,M0003,2026-07-21 00:48:00,106,Mobile
W001637,U0169,M0083,2026-08-29 03:49:00,99,TV
W001638,U0106,M0095,2026-09-08 20:43:00,121,Tablet
W001639,U0027,M0023,2026-07-23 22:22:00,132,Tablet
W001640,U0174,M0009,2026-07-31 05:22:00,74,TV
W001641,U0163,M0098,2026-09-28 00:31:00,129,Web
W001642,U0005,M0005,2026-08-04 19:18:00,70,TV
W001643,U0129,M0052,2026-07-22 04:08:00,89,Mobile
W001644,U0080,M0062,2026-09-06 03:59:00,112,Tablet
W001645,U0194,M0065,2026-08-26 09:53:00,114,Tablet
W001646,U0076,M0044,2026-07-14 19:19:00,84,Tablet
W001647,U0053,M0063,2026-07-22 16:03:00,153,Tablet
W001648,U0190,M0004,2026-07-13 05:18:00,77,Web
W001649,U0082,M0058,2026-08-17 09:51:00,74,Web
W001650,U0193,M0005,2026-07-21 20:16:00,69,Web
W001651,U0088,M0065,2026-07-19 17:36:00,68,TV
W001652,U0176,M0054,2026-08-25 08:20:00,94,Tablet
W001653,U0134,M0100,2026-07-17 16:57:00,129,Tablet
W001654,U0018,M0039,2026-07-05 17:49:00,123,TV
W001655,U0053,M0005,2026-07-09 08:27:00,97,TV
W001656,U0061,M0011,2026-07-08 02:45:00,109,Tablet
W001657,U0186,M0003,2026-07-29 08:24:00,103,Tablet
W001658,U0046,M0068,2026-07-28 14:08:00,132,Web
W001659,U0148,M0005,2026-09-27 02:01:00,77,Tablet
W001660,U0021,M0008,2026-08-06 05:58:00,125,Tablet
W001661,U0043,M0010,2026-08-10 04:12:00,113,Tablet
W001662,U0195,M0015,2026-09-13 14:27:00,103,Tablet
W001663,U0006,M0012,2026-08-08 21:39:00,90,Web
W001664,U0153,M0014,2026-08-20 07:43:00,74,TV
W001665,U0066,M0006,2026-08-12 04:51:00,69,Tablet
W001666,U0019,M0011,2026-07-13 10:31:00,103,Tablet
W001667,U0051,M0020,2026-09-22 09:19:00,126,Web
W001668,U0126,M0012,2026-09-23 06:12:00,74,Tablet
W001669,U0102,M0003,2026-08-04 22:56:00,71,Mobile
W001670,U0105,M0052,2026-09-22 21:16:00,71,Mobile
W001671,U0099,M0024,2026-07-18 16:17:00,109,Web
W001672,U0131,M0007,2026-08-27 19:08:00,48,Web
W001673,U0179,M0026,2026-08-29 05:55:00,73,TV
W001674,U0063,M0008,2026-07-04 03:22:00,148,Web
W001675,U0162,M0021,2026-09-02 11:38:00,67,Tablet
W001676,U0175,M0011,2026-07-24 03:30:00,80,TV
W001677,U0155,M0023,2026-07-02 02:57:00,115,Tablet
W001678,U0102,M0019,2026-08-17 04:45:00,137,TV
W001679,U0109,M0025,2026-09-14 12:36:00,55,Tablet
W001680,U0151,M0093,2026-09-05 19:18:00,93,Tablet
W001681,U0193,M0077,2026-07-10 22:42:00,105,Web
W001682,U0037,M0078,2026-09-07 03:37:00,47,TV
W001683,U0192,M0008,2026-09-02 15:00:00,117,Tablet
W001684,U0001,M0016,2026-07-07 08:34:00,170,Tablet
W001685,U0135,M0006,2026-08-29 13:49:00,69,TV
W001686,U0096,M0036,2026-09-03 02:00:00,125,TV
W001687,U0051,M0006,2026-07-17 13:33:00,65,TV
W001688,U0048,M0043,2026-07-06 08:50:00,77,TV
W001689,U0195,M0034,2026-07-24 14:33:00,157,Tablet
W001690,U0161,M0062,2026-09-18 00:57:00,104,TV
W001691,U0021,M0086,2026-07-08 19:13:00,97,Web
W001692,U0008,M0061,2026-08-13 11:58:00,116,Tablet
W001693,U0173,M0031,2026-07-01 20:46:00,146,Mobile
W001694,U0171,M0067,2026-07-09 19:33:00,116,TV
W001695,U0134,M0025,2026-08-04 04:39:00,38,Web
W001696,U0125,M0006,2026-09-07 21:29:00,42,Web
W001697,U0155,M0012,2026-07-31 15:12:00,45,Web
W001698,U0062,M0001,2026-08-30 12:53:00,136,Tablet
W001699,U0097,M0027,2026-09-27 18:35:00,63,Mobile
W001700,U0001,M0002,2026-09-18 05:43:00,117,Tablet
W001701,U0186,M0007,2026-07-03 08:05:00,64,Web
W001702,U0180,M0068,2026-08-03 12:50:00,100,Tablet
W001703,U0159,M0007,2026-08-16 20:50:00,83,Web
W001704,U0005,M0008,2026-09-18 12:02:00,142,Mobile
W001705,U0189,M0007,2026-08-31 16:57:00,70,Tablet
W001706,U0190,M0020,2026-08-01 16:56:00,134,Tablet
W001707,U0122,M0029,2026-09-05 20:03:00,50,TV
W001708,U0134,M0010,2026-07-03 21:20:00,152,TV
W001709,U0128,M0042,2026-07-28 10:18:00,113,Tablet
W001710,U0044,M0004,2026-09-25 22:20:00,36,Mobile
W001711,U0124,M0064,2026-07-23 03:37:00,96,Mobile
W001712,U0028,M0003,2026-09-04 03:36:00,125,Mobile
W001713,U0042,M0008,2026-09-21 03:51:00,125,Web
W001714,U0171,M0007,2026-09-25 14:35:00,103,Mobile
W001715,U0171,M0005,2026-09-22 23:44:00,59,Mobile
W001716,U0178,M0011,2026-09-18 08:46:00,83,TV
W001717,U0148,M0057,2026-08-28 14:48:00,67,Tablet
W001718,U0168,M0011,2026-09-12 14:04:00,115,TV
W001719,U0058,M0073,2026-07-11 12:43:00,135,Web
W001720,U0190,M0032,2026-09-06 18:38:00,78,Mobile
W001721,U0147,M0012,2026-07-12 14:20:00,92,Mobile
W001722,U0080,M0061,2026-08-23 17:00:00,70,TV
W001723,U0100,M0004,2026-07-30 02:16:00,93,TV
W001724,U0134,M0049,2026-07-10 16:50:00,53,Tablet
W001725,U0003,M0011,2026-07-29 18:09:00,115,TV
W001726,U0128,M0009,2026-07-14 10:03:00,104,Web
W001727,U0038,M0048,2026-08-24 12:16:00,82,Mobile
W001728,U0071,M0001,2026-08-27 10:36:00,128,TV
W001729,U0127,M0090,2026-09-03 02:13:00,119,Web
W001730,U0040,M0048,2026-09-16 04:38:00,89,TV
W001731,U0180,M0024,2026-09-23 00:40:00,113,Tablet
W001732,U0187,M0005,2026-07-28 05:23:00,78,TV
W001733,U0006,M0005,2026-07-31 17:05:00,69,Web
W001734,U0194,M0005,2026-08-05 14:17:00,96,Mobile
W001735,U0136,M0085,2026-07-26 16:50:00,134,Tablet
W001736,U0025,M0003,2026-07-30 10:31:00,86,Mobile
W001737,U0182,M0096,2026-08-11 15:29:00,124,Tablet
W001738,U0179,M0011,2026-07-27 11:52:00,70,TV
W001739,U0054,M0047,2026-09-12 05:08:00,130,Mobile
W001740,U0093,M0037,2026-08-31 17:48:00,62,TV
W001741,U0097,M0006,2026-08-31 20:16:00,95,Mobile
W001742,U0092,M0006,2026-07-17 08:24:00,39,Mobile
W001743,U0031,M0002,2026-08-24 00:17:00,95,Tablet
W001744,U0063,M0033,2026-07-11 19:31:00,78,TV
W001745,U0102,M0002,2026-07-28 13:14:00,87,Tablet
W001746,U0199,M0077,2026-09-09 18:58:00,84,Tablet
W001747,U0167,M0012,2026-07-26 01:13:00,58,Mobile
W001748,U0031,M0093,2026-07-08 12:31:00,66,Mobile
W001749,U0126,M0056,2026-07-03 02:18:00,80,Tablet
W001750,U0071,M0007,2026-09-11 07:16:00,65,TV
W001751,U0099,M0004,2026-08-28 16:08:00,84,TV
W001752,U0026,M0002,2026-07-06 18:42:00,90,TV
W001753,U0104,M0087,2026-08-05 20:15:00,72,Tablet
W001754,U0017,M0004,2026-09-07 14:03:00,81,TV
W001755,U0169,M0001,2026-07-17 10:40:00,127,Mobile
W001756,U0143,M0004,2026-09-11 20:44:00,67,Web
W001757,U0032,M0057,2026-07-12 17:24:00,65,Mobile
W001758,U0144,M0067,2026-09-16 12:01:00,93,Mobile
W001759,U0022,M0004,2026-08-16 01:41:00,74,TV
W001760,U0109,M0008,2026-07-23 14:30:00,175,Web
W001761,U0012,M0091,2026-08-29 23:57:00,118,Tablet
W001762,U0178,M0001,2026-08-17 13:46:00,107,Web
W001763,U0156,M0048,2026-09-01 14:48:00,117,TV
W001764,U0010,M0032,2026-07-13 21:28:00,89,Web
W001765,U0056,M0004,2026-08-24 19:24:00,66,Web
W001766,U0033,M0009,2026-07-07 18:26:00,73,Web
W001767,U0067,M0007,2026-08-29 03:26:00,108,Mobile
W001768,U0066,M0005,2026-09-24 13:53:00,77,TV
W001769,U0138,M0040,2026-07-07 10:08:00,128,TV
W001770,U0183,M0007,2026-08-21 07:17:00,83,TV
W001771,U0108,M0014,2026-07-29 19:05:00,117,Mobile
W001772,U0155,M0067,2026-07-08 01:21:00,104,Web
W001773,U0032,M0033,2026-09-01 06:10:00,67,Mobile
W001774,U0093,M0011,2026-09-09 19:43:00,87,Web
W001775,U0038,M0056,2026-07-25 21:47:00,143,TV
W001776,U0097,M0011,2026-09-10 05:54:00,90,Mobile
W001777,U0045,M0092,2026-08-23 14:18:00,112,Web
W001778,U0180,M0085,2026-08-20 04:51:00,119,Web
W001779,U0156,M0022,2026-09-20 14:35:00,134,Tablet
W001780,U0047,M0012,2026-09-12 08:55:00,76,Tablet
W001781,U0123,M0006,2026-07-24 13:55:00,95,TV
W001782,U0169,M0005,2026-07-13 23:40:00,88,Tablet
W001783,U0146,M0072,2026-07-05 19:29:00,141,Web
W001784,U0182,M0068,2026-08-31 17:35:00,109,Tablet
W001785,U0181,M0003,2026-07-17 15:59:00,81,Tablet
W001786,U0129,M0082,2026-07-26 02:32:00,84,Tablet
W001787,U0134,M0053,2026-07-28 18:41:00,83,Web
W001788,U0105,M0096,2026-09-15 22:28:00,132,Mobile
W001789,U0163,M0011,2026-07-07 23:32:00,84,TV
W001790,U0148,M0025,2026-07-08 16:46:00,37,Web
W001791,U0142,M0009,2026-09-12 13:51:00,104,Tablet
W001792,U0174,M0010,2026-08-13 15:49:00,103,Tablet
W001793,U0132,M0004,2026-08-06 21:45:00,100,Mobile
W001794,U0183,M0010,2026-09-02 22:50:00,136,Web
W001795,U0063,M0065,2026-08-25 06:49:00,95,TV
W001796,U0045,M0100,2026-08-03 09:50:00,135,TV
W001797,U0132,M0009,2026-09-25 16:43:00,101,TV
W001798,U0096,M0079,2026-07-31 18:16:00,103,TV
W001799,U0139,M0001,2026-07-27 09:39:00,104,TV
W001800,U0001,M0006,2026-07-20 19:03:00,88,Web
W001801,U0165,M0056,2026-09-24 03:26:00,102,Tablet
W001802,U0015,M0011,2026-07-01 12:52:00,95,Tablet
W001803,U0085,M0088,2026-08-02 05:05:00,107,TV
W001804,U0103,M0005,2026-07-01 19:21:00,97,Mobile
W001805,U0111,M0008,2026-07-18 23:32:00,155,TV
W001806,U0106,M0004,2026-09-22 02:43:00,99,Tablet
W001807,U0002,M0015,2026-09-09 00:53:00,84,Tablet
W001808,U0096,M0094,2026-08-03 04:15:00,113,Tablet
W001809,U0047,M0073,2026-07-10 21:26:00,164,Tablet
W001810,U0042,M0012,2026-08-02 04:45:00,70,Tablet
W001811,U0002,M0007,2026-09-19 10:12:00,101,TV
W001812,U0073,M0070,2026-07-13 04:01:00,76,Tablet
W001813,U0108,M0005,2026-09-21 00:15:00,112,Tablet
W001814,U0171,M0072,2026-07-11 19:30:00,124,Tablet
W001815,U0126,M0010,2026-09-11 19:14:00,131,Tablet
W001816,U0129,M0011,2026-07-12 23:05:00,81,Mobile
W001817,U0028,M0085,2026-07-12 11:31:00,149,TV
W001818,U0014,M0011,2026-08-09 02:37:00,107,Mobile
W001819,U0112,M0002,2026-07-27 08:20:00,103,Tablet
W001820,U0064,M0014,2026-09-05 09:04:00,105,TV
W001821,U0064,M0079,2026-09-08 18:56:00,107,TV
W001822,U0171,M0007,2026-07-19 01:26:00,102,Tablet
W001823,U0181,M0038,2026-09-02 19:40:00,89,TV
W001824,U0152,M0017,2026-07-21 21:05:00,65,Mobile
W001825,U0034,M0010,2026-07-04 11:48:00,133,TV
W001826,U0110,M0077,2026-08-26 02:41:00,137,TV
W001827,U0024,M0023,2026-08-04 14:53:00,96,TV
W001828,U0057,M0008,2026-08-08 18:46:00,144,Tablet
W001829,U0016,M0011,2026-08-28 14:33:00,97,Web
W001830,U0072,M0003,2026-09-03 18:28:00,100,Tablet
W001831,U0064,M0099,2026-09-20 11:23:00,95,Mobile
W001832,U0170,M0100,2026-07-20 07:04:00,133,Web
W001833,U0121,M0084,2026-09-21 16:36:00,75,Web
W001834,U0126,M0003,2026-07-31 10:15:00,85,Web
W001835,U0029,M0015,2026-08-30 21:20:00,114,TV
W001836,U0085,M0008,2026-09-06 11:22:00,138,Web
W001837,U0191,M0002,2026-07-22 16:28:00,97,Tablet
W001838,U0023,M0019,2026-07-12 21:02:00,121,Mobile
W001839,U0011,M0033,2026-07-18 13:27:00,62,Mobile
W001840,U0140,M0004,2026-07-28 10:35:00,49,Tablet
W001841,U0195,M0039,2026-08-18 13:34:00,122,TV
W001842,U0108,M0065,2026-09-20 03:42:00,100,Web
W001843,U0094,M0010,2026-08-27 07:57:00,127,Mobile
W001844,U0124,M0007,2026-08-17 16:10:00,54,Mobile
W001845,U0043,M0081,2026-09-02 09:58:00,143,Mobile
W001846,U0178,M0038,2026-09-06 10:07:00,89,Tablet
W001847,U0127,M0024,2026-07-16 01:34:00,86,Tablet
W001848,U0103,M0075,2026-07-19 20:02:00,97,TV
W001849,U0001,M0022,2026-08-22 01:19:00,124,Tablet
W001850,U0129,M0068,2026-07-28 14:48:00,149,TV
W001851,U0076,M0078,2026-08-20 06:11:00,80,TV
W001852,U0075,M0070,2026-08-28 05:15:00,93,TV
W001853,U0072,M0004,2026-07-25 14:46:00,93,TV
W001854,U0054,M0059,2026-07-01 03:03:00,74,Web
W001855,U0162,M0005,2026-07-30 13:00:00,111,Web
W001856,U0185,M0004,2026-08-07 04:02:00,102,Web
W001857,U0084,M0026,2026-08-26 23:25:00,100,TV
W001858,U0188,M0079,2026-07-17 02:05:00,66,Web
W001859,U0005,M0019,2026-09-04 18:32:00,131,Web
W001860,U0161,M0046,2026-09-13 08:25:00,85,Tablet
W001861,U0057,M0002,2026-07-25 11:11:00,111,Tablet
W001862,U0040,M0009,2026-07-22 02:12:00,104,Tablet
W001863,U0095,M0016,2026-09-21 02:48:00,111,Tablet
W001864,U0048,M0031,2026-07-18 04:34:00,121,Tablet
W001865,U0187,M0033,2026-08-28 22:37:00,70,TV
W001866,U0101,M0032,2026-07-07 07:43:00,85,TV
W001867,U0019,M0011,2026-07-23 07:45:00,64,Tablet
W001868,U0026,M0006,2026-09-05 03:38:00,81,Mobile
W001869,U0155,M0029,2026-08-04 09:28:00,62,Mobile
W001870,U0196,M0075,2026-07-13 00:44:00,95,TV
W001871,U0198,M0025,2026-07-25 08:42:00,96,Mobile
W001872,U0003,M0017,2026-08-19 08:49:00,109,Web
W001873,U0182,M0061,2026-07-19 09:58:00,125,Tablet
W001874,U0042,M0098,2026-07-31 04:43:00,140,Tablet
W001875,U0040,M0065,2026-07-06 02:03:00,92,Mobile
W001876,U0006,M0085,2026-07-10 08:36:00,134,Web
W001877,U0027,M0012,2026-07-13 21:50:00,84,TV
W001878,U0110,M0002,2026-07-14 09:56:00,104,Web
W001879,U0168,M0082,2026-07-21 13:27:00,100,Mobile
W001880,U0126,M0027,2026-07-11 00:35:00,60,TV
W001881,U0027,M0080,2026-08-02 12:33:00,109,Web
W001882,U0022,M0088,2026-08-25 00:33:00,101,TV
W001883,U0046,M0012,2026-08-18 06:51:00,65,Tablet
W001884,U0039,M0095,2026-08-26 20:48:00,134,Web
W001885,U0090,M0009,2026-07-25 16:12:00,104,Web
W001886,U0183,M0031,2026-09-10 19:16:00,105,Mobile
W001887,U0039,M0016,2026-07-30 03:36:00,144,Tablet
W001888,U0018,M0079,2026-08-22 14:19:00,112,Tablet
W001889,U0187,M0083,2026-07-14 04:01:00,132,TV
W001890,U0197,M0009,2026-08-02 02:17:00,104,Web
W001891,U0127,M0010,2026-08-13 19:23:00,129,Web
W001892,U0036,M0061,2026-08-04 21:04:00,88,Tablet
W001893,U0141,M0006,2026-08-19 00:54:00,52,TV
W001894,U0099,M0055,2026-08-22 21:08:00,111,Tablet
W001895,U0135,M0053,2026-09-02 23:55:00,102,TV
W001896,U0005,M0009,2026-08-20 19:47:00,90,Tablet
W001897,U0035,M0072,2026-07-06 10:08:00,133,TV
W001898,U0076,M0004,2026-07-14 02:52:00,79,Tablet
W001899,U0063,M0043,2026-09-14 08:24:00,82,Mobile
W001900,U0179,M0009,2026-08-04 08:34:00,104,Mobile
W001901,U0179,M0005,2026-08-03 19:57:00,95,Mobile
W001902,U0123,M0021,2026-07-03 17:56:00,75,TV
W001903,U0094,M0013,2026-07-08 04:33:00,91,Tablet
W001904,U0039,M0034,2026-08-12 18:13:00,125,TV
W001905,U0192,M0094,2026-08-12 19:08:00,110,Mobile
W001906,U0074,M0071,2026-07-15 04:32:00,146,Mobile
W001907,U0165,M0040,2026-08-24 23:50:00,138,Mobile
W001908,U0102,M0004,2026-08-31 21:16:00,67,Tablet
W001909,U0142,M0073,2026-09-22 15:54:00,124,TV
W001910,U0109,M0021,2026-07-25 17:48:00,65,Mobile
W001911,U0134,M0005,2026-09-28 00:18:00,112,Tablet
W001912,U0159,M0020,2026-07-20 22:12:00,116,Tablet
W001913,U0048,M0031,2026-09-13 07:47:00,111,Tablet
W001914,U0098,M0020,2026-07-05 23:25:00,106,Web
W001915,U0166,M0010,2026-07-18 17:23:00,134,Web
W001916,U0155,M0012,2026-07-03 13:16:00,80,TV
W001917,U0073,M0024,2026-08-19 07:04:00,115,Mobile
W001918,U0194,M0099,2026-07-18 02:07:00,98,TV
W001919,U0164,M0037,2026-07-22 21:01:00,86,Mobile
W001920,U0145,M0004,2026-07-05 03:47:00,114,Mobile
W001921,U0081,M0068,2026-09-24 21:07:00,104,Web
W001922,U0102,M0008,2026-07-18 17:43:00,175,Web
W001923,U0193,M0005,2026-09-05 01:17:00,81,Mobile
W001924,U0085,M0008,2026-09-20 14:27:00,143,Mobile
W001925,U0129,M0012,2026-07-03 03:44:00,56,Mobile
W001926,U0075,M0023,2026-07-14 19:02:00,100,Tablet
W001927,U0021,M0068,2026-09-25 17:27:00,115,TV
W001928,U0197,M0018,2026-09-26 17:09:00,30,Web
W001929,U0115,M0008,2026-07-31 20:36:00,130,Tablet
W001930,U0011,M0010,2026-07-22 18:20:00,160,TV
W001931,U0157,M0023,2026-09-26 04:49:00,123,Tablet
W001932,U0025,M0060,2026-07-13 23:33:00,142,Web
W001933,U0141,M0044,2026-08-15 09:53:00,92,Web
W001934,U0042,M0088,2026-07-26 11:55:00,103,Web
W001935,U0091,M0078,2026-07-07 11:23:00,84,Web
W001936,U0122,M0072,2026-09-08 11:07:00,147,Tablet
W001937,U0167,M0012,2026-09-24 13:05:00,88,Mobile
W001938,U0094,M0087,2026-08-06 11:51:00,109,Tablet
W001939,U0159,M0002,2026-08-10 03:00:00,81,Web
W001940,U0096,M0055,2026-09-01 02:17:00,142,Tablet
W001941,U0130,M0011,2026-07-24 22:09:00,115,Mobile
W001942,U0159,M0028,2026-09-06 10:49:00,63,TV
W001943,U0180,M0040,2026-07-15 01:38:00,147,TV
W001944,U0146,M0004,2026-09-16 17:13:00,77,Mobile
W001945,U0058,M0003,2026-09-18 13:37:00,89,Tablet
W001946,U0120,M0007,2026-07-10 22:22:00,95,Mobile
W001947,U0047,M0028,2026-09-22 12:13:00,119,Tablet
W001948,U0052,M0010,2026-07-30 22:06:00,131,Mobile
W001949,U0082,M0011,2026-08-25 00:15:00,61,Tablet
W001950,U0030,M0083,2026-08-11 09:02:00,105,Mobile
W001951,U0140,M0020,2026-09-25 08:06:00,100,Web
W001952,U0146,M0027,2026-09-28 21:54:00,78,Tablet
W001953,U0016,M0002,2026-09-10 20:49:00,86,Mobile
W001954,U0055,M0096,2026-09-25 17:05:00,146,Tablet
W001955,U0070,M0070,2026-08-27 20:40:00,89,Web
W001956,U0104,M0047,2026-07-28 03:43:00,139,Tablet
W001957,U0108,M0045,2026-08-30 22:51:00,86,Mobile
W001958,U0024,M0012,2026-08-01 03:09:00,64,Web
W001959,U0043,M0042,2026-08-01 19:00:00,107,TV
W001960,U0179,M0011,2026-08-02 06:50:00,82,Tablet
W001961,U0003,M0037,2026-07-08 01:58:00,88,TV
W001962,U0083,M0003,2026-07-02 06:59:00,74,TV
W001963,U0118,M0016,2026-08-15 11:03:00,138,Tablet
W001964,U0068,M0016,2026-09-28 22:50:00,125,Tablet
W001965,U0033,M0011,2026-08-28 03:44:00,97,TV
W001966,U0191,M0032,2026-08-08 05:53:00,68,TV
W001967,U0154,M0005,2026-07-20 16:09:00,61,Mobile
W001968,U0095,M0003,2026-07-02 11:22:00,125,Web
W001969,U0079,M0009,2026-09-13 13:14:00,99,Tablet
W001970,U0106,M0003,2026-08-02 00:21:00,76,Web
W001971,U0139,M0011,2026-08-17 14:52:00,105,TV
W001972,U0118,M0012,2026-08-03 23:05:00,69,TV
W001973,U0142,M0024,2026-08-19 09:41:00,92,Tablet
W001974,U0163,M0081,2026-09-02 21:44:00,134,Mobile
W001975,U0023,M0011,2026-07-09 03:49:00,75,Tablet
W001976,U0027,M0006,2026-09-07 06:16:00,53,Mobile
W001977,U0163,M0003,2026-08-15 19:36:00,93,Web
W001978,U0108,M0044,2026-07-21 06:53:00,77,Tablet
W001979,U0142,M0012,2026-07-11 10:07:00,78,Mobile
W001980,U0090,M0001,2026-08-07 14:04:00,128,Tablet
W001981,U0002,M0003,2026-09-10 04:44:00,99,Web
W001982,U0079,M0012,2026-08-31 06:50:00,86,TV
W001983,U0002,M0012,2026-07-03 23:22:00,82,Web
W001984,U0133,M0003,2026-07-31 12:00:00,98,TV
W001985,U0147,M0008,2026-07-23 00:17:00,119,Tablet
W001986,U0014,M0007,2026-07-12 17:31:00,87,Tablet
W001987,U0187,M0029,2026-08-06 16:37:00,87,Tablet
W001988,U0060,M0024,2026-09-03 15:04:00,93,TV
W001989,U0130,M0001,2026-08-27 11:24:00,93,Web
W001990,U0142,M0022,2026-09-25 08:28:00,110,Web
W001991,U0053,M0095,2026-07-09 11:44:00,127,TV
W001992,U0008,M0039,2026-08-22 01:06:00,123,Tablet
W001993,U0007,M0002,2026-09-28 12:18:00,80,Web
W001994,U0048,M0063,2026-08-29 09:27:00,139,TV
W001995,U0077,M0035,2026-08-18 17:38:00,155,Tablet
W001996,U0198,M0069,2026-08-30 00:10:00,40,Mobile
W001997,U0071,M0055,2026-09-24 02:29:00,118,Mobile
W001998,U0029,M0004,2026-09-23 09:29:00,91,Mobile
W001999,U0028,M0013,2026-07-26 17:02:00,90,Mobile
W002000,U0127,M0002,2026-09-22 01:51:00,115,TV
W002001,U0101,M0099,2026-08-14 16:41:00,95,Tablet
W002002,U0161,M0030,2026-07-20 03:23:00,59,Tablet
W002003,U0097,M0096,2026-08-27 16:00:00,165,TV
W002004,U0077,M0041,2026-09-21 06:01:00,106,TV
W002005,U0169,M0040,2026-07-11 16:02:00,177,Tablet
W002006,U0158,M0019,2026-07-15 10:00:00,123,Web
W002007,U0032,M0034,2026-08-25 04:04:00,126,TV
W002008,U0056,M0010,2026-07-11 10:45:00,136,TV
W002009,U0008,M0008,2026-07-13 14:41:00,141,TV
W002010,U0069,M0081,2026-08-13 20:00:00,157,TV
W002011,U0024,M0007,2026-09-03 10:49:00,79,Tablet
W002012,U0112,M0009,2026-09-22 22:54:00,76,TV
W002013,U0065,M0029,2026-07-19 00:16:00,54,Web
W002014,U0101,M0003,2026-08-23 02:59:00,62,Web
W002015,U0043,M0046,2026-09-25 19:31:00,99,Tablet
W002016,U0109,M0080,2026-09-13 06:20:00,76,Web
W002017,U0160,M0027,2026-08-25 06:39:00,64,Web
W002018,U0096,M0071,2026-08-10 21:44:00,146,TV
W002019,U0009,M0065,2026-08-23 10:02:00,85,Web
W002020,U0102,M0019,2026-07-11 10:27:00,144,TV
W002021,U0083,M0012,2026-09-10 23:44:00,77,TV
W002022,U0169,M0007,2026-08-03 20:34:00,106,TV
W002023,U0200,M0001,2026-07-12 03:10:00,136,Web
W002024,U0055,M0007,2026-08-21 15:39:00,95,Web
W002025,U0060,M0080,2026-08-05 02:20:00,92,TV
W002026,U0027,M0078,2026-09-04 04:42:00,83,Mobile
W002027,U0147,M0003,2026-09-01 02:08:00,98,Web
W002028,U0051,M0041,2026-07-05 12:29:00,109,Tablet
W002029,U0128,M0082,2026-07-25 23:28:00,69,TV
W002030,U0154,M0003,2026-08-23 19:25:00,101,Tablet
W002031,U0061,M0082,2026-07-26 22:40:00,100,Mobile
W002032,U0119,M0086,2026-07-12 22:18:00,111,Tablet
W002033,U0010,M0060,2026-07-31 17:02:00,117,Mobile
W002034,U0107,M0090,2026-07-26 00:02:00,107,Web
W002035,U0193,M0006,2026-08-06 10:33:00,95,Tablet
W002036,U0157,M0007,2026-08-05 19:14:00,108,Web
W002037,U0179,M0008,2026-08-14 21:42:00,163,Mobile
W002038,U0096,M0039,2026-07-03 15:58:00,84,TV
W002039,U0013,M0042,2026-07-13 15:04:00,100,Tablet
W002040,U0058,M0028,2026-07-09 00:16:00,111,TV
W002041,U0186,M0012,2026-09-13 06:54:00,92,Mobile
W002042,U0067,M0074,2026-07-11 02:03:00,78,Mobile
W002043,U0078,M0098,2026-07-25 00:07:00,105,Tablet
W002044,U0070,M0028,2026-09-23 04:23:00,123,TV
W002045,U0150,M0004,2026-07-11 21:55:00,114,Tablet
W002046,U0164,M0009,2026-08-30 19:46:00,104,Mobile
W002047,U0134,M0059,2026-08-22 14:24:00,58,Web
W002048,U0083,M0004,2026-07-21 13:20:00,91,Mobile
W002049,U0068,M0092,2026-09-03 18:02:00,122,TV
W002050,U0169,M0046,2026-09-02 06:10:00,114,Mobile
W002051,U0020,M0010,2026-07-06 11:39:00,141,Tablet
W002052,U0099,M0037,2026-08-14 09:16:00,118,Mobile
W002053,U0088,M0047,2026-09-13 02:12:00,112,Web
W002054,U0195,M0095,2026-09-03 11:46:00,112,Tablet
W002055,U0168,M0014,2026-09-16 04:03:00,58,TV
W002056,U0094,M0002,2026-09-27 18:03:00,103,Tablet
W002057,U0159,M0039,2026-09-09 23:58:00,117,Tablet
W002058,U0043,M0098,2026-09-25 14:34:00,120,Mobile
W002059,U0038,M0005,2026-09-18 18:04:00,94,Mobile
W002060,U0118,M0036,2026-07-25 06:44:00,112,Mobile
W002061,U0122,M0012,2026-08-02 00:51:00,67,Mobile
W002062,U0091,M0001,2026-07-20 07:15:00,140,TV
W002063,U0102,M0009,2026-08-09 05:12:00,75,Web
W002064,U0095,M0022,2026-07-05 11:20:00,119,Tablet
W002065,U0188,M0004,2026-07-18 15:39:00,83,Web
W002066,U0136,M0009,2026-08-17 04:56:00,98,Tablet
W002067,U0028,M0013,2026-08-28 19:57:00,91,Mobile
W002068,U0014,M0043,2026-08-22 08:36:00,86,Web
W002069,U0062,M0080,2026-08-18 10:27:00,105,Tablet
W002070,U0101,M0001,2026-07-10 05:18:00,116,TV
W002071,U0188,M0073,2026-08-15 01:43:00,146,Web
W002072,U0164,M0088,2026-09-03 05:57:00,121,Web
W002073,U0188,M0009,2026-07-09 13:52:00,96,Tablet
W002074,U0190,M0092,2026-09-16 14:27:00,132,TV
W002075,U0044,M0097,2026-09-01 00:38:00,93,Tablet
W002076,U0037,M0056,2026-08-30 14:58:00,131,Tablet
W002077,U0110,M0012,2026-07-02 21:29:00,77,Mobile
W002078,U0044,M0036,2026-08-24 01:37:00,119,Web
W002079,U0122,M0005,2026-08-14 10:43:00,101,Mobile
W002080,U0005,M0084,2026-09-15 00:52:00,75,TV
W002081,U0135,M0026,2026-09-07 17:18:00,92,Web
W002082,U0189,M0012,2026-08-11 04:45:00,78,Tablet
W002083,U0189,M0008,2026-08-19 16:07:00,135,Web
W002084,U0118,M0056,2026-09-14 08:14:00,147,Web
W002085,U0078,M0006,2026-09-20 03:13:00,47,Tablet
W002086,U0029,M0079,2026-09-01 10:07:00,93,Mobile
W002087,U0038,M0003,2026-09-16 22:32:00,108,Web
W002088,U0128,M0018,2026-07-23 05:49:00,86,Tablet
W002089,U0093,M0046,2026-09-06 18:05:00,132,Tablet
W002090,U0164,M0061,2026-09-26 21:03:00,127,Web
W002091,U0161,M0011,2026-09-28 20:51:00,110,Web
W002092,U0174,M0007,2026-09-19 19:51:00,87,Web
W002093,U0101,M0001,2026-09-25 00:57:00,124,Mobile
W002094,U0149,M0004,2026-09-14 22:16:00,88,Mobile
W002095,U0111,M0001,2026-08-21 13:53:00,140,Web
W002096,U0029,M0039,2026-08-15 09:55:00,116,TV
W002097,U0120,M0017,2026-08-17 14:55:00,114,TV
W002098,U0078,M0001,2026-07-27 05:42:00,103,Mobile
W002099,U0076,M0064,2026-08-11 07:28:00,103,Mobile
W002100,U0014,M0002,2026-07-28 20:04:00,108,Mobile
W002101,U0111,M0009,2026-08-30 02:20:00,84,TV
W002102,U0090,M0081,2026-09-10 11:26:00,123,TV
W002103,U0023,M0074,2026-07-13 23:36:00,121,Mobile
W002104,U0075,M0053,2026-07-03 22:12:00,87,Tablet
W002105,U0091,M0068,2026-09-12 21:12:00,114,Tablet
W002106,U0026,M0069,2026-09-22 18:11:00,48,Web
W002107,U0153,M0095,2026-07-16 18:35:00,99,Web
W002108,U0149,M0012,2026-09-01 04:44:00,61,TV
W002109,U0065,M0010,2026-08-07 21:26:00,121,Mobile
W002110,U0077,M0012,2026-08-19 16:23:00,66,TV
W002111,U0097,M0011,2026-07-09 17:48:00,102,Web
W002112,U0129,M0007,2026-08-12 15:11:00,108,Web
W002113,U0110,M0007,2026-08-08 06:36:00,113,Mobile
W002114,U0197,M0003,2026-07-09 01:10:00,92,TV
W002115,U0158,M0090,2026-09-10 14:25:00,114,TV
W002116,U0159,M0086,2026-07-05 20:57:00,129,Tablet
W002117,U0033,M0011,2026-08-30 23:48:00,115,Tablet
W002118,U0014,M0035,2026-07-05 23:28:00,140,Web
W002119,U0167,M0054,2026-07-31 08:30:00,76,Tablet
W002120,U0177,M0005,2026-09-17 16:07:00,68,Mobile
W002121,U0032,M0009,2026-09-02 20:36:00,83,Tablet
W002122,U0035,M0055,2026-09-20 11:16:00,125,TV
W002123,U0078,M0095,2026-09-04 10:59:00,126,Tablet
W002124,U0160,M0038,2026-07-11 10:35:00,92,Mobile
W002125,U0001,M0019,2026-08-24 23:00:00,147,TV
W002126,U0053,M0047,2026-08-13 02:54:00,116,Mobile
W002127,U0130,M0008,2026-08-05 13:31:00,145,Tablet
W002128,U0124,M0035,2026-09-13 15:54:00,142,TV
W002129,U0140,M0074,2026-09-13 19:00:00,94,Mobile
W002130,U0111,M0015,2026-08-27 21:47:00,79,Mobile
W002131,U0048,M0013,2026-09-13 12:08:00,90,TV
W002132,U0122,M0002,2026-07-27 09:35:00,91,Web
W002133,U0171,M0099,2026-09-26 07:10:00,75,Web
W002134,U0101,M0009,2026-09-02 12:02:00,72,Mobile
W002135,U0119,M0006,2026-09-13 01:06:00,70,Tablet
W002136,U0031,M0004,2026-07-02 00:04:00,90,Web
W002137,U0009,M0003,2026-07-04 21:07:00,111,TV
W002138,U0120,M0003,2026-07-26 04:54:00,88,Mobile
W002139,U0041,M0012,2026-08-15 13:39:00,84,Web
W002140,U0181,M0004,2026-08-16 16:45:00,72,Mobile
W002141,U0045,M0013,2026-08-02 00:39:00,78,Tablet
W002142,U0184,M0012,2026-07-26 08:02:00,52,Web
W002143,U0101,M0067,2026-09-22 09:22:00,116,Tablet
W002144,U0156,M0033,2026-08-22 10:22:00,56,Web
W002145,U0034,M0006,2026-08-23 14:22:00,90,Tablet
W002146,U0018,M0095,2026-07-03 16:29:00,120,TV
W002147,U0060,M0016,2026-08-30 13:17:00,165,Tablet
W002148,U0083,M0059,2026-09-28 07:44:00,101,TV
W002149,U0027,M0025,2026-09-05 06:41:00,103,Tablet
W002150,U0017,M0061,2026-08-25 16:43:00,87,Web
W002151,U0030,M0062,2026-09-16 01:52:00,108,Web
W002152,U0156,M0030,2026-09-23 01:31:00,57,TV
W002153,U0083,M0063,2026-09-02 14:23:00,122,TV
W002154,U0051,M0070,2026-08-14 16:49:00,88,Tablet
W002155,U0174,M0087,2026-07-21 12:36:00,96,TV
W002156,U0023,M0099,2026-08-27 06:19:00,100,Mobile
W002157,U0053,M0047,2026-09-12 17:29:00,132,Tablet
W002158,U0146,M0083,2026-08-01 00:17:00,104,TV
W002159,U0175,M0006,2026-07-18 07:21:00,85,Tablet
W002160,U0129,M0004,2026-08-02 10:45:00,68,TV
W002161,U0018,M0005,2026-08-08 21:54:00,61,Mobile
W002162,U0033,M0093,2026-07-10 04:26:00,55,Mobile
W002163,U0128,M0054,2026-07-05 16:27:00,91,TV
W002164,U0075,M0069,2026-08-05 12:53:00,55,Web
W002165,U0018,M0021,2026-09-27 02:52:00,67,TV
W002166,U0133,M0100,2026-08-06 08:06:00,153,Mobile
W002167,U0140,M0069,2026-08-23 01:05:00,25,Web
W002168,U0168,M0018,2026-07-03 22:30:00,74,Web
W002169,U0108,M0069,2026-07-19 06:01:00,49,TV
W002170,U0053,M0009,2026-09-23 02:53:00,104,Mobile
W002171,U0061,M0004,2026-07-07 15:16:00,96,Mobile
W002172,U0089,M0081,2026-09-25 11:06:00,106,Tablet
W002173,U0154,M0018,2026-09-19 18:48:00,25,Web
W002174,U0186,M0068,2026-07-10 11:19:00,108,Mobile
W002175,U0128,M0011,2026-07-21 12:03:00,78,Web
W002176,U0059,M0082,2026-09-23 18:20:00,62,Mobile
W002177,U0007,M0036,2026-08-18 14:56:00,93,Mobile
W002178,U0142,M0003,2026-07-05 17:54:00,86,Tablet
W002179,U0197,M0005,2026-09-02 07:12:00,107,TV
W002180,U0030,M0005,2026-07-11 17:45:00,107,Web
W002181,U0091,M0040,2026-08-01 05:34:00,132,TV
W002182,U0024,M0047,2026-07-21 16:09:00,133,Tablet
W002183,U0192,M0096,2026-09-11 23:29:00,166,Mobile
W002184,U0020,M0048,2026-07-12 12:48:00,93,Tablet
W002185,U0047,M0080,2026-07-04 23:30:00,85,TV
W002186,U0075,M0007,2026-08-25 04:05:00,116,Tablet
W002187,U0123,M0003,2026-08-29 18:20:00,109,TV
W002188,U0127,M0011,2026-09-20 16:55:00,96,TV
W002189,U0114,M0095,2026-09-24 16:34:00,109,TV
W002190,U0135,M0077,2026-07-30 00:33:00,142,Mobile
W002191,U0014,M0001,2026-09-20 23:00:00,71,Tablet
W002192,U0072,M0010,2026-07-19 12:40:00,159,TV
W002193,U0134,M0054,2026-07-28 18:08:00,103,Web
W002194,U0186,M0008,2026-07-04 06:21:00,124,TV
W002195,U0179,M0001,2026-08-29 03:44:00,113,Mobile
W002196,U0128,M0034,2026-07-25 14:28:00,78,Web
W002197,U0151,M0008,2026-07-28 08:15:00,140,Web
W002198,U0157,M0001,2026-08-15 02:07:00,102,Mobile
W002199,U0098,M0008,2026-08-10 09:58:00,148,TV
W002200,U0169,M0001,2026-08-18 11:14:00,112,Mobile
W002201,U0170,M0092,2026-07-03 20:23:00,86,Mobile
W002202,U0156,M0001,2026-09-22 23:39:00,104,Web
W002203,U0193,M0051,2026-09-07 22:14:00,160,Tablet
W002204,U0110,M0045,2026-09-12 11:47:00,82,Mobile
W002205,U0142,M0003,2026-09-25 16:42:00,92,Tablet
W002206,U0109,M0074,2026-07-15 19:05:00,82,Tablet
W002207,U0120,M0062,2026-07-13 00:04:00,120,Web
W002208,U0022,M0068,2026-09-09 05:00:00,114,Web
W002209,U0087,M0002,2026-07-04 12:20:00,91,Web
W002210,U0168,M0050,2026-07-12 07:33:00,121,Web
W002211,U0146,M0100,2026-09-15 02:16:00,130,Tablet
W002212,U0005,M0001,2026-07-01 19:22:00,120,Tablet
W002213,U0010,M0007,2026-08-13 17:01:00,78,Tablet
W002214,U0015,M0040,2026-07-26 03:54:00,120,Web
W002215,U0017,M0006,2026-07-17 08:47:00,72,Web
W002216,U0127,M0006,2026-07-21 16:48:00,95,TV
W002217,U0038,M0016,2026-07-22 04:16:00,136,Tablet
W002218,U0149,M0003,2026-07-04 19:39:00,100,TV
W002219,U0016,M0073,2026-09-27 18:32:00,136,Web
W002220,U0139,M0088,2026-08-24 15:59:00,121,TV
W002221,U0090,M0025,2026-07-08 01:15:00,71,Mobile
W002222,U0061,M0040,2026-07-30 15:41:00,137,Web
W002223,U0175,M0012,2026-07-07 11:57:00,48,TV
W002224,U0007,M0003,2026-08-25 05:56:00,68,Web
W002225,U0086,M0001,2026-09-20 16:22:00,97,Web
W002226,U0160,M0019,2026-07-15 14:12:00,115,Web
W002227,U0012,M0089,2026-09-23 16:17:00,152,Mobile
W002228,U0156,M0049,2026-09-12 13:10:00,104,Web
W002229,U0131,M0005,2026-09-24 13:19:00,94,Mobile
W002230,U0169,M0017,2026-08-04 16:30:00,115,Mobile
W002231,U0020,M0055,2026-08-21 11:08:00,92,Tablet
W002232,U0138,M0081,2026-09-16 03:35:00,128,Mobile
W002233,U0156,M0010,2026-08-30 00:02:00,116,Web
W002234,U0050,M0091,2026-09-21 22:15:00,124,TV
W002235,U0085,M0060,2026-09-11 17:27:00,123,Tablet
W002236,U0081,M0060,2026-09-02 02:02:00,104,TV
W002237,U0114,M0002,2026-08-02 22:32:00,124,Mobile
W002238,U0093,M0004,2026-08-25 02:07:00,99,TV
W002239,U0115,M0007,2026-07-21 21:55:00,63,TV
W002240,U0138,M0061,2026-09-09 16:10:00,91,Tablet
W002241,U0173,M0011,2026-08-25 02:50:00,88,Web
W002242,U0031,M0045,2026-08-07 04:23:00,92,Tablet
W002243,U0130,M0016,2026-08-22 10:19:00,95,TV
W002244,U0047,M0008,2026-07-02 09:53:00,137,TV
W002245,U0031,M0007,2026-07-24 23:21:00,96,Tablet
W002246,U0191,M0098,2026-07-12 12:07:00,88,Mobile
W002247,U0111,M0008,2026-09-01 19:25:00,139,Tablet
W002248,U0109,M0010,2026-07-12 14:25:00,141,Tablet
W002249,U0179,M0059,2026-09-03 19:21:00,74,Web
W002250,U0152,M0062,2026-09-04 17:37:00,124,Mobile
W002251,U0019,M0010,2026-09-25 11:07:00,118,Tablet
W002252,U0190,M0011,2026-07-27 07:57:00,95,Tablet
W002253,U0180,M0009,2026-09-05 18:13:00,93,Mobile
W002254,U0039,M0030,2026-08-24 00:38:00,99,Web
W002255,U0173,M0001,2026-08-04 12:45:00,104,Web
W002256,U0198,M0081,2026-07-22 03:23:00,138,Web
W002257,U0127,M0003,2026-07-05 09:29:00,62,Tablet
W002258,U0074,M0006,2026-08-04 23:00:00,59,Web
W002259,U0194,M0032,2026-09-25 18:58:00,90,TV
W002260,U0111,M0083,2026-08-22 08:24:00,128,Web
W002261,U0026,M0001,2026-07-26 22:08:00,116,Tablet
W002262,U0113,M0050,2026-09-19 14:04:00,145,TV
W002263,U0074,M0073,2026-08-25 04:11:00,138,Web
W002264,U0037,M0016,2026-07-19 19:51:00,91,TV
W002265,U0008,M0071,2026-09-26 08:50:00,155,TV
W002266,U0002,M0002,2026-09-14 18:38:00,90,Mobile
W002267,U0095,M0045,2026-07-26 15:41:00,99,Tablet
W002268,U0134,M0097,2026-09-14 15:25:00,74,Tablet
W002269,U0076,M0072,2026-09-04 04:40:00,109,Tablet
W002270,U0111,M0009,2026-07-24 22:39:00,47,Mobile
W002271,U0036,M0078,2026-09-05 14:16:00,47,Mobile
W002272,U0191,M0049,2026-09-05 04:56:00,43,Mobile
W002273,U0084,M0016,2026-08-16 03:41:00,122,Mobile
W002274,U0181,M0002,2026-09-20 05:11:00,121,Mobile
W002275,U0111,M0032,2026-09-23 20:47:00,64,TV
W002276,U0143,M0044,2026-09-25 09:31:00,58,Mobile
W002277,U0063,M0006,2026-08-23 08:53:00,43,TV
W002278,U0068,M0009,2026-07-14 18:48:00,104,Tablet
W002279,U0048,M0011,2026-07-26 17:20:00,106,Mobile
W002280,U0133,M0050,2026-07-01 06:59:00,151,Tablet
W002281,U0018,M0008,2026-08-20 18:23:00,114,Mobile
W002282,U0108,M0070,2026-08-25 19:56:00,66,Tablet
W002283,U0162,M0061,2026-08-28 01:06:00,93,TV
W002284,U0077,M0054,2026-09-18 15:33:00,122,Web
W002285,U0172,M0012,2026-08-14 14:54:00,76,Web
W002286,U0140,M0003,2026-07-27 21:20:00,80,Mobile
W002287,U0057,M0043,2026-09-26 15:31:00,100,Web
W002288,U0108,M0004,2026-07-30 14:50:00,68,TV
W002289,U0170,M0005,2026-07-11 13:00:00,107,Mobile
W002290,U0089,M0003,2026-09-03 03:42:00,125,TV
W002291,U0199,M0004,2026-09-15 11:16:00,95,Tablet
W002292,U0176,M0061,2026-07-03 15:16:00,86,Web
W002293,U0069,M0051,2026-09-19 23:49:00,142,Web
W002294,U0067,M0098,2026-08-07 10:20:00,102,Tablet
W002295,U0114,M0010,2026-08-06 06:55:00,135,Tablet
W002296,U0187,M0053,2026-07-31 22:23:00,94,Mobile
W002297,U0079,M0005,2026-08-07 07:14:00,93,TV
W002298,U0200,M0072,2026-09-25 06:40:00,153,Web
W002299,U0034,M0085,2026-09-25 11:54:00,132,Mobile
W002300,U0200,M0011,2026-09-22 00:47:00,57,Web
W002301,U0197,M0049,2026-08-29 14:43:00,96,TV
W002302,U0041,M0007,2026-09-17 06:05:00,97,TV
W002303,U0075,M0023,2026-09-21 21:21:00,96,TV
W002304,U0004,M0044,2026-09-15 22:59:00,92,Mobile
W002305,U0194,M0039,2026-08-15 15:32:00,106,TV
W002306,U0073,M0095,2026-07-03 04:57:00,137,TV
W002307,U0162,M0067,2026-07-04 01:47:00,103,Tablet
W002308,U0168,M0005,2026-07-12 22:35:00,96,Web
W002309,U0022,M0032,2026-07-07 17:24:00,42,Tablet
W002310,U0006,M0061,2026-09-06 14:20:00,105,TV
W002311,U0025,M0012,2026-07-18 16:25:00,89,Web
W002312,U0109,M0096,2026-07-28 12:03:00,106,Web
W002313,U0118,M0044,2026-07-10 01:45:00,77,Tablet
W002314,U0097,M0085,2026-08-09 02:19:00,164,Mobile
W002315,U0057,M0008,2026-08-21 01:30:00,133,TV
W002316,U0098,M0068,2026-08-15 05:47:00,136,Tablet
W002317,U0096,M0063,2026-08-11 03:59:00,139,Tablet
W002318,U0198,M0054,2026-08-10 16:40:00,134,Web
W002319,U0123,M0064,2026-08-28 12:15:00,85,Mobile
W002320,U0025,M0022,2026-07-19 21:41:00,128,Tablet
W002321,U0152,M0068,2026-07-08 15:15:00,138,Tablet
W002322,U0134,M0055,2026-07-06 08:44:00,135,Tablet
W002323,U0065,M0003,2026-07-29 08:23:00,95,Mobile
W002324,U0083,M0001,2026-09-18 07:39:00,75,Mobile
W002325,U0069,M0048,2026-09-07 17:24:00,71,Tablet
W002326,U0081,M0056,2026-07-30 07:03:00,118,Tablet
W002327,U0182,M0004,2026-08-16 19:47:00,61,Mobile
W002328,U0027,M0005,2026-09-02 15:32:00,77,Mobile
W002329,U0097,M0001,2026-09-07 21:26:00,130,Mobile
W002330,U0043,M0042,2026-08-09 19:57:00,90,Mobile
W002331,U0010,M0005,2026-08-15 01:44:00,102,Tablet
W002332,U0036,M0002,2026-08-06 08:30:00,133,Mobile
W002333,U0076,M0001,2026-08-09 15:19:00,137,Web
W002334,U0134,M0001,2026-08-25 23:42:00,108,Web
W002335,U0145,M0025,2026-07-13 21:08:00,73,Web
W002336,U0133,M0069,2026-08-12 23:20:00,83,Tablet
W002337,U0054,M0005,2026-09-23 09:14:00,86,TV
W002338,U0043,M0011,2026-07-01 21:27:00,29,Web
W002339,U0107,M0027,2026-07-14 16:26:00,17,Mobile
W002340,U0080,M0037,2026-07-19 03:18:00,102,Mobile
W002341,U0138,M0010,2026-07-31 03:09:00,156,TV
W002342,U0018,M0008,2026-08-27 22:06:00,150,TV
W002343,U0089,M0057,2026-09-23 10:59:00,94,Tablet
W002344,U0150,M0097,2026-08-03 10:19:00,96,Tablet
W002345,U0066,M0039,2026-07-08 01:14:00,116,TV
W002346,U0072,M0027,2026-07-24 22:23:00,68,Mobile
W002347,U0033,M0001,2026-07-31 01:14:00,77,Web
W002348,U0189,M0011,2026-07-20 01:14:00,73,TV
W002349,U0001,M0059,2026-07-20 16:49:00,101,TV
W002350,U0037,M0025,2026-08-13 06:40:00,97,Mobile
W002351,U0083,M0031,2026-09-20 13:14:00,128,Tablet
W002352,U0109,M0010,2026-07-30 18:32:00,133,Web
W002353,U0129,M0068,2026-07-22 21:58:00,106,Tablet
W002354,U0181,M0011,2026-08-02 07:29:00,83,Web
W002355,U0134,M0098,2026-08-18 07:18:00,138,TV
W002356,U0043,M0083,2026-09-03 17:57:00,114,TV
W002357,U0112,M0007,2026-08-14 14:37:00,88,Mobile
W002358,U0143,M0010,2026-08-29 08:31:00,122,Web
W002359,U0046,M0007,2026-09-17 20:06:00,80,Web
W002360,U0187,M0010,2026-07-20 11:00:00,150,TV
W002361,U0098,M0003,2026-07-17 07:02:00,125,TV
W002362,U0114,M0001,2026-08-17 21:04:00,85,TV
W002363,U0002,M0094,2026-07-30 21:30:00,138,Web
W002364,U0129,M0052,2026-08-25 05:31:00,79,Web
W002365,U0009,M0076,2026-08-28 09:45:00,114,Web
W002366,U0071,M0047,2026-09-27 09:29:00,131,Mobile
W002367,U0184,M0010,2026-08-25 07:12:00,121,Tablet
W002368,U0192,M0048,2026-07-04 11:26:00,75,Web
W002369,U0008,M0019,2026-09-03 05:29:00,128,TV
W002370,U0022,M0007,2026-09-14 22:02:00,57,Mobile
W002371,U0015,M0008,2026-08-28 00:35:00,132,Web
W002372,U0050,M0070,2026-07-31 06:43:00,69,Web
W002373,U0182,M0027,2026-09-21 10:35:00,94,Web
W002374,U0133,M0061,2026-09-24 14:39:00,103,Tablet
W002375,U0107,M0043,2026-07-06 21:53:00,88,TV
W002376,U0187,M0077,2026-07-08 15:25:00,154,TV
W002377,U0114,M0088,2026-07-26 01:53:00,73,Tablet
W002378,U0045,M0012,2026-07-29 07:44:00,54,Web
W002379,U0144,M0003,2026-07-11 17:09:00,84,Mobile
W002380,U0145,M0006,2026-07-09 00:35:00,93,Mobile
W002381,U0024,M0034,2026-09-05 09:43:00,135,Mobile
W002382,U0197,M0022,2026-09-10 19:01:00,127,Mobile
W002383,U0056,M0003,2026-08-11 21:38:00,122,TV
W002384,U0079,M0033,2026-09-07 00:44:00,88,TV
W002385,U0080,M0029,2026-08-04 12:36:00,66,TV
W002386,U0145,M0002,2026-08-07 16:21:00,93,TV
W002387,U0049,M0075,2026-09-19 10:11:00,105,Web
W002388,U0179,M0001,2026-07-25 01:54:00,140,Mobile
W002389,U0126,M0010,2026-08-22 16:10:00,115,Tablet
W002390,U0162,M0028,2026-07-04 08:14:00,125,Tablet
W002391,U0040,M0048,2026-09-02 21:57:00,67,Web
W002392,U0054,M0011,2026-09-02 16:25:00,100,Web
W002393,U0024,M0048,2026-07-24 12:04:00,94,Mobile
W002394,U0133,M0036,2026-08-13 06:06:00,120,TV
W002395,U0120,M0006,2026-08-03 21:15:00,49,Mobile
W002396,U0083,M0047,2026-08-27 07:06:00,120,Web
W002397,U0003,M0017,2026-08-08 08:34:00,73,Mobile
W002398,U0048,M0012,2026-07-28 21:04:00,74,TV
W002399,U0120,M0036,2026-09-07 10:52:00,137,Tablet
W002400,U0152,M0003,2026-09-05 12:47:00,101,Tablet
W002401,U0122,M0065,2026-07-23 23:45:00,102,Tablet
W002402,U0174,M0010,2026-07-28 07:44:00,111,Mobile
W002403,U0060,M0064,2026-08-08 07:39:00,76,Tablet
W002404,U0152,M0022,2026-07-15 22:19:00,125,TV
W002405,U0077,M0037,2026-09-25 14:34:00,118,TV
W002406,U0170,M0006,2026-09-10 18:39:00,68,Mobile
W002407,U0024,M0099,2026-09-11 04:02:00,93,Tablet
W002408,U0102,M0020,2026-08-11 22:10:00,93,Mobile
W002409,U0169,M0016,2026-07-19 05:47:00,143,Mobile
W002410,U0048,M0061,2026-09-17 01:48:00,95,TV
W002411,U0112,M0085,2026-09-04 21:53:00,138,Web
W002412,U0002,M0008,2026-07-15 12:03:00,163,Web
W002413,U0026,M0005,2026-08-20 01:07:00,76,Tablet
W002414,U0172,M0004,2026-09-14 16:06:00,63,Tablet
W002415,U0181,M0065,2026-09-08 10:55:00,121,Web
W002416,U0196,M0004,2026-08-06 09:33:00,80,Web
W002417,U0073,M0010,2026-08-24 08:01:00,130,Tablet
W002418,U0172,M0004,2026-07-21 04:17:00,93,TV
W002419,U0197,M0056,2026-08-03 14:22:00,112,Mobile
W002420,U0157,M0008,2026-09-22 05:56:00,152,Mobile
W002421,U0166,M0058,2026-07-13 13:38:00,64,Web
W002422,U0112,M0093,2026-07-31 21:50:00,81,Tablet
W002423,U0168,M0028,2026-08-08 17:58:00,111,Tablet
W002424,U0009,M0069,2026-09-26 05:54:00,77,Tablet
W002425,U0046,M0024,2026-08-06 05:54:00,92,Tablet
W002426,U0022,M0006,2026-09-01 10:43:00,43,Mobile
W002427,U0168,M0007,2026-09-12 03:22:00,97,TV
W002428,U0148,M0011,2026-08-04 22:50:00,79,Tablet
W002429,U0003,M0012,2026-08-29 12:17:00,89,Mobile
W002430,U0078,M0005,2026-07-24 13:01:00,82,Mobile
W002431,U0155,M0011,2026-08-15 16:46:00,75,Web
W002432,U0137,M0010,2026-07-11 03:57:00,150,TV
W002433,U0109,M0001,2026-09-18 05:13:00,104,Web
W002434,U0182,M0073,2026-07-18 23:41:00,128,Tablet
W002435,U0112,M0005,2026-08-12 07:17:00,85,Tablet
W002436,U0118,M0004,2026-07-05 13:23:00,97,Web
W002437,U0065,M0010,2026-07-31 17:11:00,121,Mobile
W002438,U0139,M0077,2026-07-17 06:26:00,98,Web
W002439,U0092,M0001,2026-07-02 14:16:00,94,Mobile
W002440,U0153,M0043,2026-08-02 12:24:00,82,Mobile
W002441,U0137,M0002,2026-07-23 15:08:00,114,TV
W002442,U0187,M0015,2026-08-27 14:38:00,111,Tablet
W002443,U0111,M0081,2026-08-01 10:30:00,155,TV
W002444,U0188,M0010,2026-07-04 16:46:00,130,Mobile
W002445,U0084,M0002,2026-07-04 11:38:00,134,Mobile
W002446,U0098,M0012,2026-07-31 17:52:00,92,Web
W002447,U0109,M0010,2026-07-03 00:53:00,147,Mobile
W002448,U0111,M0096,2026-09-11 05:44:00,165,TV
W002449,U0147,M0069,2026-07-28 14:21:00,47,TV
W002450,U0178,M0013,2026-08-04 01:31:00,76,Tablet
W002451,U0056,M0011,2026-07-26 00:16:00,89,Web
W002452,U0129,M0084,2026-08-25 00:49:00,59,Tablet
W002453,U0047,M0081,2026-07-25 19:40:00,140,Tablet
W002454,U0169,M0007,2026-07-26 00:14:00,93,Web
W002455,U0119,M0003,2026-07-09 20:13:00,98,Web
W002456,U0057,M0051,2026-08-25 15:35:00,135,Web
W002457,U0187,M0004,2026-08-23 12:19:00,67,Tablet
W002458,U0122,M0053,2026-08-01 05:11:00,99,Web
W002459,U0082,M0001,2026-09-13 21:03:00,90,Tablet
W002460,U0054,M0023,2026-08-31 06:09:00,116,Tablet
W002461,U0066,M0006,2026-07-03 22:29:00,61,Mobile
W002462,U0162,M0006,2026-08-21 02:14:00,54,Web
W002463,U0022,M0047,2026-09-07 02:03:00,148,Web
W002464,U0193,M0002,2026-08-11 02:18:00,102,Tablet
W002465,U0008,M0020,2026-08-26 21:02:00,103,Tablet
W002466,U0107,M0091,2026-09-07 09:25:00,115,Web
W002467,U0143,M0003,2026-07-22 08:45:00,81,Tablet
W002468,U0156,M0004,2026-07-09 19:51:00,104,Tablet
W002469,U0056,M0044,2026-07-11 01:40:00,69,TV
W002470,U0197,M0005,2026-08-20 01:38:00,82,Tablet
W002471,U0091,M0052,2026-08-08 01:31:00,81,Web
W002472,U0162,M0053,2026-08-30 11:02:00,79,Web
W002473,U0129,M0012,2026-07-21 11:44:00,85,Tablet
W002474,U0074,M0011,2026-07-15 06:54:00,73,TV
W002475,U0103,M0083,2026-07-01 07:17:00,87,Tablet
W002476,U0168,M0024,2026-09-01 04:48:00,102,Mobile
W002477,U0099,M0007,2026-09-27 16:16:00,83,Mobile
W002478,U0159,M0050,2026-07-13 14:42:00,138,Mobile
W002479,U0154,M0009,2026-09-25 01:27:00,104,TV
W002480,U0146,M0005,2026-09-01 07:00:00,90,Mobile
W002481,U0095,M0094,2026-09-06 15:01:00,98,Tablet
W002482,U0142,M0039,2026-09-16 09:31:00,104,TV
W002483,U0118,M0005,2026-09-04 19:32:00,95,TV
W002484,U0083,M0008,2026-07-27 16:01:00,128,Mobile
W002485,U0008,M0046,2026-08-22 13:47:00,89,Tablet
W002486,U0062,M0031,2026-09-27 13:07:00,121,Tablet
W002487,U0129,M0036,2026-09-12 03:40:00,94,TV
W002488,U0063,M0012,2026-09-04 17:20:00,61,Mobile
W002489,U0002,M0026,2026-09-01 01:54:00,71,Tablet
W002490,U0099,M0007,2026-09-10 06:34:00,61,Tablet
W002491,U0067,M0074,2026-09-04 03:40:00,113,Mobile
W002492,U0113,M0010,2026-09-14 08:15:00,110,Mobile
W002493,U0075,M0008,2026-09-14 09:27:00,150,Web
W002494,U0103,M0001,2026-08-09 00:15:00,81,Mobile
W002495,U0027,M0010,2026-09-16 02:27:00,133,Mobile
W002496,U0185,M0022,2026-08-03 08:33:00,152,Tablet
W002497,U0169,M0002,2026-07-13 22:05:00,131,TV
W002498,U0068,M0016,2026-07-31 00:57:00,115,Mobile
W002499,U0118,M0008,2026-09-07 11:52:00,136,Web
W002500,U0177,M0003,2026-07-31 02:20:00,111,Tablet
W002501,U0180,M0073,2026-08-21 17:19:00,137,TV
W002502,U0038,M0088,2026-07-03 08:40:00,99,TV
W002503,U0095,M0002,2026-09-03 23:19:00,93,TV
W002504,U0146,M0092,2026-08-13 06:16:00,132,Tablet
W002505,U0173,M0091,2026-07-15 01:22:00,126,TV
W002506,U0156,M0090,2026-09-17 04:50:00,85,Tablet
W002507,U0066,M0052,2026-07-03 13:10:00,83,TV
W002508,U0150,M0056,2026-07-24 14:42:00,107,Web
W002509,U0185,M0012,2026-09-06 20:28:00,86,Tablet
W002510,U0159,M0023,2026-09-27 12:14:00,93,Web
W002511,U0165,M0020,2026-08-23 10:37:00,134,Web
W002512,U0097,M0012,2026-08-29 00:24:00,59,TV
W002513,U0135,M0003,2026-07-16 23:08:00,79,Mobile
W002514,U0088,M0056,2026-07-29 03:41:00,128,TV
W002515,U0058,M0017,2026-07-26 07:59:00,67,Mobile
W002516,U0167,M0041,2026-08-02 10:47:00,106,Tablet
W002517,U0118,M0056,2026-09-15 10:57:00,125,TV
W002518,U0190,M0039,2026-08-03 02:12:00,89,Mobile
W002519,U0103,M0090,2026-09-25 15:44:00,109,Mobile
W002520,U0015,M0009,2026-08-21 13:58:00,87,TV
W002521,U0063,M0067,2026-09-11 13:39:00,103,TV
W002522,U0059,M0009,2026-07-17 03:36:00,53,Mobile
W002523,U0156,M0077,2026-08-20 05:48:00,120,Mobile
W002524,U0034,M0096,2026-07-06 12:57:00,167,TV
W002525,U0059,M0060,2026-08-23 07:25:00,123,Mobile
W002526,U0138,M0001,2026-07-30 00:33:00,88,Mobile
W002527,U0051,M0001,2026-07-11 14:17:00,90,Mobile
W002528,U0139,M0051,2026-08-24 10:59:00,139,Tablet
W002529,U0077,M0033,2026-08-22 22:46:00,38,Tablet
W002530,U0200,M0040,2026-08-23 14:33:00,154,Tablet
W002531,U0001,M0069,2026-09-07 16:21:00,52,TV
W002532,U0085,M0011,2026-08-13 23:44:00,97,Web
W002533,U0166,M0094,2026-07-25 01:09:00,133,Web
W002534,U0174,M0099,2026-08-26 23:20:00,80,Tablet
W002535,U0029,M0034,2026-08-14 09:08:00,157,Tablet
W002536,U0127,M0024,2026-07-17 06:35:00,107,Mobile
W002537,U0195,M0009,2026-08-31 06:08:00,67,Tablet
W002538,U0088,M0034,2026-07-18 14:54:00,157,Mobile
W002539,U0196,M0054,2026-07-20 09:46:00,99,Tablet
W002540,U0027,M0089,2026-09-23 10:16:00,153,TV
W002541,U0147,M0015,2026-07-30 11:16:00,109,TV
W002542,U0041,M0021,2026-07-30 15:27:00,93,Tablet
W002543,U0168,M0001,2026-09-09 23:24:00,107,Web
W002544,U0121,M0096,2026-08-03 18:00:00,125,TV
W002545,U0079,M0006,2026-09-05 03:31:00,56,Tablet
W002546,U0079,M0005,2026-08-21 06:31:00,111,Tablet
W002547,U0196,M0001,2026-07-01 12:23:00,110,Tablet
W002548,U0091,M0012,2026-09-27 17:53:00,53,Tablet
W002549,U0197,M0076,2026-07-02 18:33:00,125,Web
W002550,U0076,M0008,2026-07-03 03:43:00,125,Web
W002551,U0110,M0012,2026-07-30 15:28:00,44,TV
W002552,U0159,M0009,2026-08-10 01:25:00,70,Web
W002553,U0028,M0021,2026-07-23 03:08:00,87,Tablet
W002554,U0012,M0004,2026-09-01 14:31:00,113,Tablet
W002555,U0064,M0079,2026-09-28 19:58:00,83,Mobile
W002556,U0015,M0004,2026-07-26 03:01:00,78,Web
W002557,U0113,M0081,2026-07-11 02:33:00,92,Mobile
W002558,U0084,M0011,2026-09-14 00:44:00,96,TV
W002559,U0039,M0094,2026-08-22 06:06:00,126,TV
W002560,U0084,M0069,2026-08-20 16:04:00,72,Web
W002561,U0177,M0089,2026-07-13 18:51:00,139,Web
W002562,U0093,M0009,2026-09-07 00:26:00,74,TV
W002563,U0048,M0005,2026-08-12 15:04:00,89,TV
W002564,U0174,M0073,2026-07-24 05:50:00,154,Mobile
W002565,U0036,M0075,2026-08-28 10:59:00,74,Tablet
W002566,U0013,M0034,2026-09-22 02:26:00,132,Web
W002567,U0005,M0011,2026-07-03 22:05:00,115,Web
W002568,U0138,M0003,2026-07-26 17:27:00,88,Web
W002569,U0163,M0067,2026-09-05 20:23:00,112,Mobile
W002570,U0137,M0017,2026-09-11 16:32:00,93,Mobile
W002571,U0147,M0003,2026-08-25 12:38:00,90,Mobile
W002572,U0197,M0008,2026-09-13 10:24:00,127,Web
W002573,U0120,M0012,2026-09-19 22:49:00,92,Web
W002574,U0019,M0034,2026-08-28 23:13:00,102,Web
W002575,U0117,M0009,2026-09-19 22:55:00,104,Mobile
W002576,U0160,M0011,2026-07-02 17:13:00,92,Mobile
W002577,U0058,M0006,2026-08-08 21:07:00,94,Web
W002578,U0137,M0010,2026-08-29 11:50:00,164,TV
W002579,U0198,M0005,2026-09-20 07:19:00,112,TV
W002580,U0049,M0011,2026-07-19 18:19:00,64,Web
W002581,U0047,M0100,2026-07-03 09:17:00,89,Mobile
W002582,U0200,M0006,2026-08-19 03:48:00,65,Web
W002583,U0018,M0008,2026-09-18 05:45:00,131,TV
W002584,U0052,M0096,2026-07-15 20:42:00,149,Tablet
W002585,U0070,M0060,2026-09-24 05:23:00,148,Mobile
W002586,U0036,M0001,2026-07-12 04:56:00,94,Tablet
W002587,U0007,M0003,2026-09-17 23:09:00,96,Tablet
W002588,U0013,M0004,2026-08-09 22:01:00,59,Tablet
W002589,U0051,M0046,2026-09-09 04:14:00,78,Mobile
W002590,U0045,M0011,2026-09-22 03:05:00,112,Mobile
W002591,U0042,M0048,2026-07-11 22:55:00,117,Web
W002592,U0192,M0003,2026-08-07 18:51:00,86,TV
W002593,U0054,M0059,2026-09-11 19:10:00,58,Mobile
W002594,U0117,M0066,2026-07-01 15:51:00,120,Tablet
W002595,U0108,M0004,2026-09-26 12:34:00,99,Web
W002596,U0017,M0003,2026-09-25 02:26:00,84,Web
W002597,U0059,M0034,2026-08-29 04:53:00,111,Tablet
W002598,U0005,M0076,2026-09-05 09:53:00,106,Web
W002599,U0012,M0013,2026-09-16 03:12:00,91,TV
W002600,U0133,M0020,2026-07-13 18:18:00,148,Tablet
W002601,U0196,M0051,2026-07-06 13:39:00,121,Web
W002602,U0096,M0005,2026-09-13 22:25:00,80,TV
W002603,U0108,M0024,2026-07-16 21:30:00,136,TV
W002604,U0094,M0070,2026-09-10 14:15:00,66,TV
W002605,U0008,M0011,2026-07-19 13:48:00,80,Web
W002606,U0160,M0100,2026-07-03 14:12:00,155,Mobile
W002607,U0085,M0010,2026-09-19 21:39:00,106,TV
W002608,U0105,M0084,2026-08-19 02:30:00,95,Tablet
W002609,U0196,M0022,2026-07-15 09:31:00,132,TV
W002610,U0024,M0007,2026-09-28 22:44:00,103,Mobile
W002611,U0029,M0012,2026-08-12 06:34:00,92,Tablet
W002612,U0035,M0008,2026-07-29 08:19:00,132,Tablet
W002613,U0121,M0072,2026-07-12 16:03:00,109,Mobile
W002614,U0123,M0009,2026-09-07 03:36:00,101,TV
W002615,U0033,M0053,2026-08-16 20:27:00,113,TV
W002616,U0169,M0056,2026-09-06 15:30:00,157,Mobile
W002617,U0184,M0011,2026-07-26 16:41:00,96,TV
W002618,U0065,M0035,2026-09-05 10:46:00,134,Web
W002619,U0085,M0012,2026-08-30 20:02:00,53,Web
W002620,U0195,M0003,2026-07-30 20:24:00,85,Tablet
W002621,U0096,M0015,2026-08-22 17:38:00,89,Tablet
W002622,U0162,M0005,2026-09-11 06:56:00,52,TV
W002623,U0047,M0060,2026-07-14 00:17:00,99,TV
W002624,U0042,M0008,2026-07-30 08:34:00,110,Mobile
W002625,U0147,M0010,2026-08-14 00:58:00,142,Tablet
W002626,U0116,M0045,2026-08-11 06:00:00,68,Web
W002627,U0140,M0006,2026-07-11 17:22:00,73,Web
W002628,U0087,M0031,2026-07-24 05:40:00,92,Web
W002629,U0125,M0009,2026-08-30 08:53:00,104,Web
W002630,U0017,M0004,2026-08-08 19:44:00,109,Mobile
W002631,U0140,M0005,2026-07-09 14:37:00,90,Mobile
W002632,U0031,M0092,2026-07-12 11:54:00,122,Web
W002633,U0079,M0007,2026-08-09 16:48:00,53,TV
W002634,U0102,M0035,2026-07-13 21:34:00,125,TV
W002635,U0199,M0069,2026-07-19 02:01:00,62,TV
W002636,U0145,M0005,2026-09-11 20:11:00,70,Web
W002637,U0139,M0058,2026-09-02 03:23:00,89,Web
W002638,U0041,M0031,2026-08-31 22:20:00,111,TV
W002639,U0163,M0051,2026-09-15 18:04:00,157,Tablet
W002640,U0052,M0083,2026-07-05 10:51:00,90,Tablet
W002641,U0076,M0004,2026-09-21 00:10:00,70,Tablet
W002642,U0120,M0005,2026-07-13 09:21:00,84,Web
W002643,U0001,M0024,2026-07-23 21:02:00,99,TV
W002644,U0188,M0065,2026-07-06 09:22:00,80,Tablet
W002645,U0036,M0009,2026-08-13 18:36:00,94,TV
W002646,U0101,M0017,2026-08-28 19:23:00,62,Tablet
W002647,U0101,M0035,2026-07-23 15:00:00,143,Web
W002648,U0036,M0005,2026-07-12 05:43:00,81,TV
W002649,U0053,M0008,2026-07-13 23:05:00,122,Mobile
W002650,U0164,M0001,2026-08-17 09:18:00,82,Web
W002651,U0135,M0039,2026-09-09 05:42:00,109,Tablet
W002652,U0077,M0089,2026-08-19 06:23:00,124,Tablet
W002653,U0040,M0006,2026-09-19 02:53:00,95,Web
W002654,U0070,M0070,2026-08-04 17:24:00,79,Web
W002655,U0029,M0007,2026-08-08 18:24:00,61,Tablet
W002656,U0195,M0085,2026-07-21 10:43:00,119,Mobile
W002657,U0023,M0009,2026-07-22 23:06:00,99,Tablet
W002658,U0108,M0028,2026-08-28 01:51:00,82,Mobile
W002659,U0198,M0079,2026-09-15 16:05:00,94,Web
W002660,U0164,M0009,2026-08-08 04:43:00,66,Web
W002661,U0092,M0025,2026-07-02 04:14:00,103,TV
W002662,U0150,M0010,2026-07-21 03:37:00,155,Tablet
W002663,U0171,M0072,2026-07-10 11:06:00,153,Tablet
W002664,U0144,M0004,2026-08-25 05:11:00,88,Tablet
W002665,U0011,M0026,2026-08-23 17:37:00,100,Mobile
W002666,U0148,M0073,2026-07-11 16:37:00,116,TV
W002667,U0093,M0008,2026-09-13 05:00:00,113,Web
W002668,U0166,M0006,2026-09-16 13:43:00,92,Tablet
W002669,U0147,M0050,2026-09-24 13:53:00,106,Tablet
W002670,U0172,M0004,2026-07-20 15:56:00,108,TV
W002671,U0007,M0004,2026-07-09 23:50:00,84,Mobile
W002672,U0187,M0002,2026-09-16 07:36:00,122,Web
W002673,U0092,M0012,2026-08-02 01:46:00,85,Tablet
W002674,U0013,M0002,2026-08-11 16:57:00,102,Web
W002675,U0197,M0018,2026-07-20 01:23:00,33,Web
W002676,U0190,M0005,2026-09-07 13:39:00,74,Web
W002677,U0200,M0029,2026-09-15 21:19:00,61,Web
W002678,U0158,M0052,2026-07-29 19:28:00,69,Web
W002679,U0026,M0059,2026-08-28 04:54:00,57,TV
W002680,U0194,M0012,2026-07-19 09:36:00,85,Web
W002681,U0182,M0005,2026-08-01 21:53:00,77,Web
W002682,U0194,M0022,2026-09-26 07:38:00,135,TV
W002683,U0083,M0071,2026-07-11 03:31:00,143,Web
W002684,U0194,M0032,2026-08-06 05:22:00,84,Mobile
W002685,U0051,M0096,2026-07-09 05:47:00,128,Tablet
W002686,U0068,M0015,2026-09-04 03:52:00,53,Web
W002687,U0137,M0005,2026-08-06 02:43:00,99,Web
W002688,U0158,M0027,2026-07-30 11:25:00,86,TV
W002689,U0114,M0072,2026-07-23 09:11:00,93,Web
W002690,U0007,M0005,2026-07-21 10:21:00,79,TV
W002691,U0063,M0051,2026-08-10 01:58:00,124,Mobile
W002692,U0076,M0065,2026-09-26 19:10:00,96,Mobile
W002693,U0157,M0004,2026-09-15 06:29:00,67,TV
W002694,U0106,M0036,2026-09-16 04:16:00,115,Tablet
W002695,U0161,M0003,2026-09-06 23:23:00,95,Web
W002696,U0068,M0001,2026-08-03 16:46:00,140,Web
W002697,U0061,M0099,2026-08-19 04:27:00,62,TV
W002698,U0083,M0067,2026-09-11 09:55:00,135,TV
W002699,U0025,M0011,2026-09-03 11:25:00,74,TV
W002700,U0185,M0002,2026-09-04 07:32:00,106,TV
W002701,U0120,M0078,2026-08-22 06:29:00,81,Tablet
W002702,U0128,M0011,2026-07-06 21:14:00,72,TV
W002703,U0006,M0010,2026-08-20 21:08:00,113,Tablet
W002704,U0181,M0016,2026-07-06 19:19:00,101,Web
W002705,U0017,M0082,2026-08-21 20:38:00,77,Mobile
W002706,U0183,M0008,2026-08-09 05:09:00,174,TV
W002707,U0102,M0046,2026-08-30 05:43:00,81,Web
W002708,U0085,M0055,2026-08-21 20:52:00,122,Tablet
W002709,U0037,M0002,2026-09-17 12:40:00,129,Web
W002710,U0151,M0073,2026-09-09 12:11:00,139,Mobile
W002711,U0158,M0051,2026-08-18 05:18:00,122,TV
W002712,U0064,M0027,2026-09-15 01:42:00,78,TV
W002713,U0008,M0010,2026-09-05 07:47:00,141,Tablet
W002714,U0147,M0010,2026-09-12 06:21:00,141,Tablet
W002715,U0098,M0006,2026-07-13 14:34:00,80,Web
W002716,U0091,M0031,2026-09-03 09:02:00,109,Tablet
W002717,U0065,M0012,2026-07-09 06:12:00,79,TV
W002718,U0090,M0017,2026-07-31 22:07:00,106,Tablet
W002719,U0193,M0005,2026-08-17 16:24:00,85,Mobile
W002720,U0143,M0036,2026-09-01 03:24:00,137,Web
W002721,U0025,M0022,2026-07-01 03:46:00,140,Mobile
W002722,U0084,M0008,2026-07-28 21:02:00,131,Mobile
W002723,U0146,M0003,2026-09-17 05:17:00,107,Tablet
W002724,U0047,M0047,2026-09-27 19:36:00,135,Web
W002725,U0025,M0015,2026-08-24 14:06:00,84,Tablet
W002726,U0181,M0031,2026-08-16 04:16:00,126,TV
W002727,U0114,M0032,2026-08-26 14:57:00,90,Mobile
W002728,U0080,M0090,2026-07-10 19:26:00,118,Web
W002729,U0175,M0028,2026-08-23 17:06:00,63,Tablet
W002730,U0050,M0020,2026-08-25 19:32:00,121,Web
W002731,U0117,M0011,2026-09-10 08:48:00,81,Mobile
W002732,U0087,M0062,2026-08-03 06:52:00,111,TV
W002733,U0062,M0008,2026-07-18 03:26:00,137,Mobile
W002734,U0123,M0024,2026-09-16 03:59:00,101,Mobile
W002735,U0170,M0100,2026-09-22 00:00:00,108,Tablet
W002736,U0194,M0043,2026-07-26 17:15:00,73,Web
W002737,U0035,M0010,2026-09-08 11:56:00,149,Tablet
W002738,U0104,M0003,2026-08-04 07:42:00,125,Mobile
W002739,U0126,M0007,2026-08-14 17:07:00,111,Tablet
W002740,U0079,M0006,2026-09-10 13:49:00,88,Web
W002741,U0198,M0017,2026-08-18 00:27:00,95,Mobile
W002742,U0079,M0024,2026-08-28 08:08:00,95,Web
W002743,U0190,M0092,2026-08-18 15:10:00,132,Tablet
W002744,U0049,M0004,2026-09-26 18:17:00,97,Mobile
W002745,U0176,M0003,2026-09-06 05:21:00,62,Web
W002746,U0175,M0074,2026-09-21 21:22:00,107,TV
W002747,U0026,M0010,2026-09-25 11:13:00,140,Web
W002748,U0019,M0045,2026-08-15 01:56:00,89,TV
W002749,U0147,M0058,2026-07-05 02:48:00,80,Mobile
W002750,U0075,M0022,2026-09-21 07:40:00,113,TV
W002751,U0169,M0010,2026-09-28 14:27:00,143,TV
W002752,U0096,M0010,2026-07-05 01:46:00,151,TV
W002753,U0037,M0067,2026-08-26 14:15:00,87,Tablet
W002754,U0175,M0094,2026-07-19 15:33:00,91,Web
W002755,U0105,M0044,2026-08-07 20:31:00,87,TV
W002756,U0200,M0006,2026-07-24 01:36:00,58,Mobile
W002757,U0161,M0007,2026-07-04 19:18:00,87,TV
W002758,U0019,M0088,2026-07-11 11:49:00,75,TV
W002759,U0126,M0087,2026-07-17 16:33:00,82,Web
W002760,U0175,M0003,2026-07-26 22:10:00,94,Web
W002761,U0073,M0074,2026-07-10 21:00:00,110,TV
W002762,U0023,M0006,2026-07-19 06:37:00,56,TV
W002763,U0133,M0053,2026-08-12 16:27:00,79,Mobile
W002764,U0100,M0030,2026-07-08 14:38:00,78,Mobile
W002765,U0062,M0004,2026-08-26 00:11:00,68,Tablet
W002766,U0153,M0067,2026-08-30 08:04:00,126,TV
W002767,U0197,M0043,2026-09-04 23:35:00,68,TV
W002768,U0088,M0069,2026-09-22 21:47:00,83,TV
W002769,U0090,M0012,2026-07-19 06:19:00,76,Tablet
W002770,U0040,M0090,2026-08-16 00:29:00,109,Mobile
W002771,U0058,M0035,2026-08-27 02:10:00,148,Tablet
W002772,U0007,M0001,2026-07-07 07:34:00,133,TV
W002773,U0155,M0088,2026-08-20 16:27:00,106,Web
W002774,U0015,M0080,2026-09-01 07:53:00,114,Mobile
W002775,U0105,M0068,2026-08-26 07:19:00,117,Web
W002776,U0095,M0062,2026-07-14 01:27:00,80,Mobile
W002777,U0176,M0060,2026-07-01 12:53:00,104,Tablet
W002778,U0197,M0073,2026-09-17 00:09:00,153,TV
W002779,U0196,M0043,2026-08-21 07:17:00,74,Tablet
W002780,U0147,M0009,2026-07-26 17:03:00,80,Tablet
W002781,U0116,M0057,2026-09-01 03:46:00,75,Tablet
W002782,U0123,M0019,2026-08-11 08:15:00,132,Web
W002783,U0058,M0014,2026-07-27 02:39:00,91,Tablet
W002784,U0066,M0018,2026-08-03 12:04:00,58,Mobile
W002785,U0111,M0094,2026-07-14 02:32:00,141,TV
W002786,U0103,M0098,2026-09-15 11:18:00,121,Web
W002787,U0054,M0007,2026-08-08 07:59:00,108,Tablet
W002788,U0114,M0003,2026-08-12 04:34:00,84,Web
W002789,U0087,M0002,2026-08-30 13:31:00,81,TV
W002790,U0063,M0047,2026-09-03 20:40:00,148,TV
W002791,U0146,M0035,2026-09-25 06:56:00,158,Web
W002792,U0119,M0002,2026-08-04 02:47:00,85,Web
W002793,U0055,M0006,2026-07-13 20:44:00,51,Tablet
W002794,U0077,M0011,2026-07-05 15:09:00,93,TV
W002795,U0056,M0008,2026-08-20 05:11:00,156,Tablet
W002796,U0047,M0002,2026-07-03 04:04:00,87,TV
W002797,U0099,M0029,2026-07-25 21:04:00,89,TV
W002798,U0165,M0010,2026-08-22 08:15:00,132,TV
W002799,U0039,M0003,2026-07-29 19:23:00,61,TV
W002800,U0196,M0001,2026-07-29 18:46:00,116,Mobile
W002801,U0174,M0014,2026-09-10 15:08:00,101,Mobile
W002802,U0085,M0058,2026-07-29 12:24:00,70,Web
W002803,U0052,M0018,2026-09-26 04:41:00,75,Web
W002804,U0160,M0097,2026-08-23 02:33:00,106,Tablet
W002805,U0122,M0002,2026-09-03 01:02:00,111,TV
W002806,U0039,M0024,2026-08-07 18:59:00,119,Mobile
W002807,U0137,M0009,2026-07-15 09:46:00,57,Web
W002808,U0177,M0063,2026-09-27 20:22:00,122,Mobile
W002809,U0170,M0011,2026-09-21 18:08:00,61,TV
W002810,U0098,M0006,2026-08-04 12:44:00,84,Tablet
W002811,U0044,M0084,2026-08-23 08:31:00,77,Tablet
W002812,U0150,M0034,2026-08-10 17:12:00,91,Mobile
W002813,U0126,M0005,2026-09-19 14:37:00,83,Web
W002814,U0018,M0031,2026-07-13 06:47:00,124,Web
W002815,U0174,M0006,2026-09-22 10:42:00,95,TV
W002816,U0163,M0100,2026-07-27 14:38:00,169,Mobile
W002817,U0091,M0010,2026-07-02 10:51:00,118,TV
W002818,U0094,M0070,2026-07-18 11:28:00,68,Web
W002819,U0134,M0097,2026-08-14 13:34:00,78,TV
W002820,U0180,M0097,2026-07-24 22:46:00,92,Tablet
W002821,U0111,M0001,2026-07-04 16:22:00,100,Tablet
W002822,U0169,M0048,2026-07-31 07:16:00,117,Mobile
W002823,U0034,M0045,2026-09-05 20:50:00,64,TV
W002824,U0121,M0011,2026-08-05 08:27:00,82,Mobile
W002825,U0178,M0079,2026-09-02 10:18:00,84,Tablet
W002826,U0105,M0011,2026-07-13 01:06:00,101,Web
W002827,U0185,M0069,2026-08-20 06:41:00,69,Mobile
W002828,U0116,M0035,2026-09-12 07:35:00,153,Web
W002829,U0131,M0086,2026-07-03 02:15:00,119,Mobile
W002830,U0063,M0097,2026-07-17 02:53:00,52,Web
W002831,U0017,M0019,2026-08-22 01:21:00,141,Mobile
W002832,U0003,M0049,2026-09-06 00:54:00,55,Web
W002833,U0159,M0084,2026-07-15 05:19:00,49,Tablet
W002834,U0162,M0010,2026-09-10 13:19:00,112,Mobile
W002835,U0157,M0003,2026-07-06 02:41:00,94,Mobile
W002836,U0048,M0087,2026-09-04 09:03:00,82,Mobile
W002837,U0001,M0002,2026-09-11 01:15:00,99,Mobile
W002838,U0100,M0100,2026-08-26 22:19:00,120,TV
W002839,U0122,M0042,2026-09-03 11:10:00,112,TV
W002840,U0121,M0088,2026-09-05 14:07:00,92,Mobile
W002841,U0114,M0035,2026-08-16 04:50:00,150,TV
W002842,U0068,M0014,2026-09-18 22:24:00,98,TV
W002843,U0180,M0004,2026-09-02 23:26:00,89,Web
W002844,U0194,M0057,2026-07-15 18:49:00,77,Tablet
W002845,U0163,M0087,2026-08-24 18:06:00,71,TV
W002846,U0110,M0069,2026-09-14 01:04:00,78,Web
W002847,U0189,M0064,2026-08-18 07:00:00,114,Web
W002848,U0073,M0023,2026-07-06 21:14:00,110,Mobile
W002849,U0017,M0009,2026-08-01 07:58:00,86,Tablet
W002850,U0021,M0004,2026-07-02 02:12:00,85,Mobile
W002851,U0082,M0009,2026-09-02 12:58:00,69,Mobile
W002852,U0146,M0070,2026-09-05 04:28:00,60,Web
W002853,U0116,M0007,2026-09-06 13:20:00,100,Web
W002854,U0196,M0002,2026-07-29 12:47:00,88,TV
W002855,U0059,M0023,2026-07-04 21:16:00,102,Tablet
W002856,U0084,M0006,2026-08-12 04:48:00,56,Tablet
W002857,U0116,M0014,2026-07-13 22:23:00,96,Mobile
W002858,U0036,M0098,2026-08-04 17:18:00,99,TV
W002859,U0103,M0011,2026-07-02 06:28:00,59,TV
W002860,U0039,M0035,2026-07-20 18:01:00,152,Mobile
W002861,U0005,M0012,2026-08-12 23:43:00,81,Mobile
W002862,U0128,M0012,2026-07-15 09:50:00,84,Web
W002863,U0141,M0078,2026-07-21 17:30:00,80,Tablet
W002864,U0111,M0003,2026-09-25 05:28:00,120,TV
W002865,U0125,M0036,2026-08-02 03:56:00,113,Web
W002866,U0181,M0001,2026-08-25 07:47:00,107,Web
W002867,U0037,M0061,2026-08-17 05:15:00,136,Tablet
W002868,U0126,M0055,2026-09-26 02:17:00,104,Web
W002869,U0162,M0022,2026-07-31 19:38:00,100,Tablet
W002870,U0157,M0003,2026-08-24 12:47:00,77,TV
W002871,U0136,M0085,2026-08-01 01:08:00,132,TV
W002872,U0095,M0011,2026-07-06 17:53:00,57,Mobile
W002873,U0115,M0006,2026-08-07 22:57:00,75,TV
W002874,U0081,M0007,2026-09-10 14:48:00,120,Web
W002875,U0143,M0010,2026-08-22 12:57:00,143,TV
W002876,U0083,M0058,2026-09-03 10:52:00,42,TV
W002877,U0064,M0002,2026-08-21 06:32:00,101,Mobile
W002878,U0099,M0016,2026-08-26 18:17:00,133,Web
W002879,U0021,M0003,2026-08-12 02:45:00,67,Web
W002880,U0018,M0011,2026-08-05 11:02:00,66,TV
W002881,U0198,M0077,2026-09-03 19:11:00,147,Mobile
W002882,U0122,M0067,2026-07-21 07:52:00,132,Mobile
W002883,U0084,M0006,2026-09-14 01:53:00,57,Web
W002884,U0082,M0012,2026-09-28 16:23:00,55,Web
W002885,U0155,M0043,2026-09-14 00:21:00,82,Mobile
W002886,U0076,M0064,2026-09-05 22:42:00,78,TV
W002887,U0135,M0085,2026-07-23 14:15:00,142,Mobile
W002888,U0077,M0069,2026-07-19 14:10:00,46,TV
W002889,U0076,M0008,2026-07-03 14:57:00,118,Mobile
W002890,U0095,M0007,2026-09-09 14:45:00,68,TV
W002891,U0115,M0012,2026-08-20 12:59:00,82,Web
W002892,U0028,M0081,2026-08-11 12:01:00,144,Web
W002893,U0051,M0001,2026-07-26 22:04:00,114,Mobile
W002894,U0032,M0001,2026-09-17 23:36:00,117,Web
W002895,U0142,M0001,2026-08-03 13:42:00,130,Tablet
W002896,U0141,M0004,2026-08-27 05:49:00,114,Tablet
W002897,U0166,M0006,2026-08-06 00:03:00,84,Mobile
W002898,U0165,M0085,2026-07-30 11:49:00,160,Mobile
W002899,U0131,M0038,2026-09-04 18:55:00,90,Mobile
W002900,U0018,M0012,2026-07-14 19:06:00,62,Mobile
W002901,U0134,M0019,2026-09-24 13:43:00,130,Web
W002902,U0092,M0009,2026-07-08 09:17:00,73,Tablet
W002903,U0088,M0093,2026-08-14 19:47:00,75,Tablet
W002904,U0165,M0007,2026-09-02 05:20:00,97,TV
W002905,U0141,M0052,2026-09-13 03:00:00,72,Web
W002906,U0059,M0058,2026-07-06 03:27:00,79,Mobile
W002907,U0014,M0051,2026-08-13 13:43:00,144,TV
W002908,U0040,M0011,2026-08-15 13:32:00,93,Web
W002909,U0083,M0003,2026-09-07 19:25:00,85,Web
W002910,U0127,M0008,2026-08-30 22:51:00,122,Tablet
W002911,U0141,M0068,2026-07-04 15:39:00,123,TV
W002912,U0150,M0008,2026-07-01 15:37:00,141,Web
W002913,U0180,M0048,2026-08-22 22:29:00,107,TV
W002914,U0102,M0044,2026-07-14 20:36:00,65,Mobile
W002915,U0161,M0085,2026-07-25 04:18:00,117,TV
W002916,U0052,M0072,2026-07-31 10:41:00,111,TV
W002917,U0084,M0069,2026-08-05 17:43:00,75,Mobile
W002918,U0115,M0012,2026-07-19 14:56:00,81,TV
W002919,U0029,M0079,2026-08-05 06:24:00,106,TV
W002920,U0052,M0093,2026-09-14 19:33:00,53,TV
W002921,U0152,M0096,2026-08-02 20:28:00,112,TV
W002922,U0146,M0065,2026-07-20 17:37:00,111,Mobile
W002923,U0080,M0053,2026-07-20 16:47:00,105,TV
W002924,U0128,M0010,2026-09-04 12:47:00,104,Web
W002925,U0118,M0005,2026-08-24 18:40:00,88,Tablet
W002926,U0144,M0082,2026-09-11 08:42:00,37,TV
W002927,U0020,M0056,2026-09-19 12:01:00,130,Mobile
W002928,U0003,M0076,2026-09-23 15:57:00,120,Mobile
W002929,U0078,M0003,2026-08-04 17:13:00,91,Mobile
W002930,U0014,M0012,2026-07-20 14:20:00,26,TV
W002931,U0109,M0007,2026-07-07 22:14:00,88,Web
W002932,U0198,M0033,2026-09-20 18:51:00,95,Mobile
W002933,U0078,M0008,2026-07-24 21:55:00,96,TV
W002934,U0031,M0029,2026-09-19 03:01:00,80,Tablet
W002935,U0045,M0060,2026-07-11 05:56:00,132,Web
W002936,U0070,M0094,2026-09-02 23:27:00,130,Tablet
W002937,U0017,M0019,2026-07-20 14:42:00,156,Mobile
W002938,U0010,M0006,2026-08-09 08:47:00,84,Tablet
W002939,U0106,M0030,2026-09-27 13:20:00,99,Mobile
W002940,U0198,M0079,2026-09-03 14:48:00,99,Web
W002941,U0185,M0009,2026-07-19 10:48:00,82,Web
W002942,U0049,M0056,2026-09-01 18:37:00,122,Tablet
W002943,U0001,M0088,2026-09-18 12:14:00,61,Tablet
W002944,U0060,M0008,2026-07-27 01:54:00,122,Web
W002945,U0023,M0012,2026-08-11 12:42:00,81,Web
W002946,U0169,M0007,2026-09-05 02:24:00,73,TV
W002947,U0083,M0006,2026-08-07 01:06:00,82,Tablet
W002948,U0089,M0085,2026-07-14 10:30:00,154,Tablet
W002949,U0173,M0001,2026-08-02 19:09:00,116,Web
W002950,U0036,M0006,2026-09-23 04:04:00,72,Web
W002951,U0166,M0007,2026-08-11 00:43:00,94,TV
W002952,U0011,M0011,2026-08-16 02:08:00,53,TV
W002953,U0154,M0010,2026-08-19 04:06:00,115,TV
W002954,U0053,M0007,2026-07-08 10:34:00,71,Tablet
W002955,U0029,M0079,2026-08-17 07:00:00,98,TV
W002956,U0190,M0052,2026-09-01 06:14:00,70,Web
W002957,U0126,M0095,2026-07-30 15:02:00,121,Tablet
W002958,U0134,M0001,2026-07-20 22:34:00,77,Web
W002959,U0192,M0001,2026-09-01 14:31:00,109,Tablet
W002960,U0040,M0037,2026-09-04 04:34:00,83,Mobile
W002961,U0130,M0063,2026-08-15 01:47:00,136,Web
W002962,U0062,M0012,2026-07-28 13:36:00,77,TV
W002963,U0139,M0016,2026-09-25 14:41:00,134,Mobile
W002964,U0076,M0002,2026-07-19 20:23:00,100,TV
W002965,U0199,M0005,2026-07-07 02:24:00,86,Tablet
W002966,U0092,M0006,2026-07-01 23:05:00,95,Web
W002967,U0088,M0003,2026-08-04 03:00:00,102,Tablet
W002968,U0163,M0067,2026-08-31 19:33:00,123,Tablet
W002969,U0009,M0007,2026-07-30 02:14:00,85,Tablet
W002970,U0099,M0023,2026-08-08 11:24:00,120,Web
W002971,U0176,M0008,2026-07-03 11:41:00,102,Mobile
W002972,U0122,M0070,2026-08-19 11:48:00,109,Mobile
W002973,U0022,M0066,2026-09-04 22:12:00,134,Mobile
W002974,U0117,M0006,2026-09-07 04:19:00,51,Web
W002975,U0062,M0009,2026-07-04 03:01:00,71,Tablet
W002976,U0056,M0010,2026-07-09 15:25:00,156,Mobile
W002977,U0176,M0006,2026-08-24 00:21:00,94,Tablet
W002978,U0018,M0033,2026-08-12 03:49:00,50,Web
W002979,U0179,M0010,2026-09-11 22:28:00,159,Mobile
W002980,U0065,M0001,2026-09-02 13:16:00,97,Tablet
W002981,U0045,M0007,2026-07-27 16:55:00,96,Web
W002982,U0110,M0069,2026-09-01 12:21:00,60,TV
W002983,U0020,M0042,2026-08-13 21:15:00,86,TV
W002984,U0198,M0004,2026-07-04 23:50:00,89,Web
W002985,U0047,M0050,2026-07-31 22:53:00,148,Tablet
W002986,U0059,M0003,2026-09-12 14:01:00,79,Mobile
W002987,U0026,M0020,2026-07-13 16:05:00,159,Mobile
W002988,U0113,M0006,2026-08-03 09:00:00,95,Tablet
W002989,U0006,M0005,2026-08-27 18:48:00,69,Mobile
W002990,U0072,M0011,2026-08-20 17:24:00,84,Tablet
W002991,U0018,M0079,2026-07-08 22:35:00,93,Web
W002992,U0122,M0010,2026-08-16 03:48:00,174,TV
W002993,U0036,M0075,2026-07-03 04:40:00,101,TV
W002994,U0115,M0008,2026-08-20 17:35:00,156,Web
W002995,U0123,M0088,2026-09-27 08:53:00,97,Tablet
W002996,U0030,M0070,2026-07-22 03:21:00,73,TV
W002997,U0038,M0094,2026-07-13 03:00:00,123,Web
W002998,U0016,M0053,2026-07-11 06:18:00,70,Web
W002999,U0150,M0040,2026-07-28 14:39:00,145,TV
W003000,U0123,M0050,2026-07-18 04:08:00,125,Tablet
W003001,U0123,M0002,2026-07-20 11:45:00,119,Mobile
W003002,U0038,M0006,2026-09-17 01:59:00,84,TV
W003003,U0195,M0066,2026-08-13 11:31:00,68,TV
W003004,U0064,M0011,2026-09-15 10:30:00,85,Web
W003005,U0058,M0075,2026-08-06 23:46:00,107,Web
W003006,U0200,M0007,2026-07-03 12:26:00,100,TV
W003007,U0172,M0003,2026-08-05 13:39:00,64,TV
W003008,U0192,M0006,2026-08-13 15:11:00,84,Tablet
W003009,U0166,M0021,2026-07-22 23:12:00,60,Mobile
W003010,U0111,M0032,2026-08-07 23:38:00,61,Mobile
W003011,U0144,M0036,2026-09-03 02:56:00,114,Mobile
W003012,U0095,M0083,2026-08-05 19:06:00,96,Web
W003013,U0119,M0003,2026-07-28 14:59:00,110,Web
W003014,U0121,M0006,2026-08-05 03:26:00,53,TV
W003015,U0121,M0001,2026-07-09 06:45:00,91,Mobile
W003016,U0065,M0078,2026-09-24 00:42:00,25,Web
W003017,U0074,M0057,2026-07-29 11:52:00,103,TV
W003018,U0145,M0038,2026-08-01 17:20:00,85,Web
W003019,U0050,M0012,2026-08-17 02:52:00,65,Tablet
W003020,U0172,M0032,2026-09-08 22:24:00,57,TV
W003021,U0198,M0087,2026-07-18 06:59:00,87,Web
W003022,U0053,M0005,2026-08-22 22:51:00,71,TV
W003023,U0031,M0090,2026-08-28 03:01:00,113,Web
W003024,U0047,M0006,2026-08-04 03:11:00,95,TV
W003025,U0101,M0011,2026-09-04 06:24:00,86,Web
W003026,U0038,M0071,2026-08-25 03:47:00,161,Mobile
W003027,U0065,M0004,2026-09-26 23:22:00,72,Tablet
W003028,U0001,M0088,2026-07-18 04:43:00,110,Web
W003029,U0127,M0001,2026-09-24 01:59:00,132,Web
W003030,U0131,M0008,2026-07-19 03:08:00,135,Web
W003031,U0014,M0006,2026-08-27 04:07:00,95,Tablet
W003032,U0112,M0003,2026-07-29 12:04:00,94,Mobile
W003033,U0036,M0028,2026-07-12 04:30:00,81,Mobile
W003034,U0011,M0074,2026-07-26 05:53:00,133,Mobile
W003035,U0141,M0073,2026-07-12 14:21:00,146,Tablet
W003036,U0053,M0071,2026-09-20 03:05:00,97,Mobile
W003037,U0003,M0041,2026-07-31 17:30:00,153,Web
W003038,U0111,M0064,2026-07-21 23:30:00,84,TV
W003039,U0159,M0072,2026-09-23 10:55:00,86,TV
W003040,U0006,M0003,2026-09-08 09:22:00,86,TV
W003041,U0044,M0008,2026-07-19 11:46:00,133,TV
W003042,U0024,M0079,2026-09-12 16:29:00,95,Tablet
W003043,U0032,M0073,2026-07-23 09:49:00,145,Tablet
W003044,U0157,M0025,2026-09-20 04:21:00,69,TV
W003045,U0057,M0079,2026-07-10 18:35:00,123,Tablet
W003046,U0149,M0002,2026-08-10 14:39:00,105,TV
W003047,U0060,M0032,2026-09-16 02:54:00,90,Tablet
W003048,U0039,M0001,2026-09-16 10:08:00,123,Tablet
W003049,U0006,M0080,2026-07-19 16:06:00,110,Web
W003050,U0083,M0087,2026-08-15 10:09:00,79,Tablet
W003051,U0114,M0046,2026-08-03 22:44:00,107,Tablet
W003052,U0044,M0006,2026-07-19 20:29:00,79,TV
W003053,U0081,M0004,2026-08-06 20:57:00,84,TV
W003054,U0098,M0004,2026-09-26 10:34:00,114,Mobile
W003055,U0176,M0065,2026-08-28 18:03:00,99,Mobile
W003056,U0100,M0012,2026-08-02 17:23:00,53,Tablet
W003057,U0006,M0008,2026-08-09 17:05:00,130,Mobile
W003058,U0112,M0071,2026-08-01 16:43:00,99,TV
W003059,U0069,M0004,2026-09-21 23:25:00,109,TV
W003060,U0057,M0036,2026-09-15 23:54:00,106,Mobile
W003061,U0098,M0010,2026-07-05 08:48:00,136,TV
W003062,U0024,M0015,2026-07-23 18:59:00,84,Mobile
W003063,U0135,M0071,2026-08-11 05:48:00,143,Tablet
W003064,U0072,M0031,2026-07-21 20:27:00,126,Tablet
W003065,U0080,M0026,2026-08-17 09:04:00,112,Mobile
W003066,U0147,M0026,2026-07-27 05:40:00,102,Tablet
W003067,U0109,M0026,2026-07-22 12:05:00,112,Mobile
W003068,U0018,M0031,2026-07-25 11:44:00,123,TV
W003069,U0137,M0089,2026-09-09 21:52:00,109,TV
W003070,U0040,M0036,2026-07-23 08:37:00,113,Mobile
W003071,U0084,M0023,2026-09-08 18:06:00,104,Mobile
W003072,U0101,M0005,2026-07-16 04:49:00,112,Mobile
W003073,U0121,M0020,2026-09-16 01:17:00,149,Web
W003074,U0147,M0078,2026-08-12 02:08:00,91,TV
W003075,U0117,M0025,2026-09-03 15:28:00,90,Mobile
W003076,U0018,M0010,2026-07-13 08:53:00,144,Mobile
W003077,U0074,M0004,2026-08-18 03:23:00,97,Tablet
W003078,U0141,M0006,2026-09-19 21:35:00,48,Tablet
W003079,U0166,M0010,2026-09-10 13:53:00,113,Tablet
W003080,U0193,M0069,2026-08-17 15:32:00,47,Tablet
W003081,U0043,M0012,2026-07-12 11:46:00,75,Web
W003082,U0077,M0057,2026-08-25 00:19:00,77,Tablet
W003083,U0098,M0004,2026-07-28 06:18:00,77,TV
W003084,U0193,M0069,2026-07-20 14:55:00,75,Tablet
W003085,U0199,M0016,2026-08-10 22:54:00,153,TV
W003086,U0167,M0095,2026-08-06 01:51:00,100,TV
W003087,U0037,M0072,2026-09-20 23:10:00,122,Tablet
W003088,U0103,M0002,2026-09-03 21:19:00,123,Tablet
W003089,U0096,M0045,2026-08-12 04:05:00,100,TV
W003090,U0038,M0032,2026-07-27 21:21:00,90,Web
W003091,U0014,M0003,2026-08-12 08:00:00,125,Tablet
W003092,U0020,M0091,2026-08-02 07:00:00,107,Tablet
W003093,U0011,M0009,2026-07-07 04:00:00,74,TV
W003094,U0003,M0097,2026-07-14 06:48:00,92,Web
W003095,U0016,M0005,2026-08-16 09:02:00,91,Mobile
W003096,U0115,M0011,2026-07-31 09:43:00,111,Tablet
W003097,U0089,M0003,2026-07-26 22:25:00,75,Mobile
W003098,U0113,M0001,2026-08-09 10:47:00,133,Mobile
W003099,U0171,M0011,2026-07-07 02:59:00,100,Tablet
W003100,U0085,M0001,2026-09-05 13:52:00,109,Web
W003101,U0037,M0013,2026-09-08 08:51:00,98,Tablet
W003102,U0071,M0006,2026-07-21 01:06:00,70,Mobile
W003103,U0012,M0096,2026-07-02 02:27:00,149,TV
W003104,U0107,M0013,2026-08-08 20:36:00,87,Web
W003105,U0054,M0003,2026-07-07 00:40:00,100,Tablet
W003106,U0017,M0053,2026-08-12 15:01:00,92,TV
W003107,U0173,M0009,2026-07-11 09:33:00,98,Web
W003108,U0158,M0002,2026-09-16 10:09:00,114,Tablet
W003109,U0067,M0005,2026-08-27 11:35:00,76,Web
W003110,U0153,M0061,2026-07-21 14:08:00,87,Mobile
W003111,U0112,M0004,2026-07-25 18:36:00,78,Tablet
W003112,U0186,M0007,2026-07-05 16:02:00,112,Web
W003113,U0066,M0019,2026-09-14 00:12:00,139,TV
W003114,U0064,M0001,2026-09-21 09:23:00,119,TV
W003115,U0026,M0010,2026-08-03 00:58:00,120,Web
W003116,U0077,M0017,2026-07-23 01:44:00,99,TV
W003117,U0160,M0010,2026-09-25 08:00:00,141,Web
W003118,U0015,M0004,2026-08-06 22:45:00,86,Tablet
W003119,U0040,M0005,2026-08-13 01:39:00,103,Web
W003120,U0031,M0098,2026-07-22 10:51:00,114,Tablet
W003121,U0126,M0007,2026-08-23 13:25:00,97,TV
W003122,U0074,M0065,2026-08-25 13:48:00,124,TV
W003123,U0087,M0017,2026-08-24 10:18:00,81,Mobile
W003124,U0026,M0027,2026-07-08 11:48:00,88,Mobile
W003125,U0039,M0012,2026-08-14 20:12:00,92,TV
W003126,U0014,M0011,2026-08-12 21:22:00,64,TV
W003127,U0009,M0004,2026-07-27 12:37:00,106,Web
W003128,U0171,M0043,2026-07-04 16:19:00,76,TV
W003129,U0080,M0010,2026-07-10 02:23:00,158,Mobile
W003130,U0158,M0003,2026-09-13 18:26:00,103,TV
W003131,U0044,M0012,2026-09-14 00:28:00,80,Web
W003132,U0158,M0083,2026-09-14 17:05:00,102,Web
W003133,U0036,M0059,2026-08-12 01:59:00,67,Mobile
W003134,U0128,M0050,2026-09-01 17:12:00,123,Web
W003135,U0009,M0001,2026-09-16 13:33:00,103,Tablet
W003136,U0116,M0007,2026-09-25 15:01:00,102,Web
W003137,U0076,M0010,2026-08-08 01:04:00,140,Web
W003138,U0171,M0003,2026-07-20 03:56:00,85,TV
W003139,U0119,M0017,2026-09-03 00:14:00,93,Mobile
W003140,U0038,M0064,2026-08-10 20:40:00,94,TV
W003141,U0039,M0014,2026-07-26 17:04:00,101,TV
W003142,U0184,M0003,2026-08-09 15:00:00,70,Tablet
W003143,U0032,M0090,2026-09-24 07:51:00,103,Mobile
W003144,U0094,M0021,2026-08-05 13:42:00,35,TV
W003145,U0089,M0057,2026-07-05 10:51:00,114,Web
W003146,U0100,M0031,2026-09-12 22:58:00,125,Tablet
W003147,U0119,M0008,2026-09-10 08:04:00,132,TV
W003148,U0084,M0004,2026-08-29 22:18:00,73,Web
W003149,U0193,M0035,2026-07-01 16:15:00,146,Web
W003150,U0107,M0067,2026-08-14 07:38:00,97,Web
W003151,U0038,M0080,2026-09-19 11:36:00,108,Tablet
W003152,U0072,M0039,2026-09-04 14:34:00,139,TV
W003153,U0107,M0051,2026-09-09 03:58:00,148,Web
W003154,U0158,M0002,2026-07-31 16:34:00,105,Mobile
W003155,U0027,M0011,2026-09-09 05:30:00,99,TV
W003156,U0038,M0011,2026-08-31 22:15:00,70,Web
W003157,U0136,M0005,2026-09-19 23:19:00,63,TV
W003158,U0112,M0069,2026-08-11 09:51:00,60,Web
W003159,U0138,M0009,2026-07-05 01:14:00,80,Mobile
W003160,U0122,M0006,2026-09-23 13:32:00,77,Tablet
W003161,U0156,M0059,2026-09-23 00:31:00,69,Tablet
W003162,U0068,M0094,2026-09-20 03:32:00,146,Mobile
W003163,U0059,M0066,2026-08-05 22:28:00,119,Mobile
W003164,U0057,M0006,2026-07-22 18:03:00,95,Tablet
W003165,U0001,M0001,2026-07-05 08:20:00,140,Web
W003166,U0138,M0001,2026-07-02 11:42:00,100,Web
W003167,U0197,M0001,2026-08-15 04:55:00,121,Web
W003168,U0200,M0096,2026-09-16 20:17:00,137,TV
W003169,U0100,M0004,2026-07-17 03:10:00,77,Tablet
W003170,U0021,M0004,2026-08-28 21:03:00,85,TV
W003171,U0123,M0088,2026-07-10 01:16:00,114,Web
W003172,U0044,M0085,2026-08-31 03:35:00,159,Web
W003173,U0107,M0018,2026-09-21 11:05:00,41,Web
W003174,U0025,M0083,2026-07-29 04:05:00,115,Mobile
W003175,U0020,M0020,2026-09-18 11:34:00,156,TV
W003176,U0017,M0079,2026-09-26 20:23:00,124,TV
W003177,U0030,M0012,2026-07-31 17:20:00,92,Tablet
W003178,U0131,M0003,2026-08-13 19:17:00,118,Web
W003179,U0022,M0011,2026-09-10 19:35:00,99,TV
W003180,U0140,M0069,2026-09-05 00:28:00,70,Mobile
W003181,U0159,M0044,2026-07-06 18:34:00,88,TV
W003182,U0123,M0008,2026-07-03 17:04:00,150,Web
W003183,U0100,M0009,2026-07-10 10:15:00,92,Tablet
W003184,U0055,M0026,2026-07-18 07:22:00,58,Tablet
W003185,U0199,M0085,2026-09-27 20:24:00,150,Tablet
W003186,U0143,M0010,2026-08-05 06:00:00,135,Web
W003187,U0165,M0005,2026-07-19 02:58:00,91,TV
W003188,U0001,M0010,2026-07-02 13:24:00,132,Web
W003189,U0167,M0002,2026-08-07 19:44:00,104,Web
W003190,U0119,M0062,2026-07-13 04:54:00,106,Mobile
W003191,U0153,M0059,2026-08-23 23:10:00,92,Web
W003192,U0031,M0037,2026-09-10 13:21:00,107,Web
W003193,U0063,M0095,2026-08-18 21:16:00,131,Mobile
W003194,U0015,M0094,2026-08-30 12:19:00,110,TV
W003195,U0179,M0068,2026-09-13 05:54:00,114,Web
W003196,U0106,M0024,2026-09-27 18:12:00,113,Web
W003197,U0020,M0012,2026-07-29 01:40:00,70,Mobile
W003198,U0073,M0008,2026-07-17 19:38:00,118,Mobile
W003199,U0036,M0099,2026-08-02 23:57:00,116,Web
W003200,U0082,M0090,2026-07-17 14:56:00,144,TV
W003201,U0150,M0040,2026-07-22 01:45:00,152,Mobile
W003202,U0183,M0093,2026-09-21 11:53:00,85,Web
W003203,U0026,M0006,2026-09-07 11:25:00,88,Tablet
W003204,U0024,M0011,2026-07-25 11:44:00,83,Mobile
W003205,U0036,M0075,2026-07-09 14:02:00,112,Mobile
W003206,U0123,M0080,2026-08-12 17:02:00,87,Web
W003207,U0104,M0055,2026-07-25 01:20:00,139,TV
W003208,U0021,M0007,2026-07-16 07:49:00,120,TV
W003209,U0167,M0046,2026-08-27 10:05:00,110,TV
W003210,U0044,M0012,2026-07-22 17:12:00,52,Tablet
W003211,U0002,M0075,2026-08-22 11:48:00,98,TV
W003212,U0127,M0062,2026-07-06 09:41:00,78,Tablet
W003213,U0055,M0003,2026-07-18 12:27:00,104,TV
W003214,U0104,M0003,2026-09-21 21:33:00,84,Web
W003215,U0069,M0068,2026-08-26 02:30:00,128,Tablet
W003216,U0066,M0006,2026-07-01 03:10:00,66,Mobile
W003217,U0104,M0038,2026-09-06 23:22:00,92,TV
W003218,U0165,M0002,2026-09-27 00:49:00,113,TV
W003219,U0034,M0069,2026-07-22 00:18:00,83,Mobile
W003220,U0176,M0007,2026-07-13 02:27:00,93,TV
W003221,U0071,M0079,2026-08-22 07:10:00,109,Mobile
W003222,U0179,M0058,2026-08-07 14:59:00,69,Mobile
W003223,U0088,M0046,2026-08-10 16:38:00,120,Mobile
W003224,U0095,M0007,2026-09-27 22:50:00,116,Tablet
W003225,U0097,M0076,2026-08-10 08:38:00,101,TV
W003226,U0053,M0004,2026-08-02 03:31:00,58,TV
W003227,U0171,M0060,2026-08-14 14:13:00,107,Mobile
W003228,U0065,M0015,2026-08-09 10:32:00,93,Tablet
W003229,U0041,M0063,2026-09-10 02:58:00,136,Tablet
W003230,U0135,M0089,2026-07-19 13:17:00,134,Tablet
W003231,U0029,M0088,2026-07-13 19:21:00,92,Mobile
W003232,U0122,M0077,2026-08-23 09:11:00,136,Tablet
W003233,U0090,M0091,2026-08-28 15:23:00,129,Web
W003234,U0123,M0004,2026-07-25 13:02:00,100,TV
W003235,U0123,M0053,2026-08-09 21:06:00,90,TV
W003236,U0166,M0005,2026-08-05 00:07:00,85,TV
W003237,U0142,M0015,2026-07-10 23:54:00,90,Web
W003238,U0177,M0089,2026-07-25 17:46:00,156,Web
W003239,U0192,M0011,2026-07-02 20:20:00,115,Mobile
W003240,U0062,M0085,2026-07-23 22:43:00,155,TV
W003241,U0194,M0034,2026-08-27 02:50:00,100,TV
W003242,U0006,M0008,2026-09-08 22:47:00,136,Tablet
W003243,U0146,M0010,2026-07-01 03:11:00,124,Web
W003244,U0185,M0005,2026-07-23 20:41:00,88,Web
W003245,U0151,M0038,2026-08-27 05:44:00,64,Web
W003246,U0025,M0006,2026-08-12 22:46:00,94,TV
W003247,U0063,M0002,2026-07-05 04:03:00,115,TV
W003248,U0137,M0006,2026-08-14 21:18:00,60,TV
W003249,U0111,M0072,2026-09-01 18:44:00,139,TV
W003250,U0060,M0003,2026-09-17 21:00:00,108,Mobile
W003251,U0053,M0008,2026-08-07 12:48:00,107,Mobile
W003252,U0175,M0001,2026-09-04 09:26:00,102,TV
W003253,U0057,M0045,2026-07-20 21:15:00,74,Mobile
W003254,U0151,M0009,2026-07-11 22:45:00,84,Web
W003255,U0165,M0011,2026-09-20 07:00:00,93,TV
W003256,U0157,M0001,2026-07-09 12:16:00,125,Web
W003257,U0154,M0059,2026-07-05 00:29:00,64,TV
W003258,U0169,M0032,2026-09-23 07:22:00,72,Tablet
W003259,U0056,M0010,2026-09-19 18:42:00,131,TV
W003260,U0148,M0078,2026-07-01 00:12:00,77,Tablet
W003261,U0179,M0002,2026-09-24 01:47:00,92,TV
W003262,U0007,M0081,2026-09-28 06:22:00,144,Mobile
W003263,U0171,M0076,2026-07-18 12:37:00,125,Mobile
W003264,U0188,M0027,2026-07-18 19:51:00,82,TV
W003265,U0051,M0008,2026-07-27 20:26:00,110,TV
W003266,U0159,M0004,2026-07-03 20:47:00,95,Mobile
W003267,U0186,M0040,2026-08-03 08:56:00,112,Web
W003268,U0176,M0002,2026-07-15 00:15:00,77,Mobile
W003269,U0041,M0011,2026-08-04 09:56:00,107,TV
W003270,U0176,M0008,2026-07-10 21:04:00,137,Mobile
W003271,U0196,M0016,2026-07-20 06:39:00,149,Tablet
W003272,U0059,M0021,2026-07-25 05:23:00,80,Web
W003273,U0116,M0016,2026-09-14 10:29:00,154,TV
W003274,U0115,M0010,2026-07-16 16:02:00,135,Tablet
W003275,U0072,M0097,2026-07-24 16:28:00,50,Mobile
W003276,U0051,M0012,2026-07-27 21:36:00,46,Tablet
W003277,U0198,M0002,2026-09-23 09:36:00,124,TV
W003278,U0014,M0053,2026-09-06 02:00:00,100,Mobile
W003279,U0144,M0009,2026-08-05 22:01:00,101,TV
W003280,U0014,M0028,2026-08-19 01:31:00,89,TV
W003281,U0033,M0064,2026-09-21 15:33:00,114,Mobile
W003282,U0062,M0056,2026-07-31 20:48:00,137,Mobile
W003283,U0067,M0069,2026-07-31 05:25:00,32,Mobile
W003284,U0110,M0008,2026-09-16 09:23:00,126,TV
W003285,U0036,M0048,2026-09-02 14:29:00,77,Tablet
W003286,U0019,M0009,2026-09-04 14:52:00,64,Mobile
W003287,U0189,M0005,2026-08-11 22:50:00,94,Web
W003288,U0008,M0039,2026-09-08 16:12:00,135,Mobile
W003289,U0200,M0016,2026-09-09 13:40:00,130,Mobile
W003290,U0022,M0006,2026-07-16 00:16:00,70,Mobile
W003291,U0022,M0038,2026-08-13 18:16:00,100,Web
W003292,U0015,M0016,2026-09-04 11:10:00,130,TV
W003293,U0091,M0001,2026-08-04 12:02:00,94,Web
W003294,U0193,M0090,2026-07-24 17:44:00,84,TV
W003295,U0022,M0016,2026-08-24 15:28:00,121,Web
W003296,U0126,M0031,2026-07-14 16:56:00,99,TV
W003297,U0196,M0083,2026-08-15 15:21:00,99,Tablet
W003298,U0121,M0071,2026-08-16 03:52:00,134,Tablet
W003299,U0120,M0013,2026-07-05 00:26:00,90,Web
W003300,U0063,M0005,2026-08-01 10:25:00,86,Web
W003301,U0023,M0009,2026-09-04 21:22:00,59,Tablet
W003302,U0097,M0083,2026-07-22 11:07:00,100,Tablet
W003303,U0039,M0078,2026-08-16 13:47:00,73,Mobile
W003304,U0094,M0099,2026-09-13 18:45:00,106,TV
W003305,U0148,M0004,2026-09-05 09:50:00,114,Tablet
W003306,U0014,M0008,2026-07-19 22:12:00,143,TV
W003307,U0106,M0004,2026-08-26 06:14:00,48,TV
W003308,U0033,M0077,2026-07-06 12:37:00,161,Web
W003309,U0013,M0082,2026-09-17 18:10:00,51,Mobile
W003310,U0143,M0020,2026-07-24 19:29:00,147,Web
W003311,U0165,M0031,2026-08-19 19:58:00,138,TV
W003312,U0133,M0040,2026-08-04 09:56:00,131,TV
W003313,U0136,M0069,2026-08-06 09:10:00,63,Mobile
W003314,U0037,M0009,2026-08-26 08:23:00,91,Web
W003315,U0186,M0023,2026-08-17 11:43:00,85,Web
W003316,U0105,M0088,2026-07-15 10:27:00,82,Mobile
W003317,U0063,M0002,2026-09-07 20:33:00,100,Tablet
W003318,U0055,M0048,2026-07-29 04:17:00,74,Web
W003319,U0022,M0005,2026-09-18 12:04:00,104,Tablet
W003320,U0041,M0010,2026-09-25 02:52:00,140,Web
W003321,U0194,M0089,2026-09-17 20:24:00,146,TV
W003322,U0185,M0012,2026-07-31 22:35:00,63,TV
W003323,U0076,M0039,2026-09-26 07:26:00,142,Mobile
W003324,U0121,M0010,2026-07-29 00:14:00,113,Tablet
W003325,U0072,M0084,2026-08-16 16:37:00,61,Mobile
W003326,U0198,M0051,2026-09-05 12:24:00,116,Mobile
W003327,U0095,M0064,2026-08-20 14:47:00,81,Web
W003328,U0085,M0004,2026-08-12 09:17:00,68,Mobile
W003329,U0173,M0003,2026-07-04 10:00:00,91,Web
W003330,U0062,M0045,2026-09-22 10:05:00,100,TV
W003331,U0054,M0005,2026-07-18 16:31:00,93,Web
W003332,U0182,M0003,2026-08-05 22:16:00,85,TV
W003333,U0037,M0040,2026-07-09 04:44:00,158,Tablet
W003334,U0185,M0090,2026-08-19 13:12:00,126,Mobile
W003335,U0156,M0042,2026-07-22 22:40:00,66,TV
W003336,U0127,M0051,2026-07-13 06:16:00,117,Tablet
W003337,U0165,M0006,2026-07-21 13:05:00,91,Mobile
W003338,U0186,M0004,2026-09-26 00:52:00,93,Mobile
W003339,U0193,M0011,2026-09-08 00:44:00,115,Mobile
W003340,U0119,M0001,2026-09-09 21:33:00,95,Mobile
W003341,U0003,M0030,2026-07-19 23:55:00,99,Mobile
W003342,U0151,M0017,2026-07-31 10:55:00,33,Tablet
W003343,U0029,M0006,2026-09-15 05:45:00,40,TV
W003344,U0177,M0005,2026-07-31 09:18:00,63,Tablet
W003345,U0164,M0011,2026-07-25 00:28:00,85,Mobile
W003346,U0186,M0012,2026-09-22 10:30:00,38,Mobile
W003347,U0159,M0045,2026-08-05 15:48:00,56,TV
W003348,U0015,M0032,2026-07-29 07:53:00,90,Mobile
W003349,U0032,M0082,2026-07-10 21:47:00,65,Tablet
W003350,U0136,M0001,2026-08-01 05:11:00,106,Mobile
W003351,U0151,M0007,2026-09-07 20:38:00,105,TV
W003352,U0056,M0010,2026-07-14 11:03:00,135,Mobile
W003353,U0062,M0012,2026-07-26 00:47:00,62,Mobile
W003354,U0066,M0043,2026-09-02 07:09:00,94,Web
W003355,U0034,M0001,2026-09-24 14:55:00,108,Mobile
W003356,U0200,M0001,2026-07-22 15:09:00,75,Tablet
W003357,U0102,M0007,2026-08-09 15:04:00,120,Mobile
W003358,U0030,M0006,2026-08-08 19:44:00,67,Mobile
W003359,U0011,M0034,2026-09-18 15:05:00,144,TV
W003360,U0093,M0004,2026-08-06 05:04:00,87,Mobile
W003361,U0196,M0003,2026-08-05 03:51:00,108,Web
W003362,U0191,M0044,2026-07-10 02:20:00,95,TV
W003363,U0197,M0047,2026-07-24 02:55:00,144,Tablet
W003364,U0131,M0034,2026-08-09 16:58:00,112,Mobile
W003365,U0125,M0012,2026-08-08 15:16:00,73,TV
W003366,U0160,M0043,2026-09-28 13:24:00,52,Web
W003367,U0075,M0070,2026-07-11 13:01:00,86,Mobile
W003368,U0136,M0010,2026-09-10 00:28:00,173,TV
W003369,U0088,M0093,2026-07-22 14:39:00,54,TV
W003370,U0105,M0084,2026-07-20 07:02:00,94,TV
W003371,U0166,M0008,2026-08-25 22:24:00,135,Web
W003372,U0116,M0075,2026-08-25 03:07:00,83,Mobile
W003373,U0130,M0005,2026-08-21 09:05:00,81,Web
W003374,U0074,M0034,2026-09-24 02:27:00,119,Mobile
W003375,U0183,M0012,2026-07-24 05:35:00,62,Tablet
W003376,U0197,M0004,2026-09-18 03:37:00,83,Web
W003377,U0142,M0002,2026-07-09 03:51:00,116,Web
W003378,U0149,M0001,2026-08-27 23:03:00,99,TV
W003379,U0038,M0010,2026-08-21 11:00:00,138,Web
W003380,U0146,M0035,2026-09-25 18:29:00,141,TV
W003381,U0049,M0025,2026-07-17 20:02:00,97,TV
W003382,U0076,M0013,2026-09-09 15:47:00,63,Tablet
W003383,U0104,M0039,2026-08-07 02:53:00,120,Tablet
W003384,U0040,M0008,2026-08-28 06:37:00,133,Mobile
W003385,U0118,M0006,2026-09-27 12:06:00,94,TV
W003386,U0192,M0051,2026-07-29 04:07:00,115,TV
W003387,U0134,M0048,2026-07-30 15:40:00,79,Web
W003388,U0167,M0065,2026-09-20 18:51:00,84,TV
W003389,U0169,M0072,2026-09-15 02:12:00,125,Mobile
W003390,U0089,M0008,2026-09-19 18:17:00,123,Mobile
W003391,U0037,M0003,2026-08-01 01:40:00,125,TV
W003392,U0104,M0012,2026-08-19 13:28:00,77,TV
W003393,U0112,M0077,2026-07-09 12:14:00,129,Tablet
W003394,U0089,M0008,2026-08-27 09:01:00,119,Mobile
W003395,U0056,M0057,2026-08-21 03:15:00,70,TV
W003396,U0197,M0033,2026-09-12 11:25:00,76,Web
W003397,U0147,M0008,2026-09-28 05:52:00,144,TV
W003398,U0199,M0077,2026-08-06 06:54:00,121,TV
W003399,U0062,M0100,2026-09-16 08:20:00,106,Mobile
W003400,U0008,M0025,2026-08-13 13:07:00,78,TV
W003401,U0001,M0032,2026-08-30 18:38:00,81,Tablet
W003402,U0100,M0051,2026-07-06 00:28:00,116,Mobile
W003403,U0196,M0010,2026-08-15 20:47:00,137,TV
W003404,U0157,M0012,2026-09-13 23:05:00,78,Mobile
W003405,U0013,M0058,2026-08-04 03:37:00,45,Web
W003406,U0021,M0086,2026-08-27 07:57:00,103,Mobile
W003407,U0189,M0005,2026-07-05 22:40:00,57,TV
W003408,U0150,M0007,2026-08-28 10:37:00,102,Tablet
W003409,U0161,M0014,2026-07-05 13:52:00,96,Web
W003410,U0070,M0070,2026-09-20 12:43:00,72,Tablet
W003411,U0113,M0002,2026-08-24 12:10:00,102,Tablet
W003412,U0036,M0006,2026-09-08 10:43:00,84,Tablet
W003413,U0172,M0002,2026-08-24 06:39:00,106,Mobile
W003414,U0191,M0003,2026-09-04 23:45:00,100,Tablet
W003415,U0099,M0007,2026-09-28 09:10:00,108,Mobile
W003416,U0197,M0070,2026-07-03 01:39:00,108,Tablet
W003417,U0135,M0075,2026-07-07 02:42:00,101,Tablet
W003418,U0060,M0080,2026-09-24 07:26:00,92,TV
W003419,U0081,M0007,2026-09-04 01:45:00,104,Tablet
W003420,U0028,M0008,2026-08-19 13:53:00,131,Mobile
W003421,U0119,M0046,2026-07-19 15:38:00,125,TV
W003422,U0174,M0038,2026-07-08 03:41:00,61,TV
W003423,U0001,M0011,2026-07-11 06:01:00,93,Web
W003424,U0034,M0008,2026-08-15 02:58:00,154,Web
W003425,U0097,M0083,2026-07-18 07:54:00,104,Web
W003426,U0079,M0071,2026-08-23 22:27:00,144,Mobile
W003427,U0186,M0022,2026-09-17 16:39:00,114,Tablet
W003428,U0076,M0088,2026-09-27 13:43:00,91,Mobile
W003429,U0111,M0082,2026-07-26 22:04:00,91,TV
W003430,U0175,M0064,2026-09-14 17:31:00,88,Mobile
W003431,U0102,M0004,2026-08-18 14:56:00,96,Tablet
W003432,U0190,M0007,2026-08-30 17:41:00,99,TV
W003433,U0048,M0023,2026-07-02 06:36:00,122,Tablet
W003434,U0151,M0029,2026-07-10 07:33:00,47,TV
W003435,U0067,M0002,2026-07-16 14:54:00,89,Tablet
W003436,U0188,M0012,2026-07-22 06:53:00,64,Tablet
W003437,U0060,M0065,2026-09-18 19:03:00,122,Web
W003438,U0105,M0012,2026-07-31 19:24:00,86,TV
W003439,U0147,M0006,2026-09-26 08:38:00,72,Tablet
W003440,U0104,M0001,2026-08-11 06:50:00,88,Tablet
W003441,U0180,M0064,2026-08-06 15:37:00,102,Tablet
W003442,U0133,M0016,2026-09-17 06:55:00,116,Mobile
W003443,U0094,M0014,2026-08-04 05:38:00,90,TV
W003444,U0047,M0050,2026-08-27 06:27:00,130,Web
W003445,U0084,M0017,2026-07-08 20:16:00,115,Web
W003446,U0004,M0007,2026-08-19 01:37:00,92,Tablet
W003447,U0027,M0071,2026-08-06 20:35:00,111,TV
W003448,U0019,M0012,2026-07-30 19:11:00,59,Tablet
W003449,U0117,M0058,2026-08-20 17:56:00,43,Web
W003450,U0061,M0008,2026-08-26 17:55:00,119,Web
W003451,U0140,M0069,2026-09-25 18:03:00,83,Mobile
W003452,U0085,M0034,2026-09-25 14:21:00,154,TV
W003453,U0170,M0009,2026-09-27 17:56:00,75,Web
W003454,U0130,M0090,2026-08-29 00:23:00,85,TV
W003455,U0077,M0008,2026-09-16 00:24:00,134,Mobile
W003456,U0166,M0061,2026-07-26 19:27:00,84,Web
W003457,U0116,M0011,2026-08-11 16:15:00,115,Mobile
W003458,U0178,M0006,2026-07-09 08:14:00,67,Web
W003459,U0046,M0061,2026-09-20 11:35:00,87,Tablet
W003460,U0051,M0036,2026-07-03 09:16:00,101,Tablet
W003461,U0071,M0011,2026-09-10 00:28:00,111,Tablet
W003462,U0127,M0009,2026-08-04 23:53:00,92,TV
W003463,U0160,M0011,2026-08-16 00:56:00,54,TV
W003464,U0082,M0036,2026-08-14 22:57:00,107,Mobile
W003465,U0165,M0003,2026-09-01 00:53:00,79,TV
W003466,U0175,M0057,2026-08-03 13:23:00,86,Mobile
W003467,U0179,M0073,2026-09-19 08:59:00,175,Web
W003468,U0194,M0004,2026-08-04 16:10:00,96,Web
W003469,U0176,M0002,2026-08-21 19:25:00,130,TV
W003470,U0072,M0026,2026-09-09 20:23:00,93,Web
W003471,U0096,M0078,2026-07-23 20:46:00,79,Tablet
W003472,U0152,M0006,2026-07-18 20:24:00,94,TV
W003473,U0091,M0091,2026-07-17 21:38:00,111,TV
W003474,U0175,M0073,2026-09-10 20:45:00,118,Tablet
W003475,U0057,M0035,2026-08-19 17:09:00,179,Mobile
W003476,U0088,M0012,2026-07-15 23:11:00,61,Web
W003477,U0021,M0003,2026-07-17 23:38:00,81,Tablet
W003478,U0046,M0004,2026-08-05 09:57:00,85,TV
W003479,U0148,M0023,2026-08-06 17:47:00,121,TV
W003480,U0088,M0006,2026-07-10 07:18:00,69,TV
W003481,U0130,M0055,2026-08-20 23:11:00,111,Mobile
W003482,U0166,M0007,2026-08-17 05:37:00,76,Web
W003483,U0099,M0007,2026-07-02 10:08:00,70,Web
W003484,U0067,M0050,2026-07-01 16:36:00,113,TV
W003485,U0079,M0076,2026-09-18 21:28:00,110,Mobile
W003486,U0029,M0003,2026-08-24 12:32:00,78,Tablet
W003487,U0043,M0006,2026-07-19 03:02:00,46,TV
W003488,U0069,M0061,2026-07-08 19:53:00,102,Web
W003489,U0054,M0001,2026-07-28 23:55:00,121,Mobile
W003490,U0084,M0003,2026-07-19 09:55:00,105,Mobile
W003491,U0056,M0024,2026-08-03 07:46:00,96,Tablet
W003492,U0122,M0013,2026-07-22 16:14:00,82,Tablet
W003493,U0115,M0003,2026-07-05 04:02:00,122,TV
W003494,U0179,M0026,2026-07-26 19:16:00,89,Mobile
W003495,U0010,M0005,2026-07-17 03:22:00,63,Mobile
W003496,U0179,M0006,2026-08-21 02:35:00,80,Mobile
W003497,U0155,M0008,2026-09-07 23:21:00,122,TV
W003498,U0061,M0002,2026-08-06 14:36:00,106,TV
W003499,U0036,M0005,2026-08-20 17:40:00,99,Tablet
W003500,U0107,M0027,2026-09-25 23:25:00,42,Web
W003501,U0198,M0011,2026-08-07 19:42:00,94,Tablet
W003502,U0072,M0088,2026-09-17 12:21:00,75,TV
W003503,U0036,M0004,2026-09-03 06:30:00,80,Web
W003504,U0139,M0002,2026-09-05 17:01:00,118,Tablet
W003505,U0094,M0003,2026-09-10 16:33:00,91,TV
W003506,U0129,M0001,2026-07-28 17:16:00,85,Mobile
W003507,U0022,M0012,2026-09-28 16:36:00,66,Mobile
W003508,U0011,M0066,2026-07-15 04:39:00,130,Web
W003509,U0096,M0058,2026-08-23 08:51:00,61,TV
W003510,U0034,M0093,2026-09-11 18:07:00,70,Web
W003511,U0082,M0074,2026-07-19 23:08:00,125,Mobile
W003512,U0134,M0040,2026-08-27 15:43:00,138,Tablet
W003513,U0143,M0029,2026-09-01 01:50:00,81,Tablet
W003514,U0099,M0008,2026-07-14 02:43:00,145,Tablet
W003515,U0177,M0049,2026-08-08 12:12:00,60,Tablet
W003516,U0185,M0085,2026-08-28 12:58:00,146,Tablet
W003517,U0039,M0030,2026-07-12 19:24:00,62,TV
W003518,U0095,M0088,2026-07-20 00:53:00,110,Mobile
W003519,U0135,M0052,2026-09-12 07:23:00,80,Mobile
W003520,U0189,M0009,2026-07-18 07:59:00,55,Mobile
W003521,U0033,M0043,2026-08-25 05:05:00,99,Mobile
W003522,U0161,M0097,2026-08-26 19:17:00,106,Mobile
W003523,U0016,M0010,2026-09-06 04:49:00,143,TV
W003524,U0107,M0070,2026-08-14 13:24:00,85,TV
W003525,U0053,M0006,2026-08-01 09:40:00,84,Tablet
W003526,U0104,M0071,2026-08-30 13:03:00,139,Tablet
W003527,U0046,M0033,2026-09-20 21:45:00,62,Web
W003528,U0192,M0002,2026-08-21 03:47:00,120,Web
W003529,U0124,M0010,2026-08-04 11:44:00,148,Mobile
W003530,U0084,M0008,2026-08-26 07:22:00,155,Mobile
W003531,U0131,M0001,2026-08-04 19:23:00,127,Mobile
W003532,U0101,M0011,2026-08-20 00:07:00,76,TV
W003533,U0184,M0006,2026-09-26 09:55:00,88,Mobile
W003534,U0118,M0051,2026-07-19 01:14:00,145,Tablet
W003535,U0184,M0052,2026-09-23 06:25:00,47,TV
W003536,U0008,M0007,2026-07-17 13:07:00,84,TV
W003537,U0040,M0050,2026-09-06 10:43:00,123,Mobile
W003538,U0188,M0006,2026-09-11 18:19:00,79,Web
W003539,U0169,M0024,2026-08-28 06:52:00,98,TV
W003540,U0061,M0021,2026-07-30 14:11:00,93,Web
W003541,U0180,M0066,2026-09-10 20:21:00,87,TV
W003542,U0082,M0093,2026-07-25 06:47:00,63,Tablet
W003543,U0032,M0002,2026-09-04 23:19:00,86,Tablet
W003544,U0057,M0018,2026-09-12 13:37:00,43,Tablet
W003545,U0075,M0067,2026-09-24 17:36:00,121,Web
W003546,U0148,M0007,2026-08-25 15:12:00,95,Mobile
W003547,U0047,M0004,2026-08-24 22:36:00,105,Tablet
W003548,U0001,M0036,2026-08-21 23:27:00,75,TV
W003549,U0113,M0073,2026-07-15 18:05:00,150,Tablet
W003550,U0195,M0006,2026-09-04 10:09:00,78,Mobile
W003551,U0055,M0008,2026-09-03 10:28:00,149,TV
W003552,U0034,M0017,2026-07-03 13:20:00,79,Mobile
W003553,U0035,M0003,2026-08-06 03:32:00,93,Mobile
W003554,U0141,M0032,2026-07-16 18:30:00,41,Mobile
W003555,U0012,M0076,2026-09-08 06:25:00,96,Tablet
W003556,U0133,M0005,2026-08-01 19:05:00,79,TV
W003557,U0178,M0007,2026-08-30 17:50:00,82,Tablet
W003558,U0016,M0069,2026-07-19 09:15:00,63,Mobile
W003559,U0072,M0090,2026-07-22 12:10:00,136,Web
W003560,U0029,M0004,2026-07-07 01:04:00,76,Web
W003561,U0042,M0048,2026-09-18 08:55:00,85,Mobile
W003562,U0006,M0017,2026-08-28 12:27:00,51,TV
W003563,U0200,M0007,2026-08-30 10:32:00,108,Tablet
W003564,U0071,M0039,2026-07-06 03:50:00,125,TV
W003565,U0002,M0012,2026-08-12 18:56:00,92,Tablet
W003566,U0024,M0087,2026-07-14 05:09:00,107,Tablet
W003567,U0013,M0013,2026-09-05 14:32:00,98,Mobile
W003568,U0176,M0004,2026-08-07 07:54:00,98,Tablet
W003569,U0193,M0012,2026-07-05 20:52:00,92,Mobile
W003570,U0030,M0078,2026-08-04 19:45:00,91,Tablet
W003571,U0027,M0002,2026-09-22 03:06:00,108,Mobile
W003572,U0115,M0010,2026-09-04 19:24:00,144,Web
W003573,U0170,M0012,2026-09-23 20:51:00,72,TV
W003574,U0010,M0086,2026-08-22 01:17:00,138,TV
W003575,U0111,M0011,2026-07-31 16:52:00,90,TV
W003576,U0117,M0090,2026-09-09 16:36:00,115,Mobile
W003577,U0039,M0085,2026-07-17 00:46:00,149,Tablet
W003578,U0161,M0012,2026-09-22 21:59:00,80,Web
W003579,U0003,M0003,2026-09-28 09:10:00,113,Tablet
W003580,U0033,M0069,2026-09-15 10:59:00,82,TV
W003581,U0180,M0004,2026-09-27 01:55:00,78,Mobile
W003582,U0190,M0004,2026-09-12 07:20:00,103,TV
W003583,U0184,M0005,2026-07-12 16:03:00,91,Mobile
W003584,U0199,M0013,2026-07-21 19:57:00,67,Tablet
W003585,U0031,M0013,2026-07-26 01:45:00,106,Web
W003586,U0139,M0004,2026-08-05 06:13:00,114,Web
W003587,U0196,M0002,2026-07-20 07:08:00,112,Mobile
W003588,U0191,M0015,2026-07-03 08:01:00,80,TV
W003589,U0124,M0029,2026-08-08 10:52:00,87,Tablet
W003590,U0060,M0010,2026-07-26 07:08:00,153,Mobile
W003591,U0043,M0062,2026-08-10 07:59:00,99,Tablet
W003592,U0110,M0093,2026-08-07 12:46:00,35,TV
W003593,U0034,M0005,2026-09-17 06:43:00,82,Mobile
W003594,U0088,M0004,2026-07-24 18:17:00,114,TV
W003595,U0176,M0031,2026-07-21 04:36:00,107,Mobile
W003596,U0064,M0035,2026-07-12 08:23:00,105,Mobile
W003597,U0158,M0009,2026-09-21 15:30:00,104,Tablet
W003598,U0095,M0009,2026-09-20 06:52:00,55,Web
W003599,U0160,M0059,2026-08-03 18:13:00,53,Web
W003600,U0096,M0086,2026-08-08 16:47:00,117,TV
W003601,U0064,M0064,2026-08-13 15:38:00,94,Web
W003602,U0119,M0003,2026-07-01 05:58:00,89,Mobile
W003603,U0012,M0056,2026-09-09 00:14:00,149,Mobile
W003604,U0010,M0042,2026-07-03 10:12:00,109,Tablet
W003605,U0142,M0058,2026-07-10 03:16:00,55,Mobile
W003606,U0126,M0023,2026-08-08 13:49:00,113,Mobile
W003607,U0140,M0053,2026-08-17 01:04:00,111,Web
W003608,U0115,M0053,2026-07-14 11:35:00,104,Mobile
W003609,U0185,M0026,2026-09-27 16:10:00,83,Mobile
W003610,U0051,M0080,2026-08-07 04:34:00,100,Tablet
W003611,U0027,M0062,2026-07-05 21:42:00,95,Mobile
W003612,U0013,M0083,2026-08-02 20:52:00,106,Web
W003613,U0126,M0094,2026-07-19 03:48:00,127,TV
W003614,U0007,M0065,2026-08-21 10:32:00,95,Tablet
W003615,U0047,M0002,2026-08-18 09:29:00,121,Tablet
W003616,U0110,M0012,2026-08-24 06:19:00,50,Web
W003617,U0128,M0018,2026-07-19 14:52:00,68,TV
W003618,U0172,M0038,2026-08-25 05:55:00,94,Tablet
W003619,U0041,M0006,2026-09-22 22:04:00,73,Tablet
W003620,U0112,M0017,2026-07-08 04:25:00,109,Web
W003621,U0150,M0072,2026-08-17 18:02:00,119,Tablet
W003622,U0005,M0027,2026-07-06 05:47:00,83,Web
W003623,U0104,M0005,2026-08-08 17:39:00,112,Mobile
W003624,U0194,M0087,2026-09-11 08:55:00,120,Mobile
W003625,U0013,M0004,2026-08-23 13:37:00,68,Web
W003626,U0010,M0084,2026-09-07 04:15:00,92,Web
W003627,U0150,M0061,2026-08-19 12:07:00,108,Web
W003628,U0147,M0010,2026-07-29 16:13:00,113,TV
W003629,U0171,M0059,2026-07-29 19:46:00,79,Mobile
W003630,U0151,M0088,2026-08-28 20:29:00,89,Tablet
W003631,U0102,M0004,2026-08-28 03:39:00,90,Tablet
W003632,U0152,M0005,2026-09-01 08:44:00,93,Mobile
W003633,U0107,M0007,2026-08-24 21:14:00,79,Tablet
W003634,U0098,M0092,2026-07-14 12:16:00,97,TV
W003635,U0125,M0082,2026-09-25 16:52:00,97,Web
W003636,U0064,M0055,2026-09-14 15:09:00,122,TV
W003637,U0196,M0001,2026-08-09 18:24:00,121,Web
W003638,U0150,M0088,2026-08-25 13:45:00,121,Tablet
W003639,U0004,M0068,2026-09-03 18:16:00,128,Tablet
W003640,U0170,M0007,2026-07-03 09:28:00,80,TV
W003641,U0120,M0021,2026-08-16 22:16:00,34,TV
W003642,U0028,M0077,2026-08-07 09:16:00,135,Mobile
W003643,U0041,M0023,2026-08-27 10:03:00,117,Mobile
W003644,U0140,M0053,2026-07-22 09:49:00,64,Web
W003645,U0176,M0010,2026-09-20 23:53:00,141,Tablet
W003646,U0006,M0089,2026-09-23 10:49:00,145,Mobile
W003647,U0019,M0009,2026-09-20 09:19:00,79,TV
W003648,U0195,M0074,2026-08-11 01:51:00,131,Web
W003649,U0134,M0055,2026-08-21 23:33:00,149,Web
W003650,U0113,M0041,2026-08-19 01:40:00,119,TV
W003651,U0016,M0013,2026-07-24 14:53:00,73,Web
W003652,U0122,M0093,2026-09-14 10:33:00,76,TV
W003653,U0049,M0006,2026-08-21 06:49:00,94,Mobile
W003654,U0196,M0035,2026-09-24 00:40:00,151,TV
W003655,U0131,M0012,2026-08-31 09:07:00,77,TV
W003656,U0154,M0004,2026-08-20 22:39:00,75,TV
W003657,U0119,M0005,2026-08-22 15:57:00,112,Tablet
W003658,U0171,M0099,2026-07-25 07:33:00,81,Mobile
W003659,U0151,M0005,2026-07-21 20:59:00,84,Mobile
W003660,U0149,M0009,2026-07-11 05:44:00,67,Web
W003661,U0110,M0085,2026-08-14 23:56:00,158,TV
W003662,U0125,M0081,2026-08-31 08:47:00,113,TV
W003663,U0086,M0010,2026-08-02 05:25:00,168,Tablet
W003664,U0047,M0085,2026-08-28 06:05:00,163,Mobile
W003665,U0155,M0008,2026-09-02 21:33:00,114,Tablet
W003666,U0099,M0068,2026-09-04 13:38:00,96,Web
W003667,U0157,M0012,2026-07-03 07:58:00,69,TV
W003668,U0017,M0008,2026-07-02 01:22:00,157,TV
W003669,U0144,M0009,2026-07-10 07:16:00,73,Web
W003670,U0149,M0065,2026-09-14 03:22:00,113,Tablet
W003671,U0071,M0005,2026-07-01 00:44:00,63,TV
W003672,U0069,M0009,2026-08-18 11:42:00,80,TV
W003673,U0158,M0067,2026-09-19 03:07:00,57,Tablet
W003674,U0123,M0018,2026-09-28 21:16:00,86,Tablet
W003675,U0155,M0085,2026-08-08 16:14:00,171,Mobile
W003676,U0077,M0089,2026-07-20 12:28:00,143,Mobile
W003677,U0151,M0063,2026-08-02 13:30:00,103,TV
W003678,U0053,M0001,2026-07-10 19:50:00,64,TV
W003679,U0055,M0012,2026-09-04 12:14:00,71,TV
W003680,U0064,M0075,2026-09-22 14:10:00,89,Web
W003681,U0083,M0007,2026-08-06 11:08:00,76,Mobile
W003682,U0043,M0001,2026-09-21 12:07:00,138,Web
W003683,U0193,M0095,2026-08-15 02:38:00,130,Mobile
W003684,U0110,M0003,2026-08-29 04:34:00,104,Mobile
W003685,U0050,M0089,2026-07-25 21:41:00,161,Tablet
W003686,U0017,M0009,2026-09-07 18:38:00,85,Tablet
W003687,U0192,M0080,2026-09-09 07:19:00,67,Mobile
W003688,U0140,M0013,2026-09-17 20:27:00,88,Tablet
W003689,U0119,M0015,2026-07-09 19:40:00,89,Tablet
W003690,U0133,M0045,2026-09-10 15:49:00,97,TV
W003691,U0084,M0030,2026-09-22 15:50:00,63,Web
W003692,U0140,M0009,2026-08-26 02:41:00,91,TV
W003693,U0179,M0002,2026-09-02 09:28:00,90,Tablet
W003694,U0146,M0095,2026-09-01 16:27:00,111,Mobile
W003695,U0084,M0010,2026-08-23 13:16:00,134,Mobile
W003696,U0029,M0004,2026-08-25 20:38:00,104,TV
W003697,U0185,M0028,2026-07-06 07:59:00,119,Web
W003698,U0064,M0007,2026-09-19 22:23:00,67,Mobile
W003699,U0090,M0049,2026-07-07 09:45:00,66,Mobile
W003700,U0059,M0002,2026-07-19 20:30:00,107,Tablet
W003701,U0081,M0063,2026-08-07 09:23:00,157,Mobile
W003702,U0132,M0074,2026-07-30 19:46:00,105,Web
W003703,U0154,M0018,2026-08-04 11:54:00,61,Web
W003704,U0035,M0093,2026-08-18 06:34:00,81,Web
W003705,U0046,M0007,2026-07-27 16:45:00,120,Web
W003706,U0190,M0010,2026-08-09 06:16:00,104,Tablet
W003707,U0106,M0016,2026-07-30 18:04:00,136,Mobile
W003708,U0080,M0002,2026-08-08 13:20:00,90,Web
W003709,U0126,M0007,2026-07-31 22:33:00,89,Tablet
W003710,U0079,M0099,2026-09-26 19:32:00,89,TV
W003711,U0050,M0022,2026-08-08 16:45:00,143,Web
W003712,U0067,M0007,2026-09-18 17:24:00,119,Tablet
W003713,U0034,M0035,2026-09-09 03:01:00,115,Mobile
W003714,U0028,M0008,2026-08-27 13:59:00,150,Web
W003715,U0155,M0006,2026-07-21 20:02:00,76,Tablet
W003716,U0042,M0036,2026-07-11 18:40:00,105,TV
W003717,U0039,M0091,2026-07-17 11:29:00,159,Tablet
W003718,U0123,M0011,2026-07-29 06:33:00,82,Tablet
W003719,U0035,M0002,2026-08-25 19:42:00,108,Mobile
W003720,U0046,M0084,2026-09-03 13:08:00,92,Mobile
W003721,U0024,M0007,2026-09-21 21:29:00,114,Web
W003722,U0137,M0010,2026-07-06 11:00:00,132,Mobile
W003723,U0195,M0058,2026-07-10 20:41:00,48,Tablet
W003724,U0124,M0010,2026-08-20 20:46:00,139,TV
W003725,U0051,M0040,2026-07-16 17:40:00,105,Web
W003726,U0114,M0056,2026-09-23 17:46:00,108,Web
W003727,U0115,M0010,2026-09-04 09:06:00,123,TV
W003728,U0164,M0010,2026-07-07 22:19:00,143,TV
W003729,U0187,M0072,2026-09-22 16:43:00,125,Web
W003730,U0059,M0009,2026-08-01 03:26:00,91,TV
W003731,U0111,M0006,2026-09-02 09:23:00,59,Mobile
W003732,U0119,M0008,2026-09-27 15:05:00,127,TV
W003733,U0095,M0076,2026-09-25 06:54:00,104,Mobile
W003734,U0172,M0055,2026-08-15 19:49:00,114,Web
W003735,U0065,M0002,2026-09-11 12:53:00,105,Mobile
W003736,U0009,M0007,2026-07-24 03:53:00,49,Web
W003737,U0168,M0012,2026-07-26 23:02:00,62,TV
W003738,U0051,M0032,2026-07-11 03:21:00,56,TV
W003739,U0050,M0019,2026-09-24 01:47:00,127,Tablet
W003740,U0175,M0034,2026-08-11 00:40:00,103,Tablet
W003741,U0199,M0008,2026-09-08 13:19:00,143,TV
W003742,U0126,M0027,2026-07-03 19:04:00,94,TV
W003743,U0143,M0006,2026-09-01 08:35:00,77,Tablet
W003744,U0091,M0054,2026-08-29 14:59:00,110,Mobile
W003745,U0018,M0003,2026-09-26 14:12:00,97,Web
W003746,U0183,M0040,2026-07-04 00:31:00,143,Tablet
W003747,U0156,M0058,2026-07-30 13:58:00,65,TV
W003748,U0069,M0058,2026-07-31 03:07:00,48,TV
W003749,U0079,M0052,2026-07-04 06:07:00,89,Mobile
W003750,U0132,M0093,2026-09-04 02:16:00,53,Tablet
W003751,U0113,M0006,2026-08-15 23:31:00,65,Tablet
W003752,U0089,M0024,2026-07-26 09:09:00,136,Web
W003753,U0066,M0008,2026-07-24 19:35:00,136,TV
W003754,U0137,M0009,2026-09-01 15:54:00,87,Mobile
W003755,U0122,M0052,2026-08-10 23:46:00,62,Mobile
W003756,U0165,M0005,2026-07-22 22:18:00,65,Mobile
W003757,U0038,M0002,2026-09-26 09:54:00,78,Tablet
W003758,U0160,M0005,2026-09-28 22:41:00,86,TV
W003759,U0196,M0043,2026-07-28 20:37:00,93,TV
W003760,U0123,M0048,2026-07-25 23:05:00,90,Tablet
W003761,U0175,M0006,2026-07-24 02:25:00,70,Mobile
W003762,U0187,M0012,2026-09-03 16:03:00,75,Web
W003763,U0045,M0073,2026-07-13 00:47:00,166,TV
W003764,U0152,M0011,2026-07-15 19:29:00,70,TV
W003765,U0061,M0002,2026-07-14 17:45:00,134,Tablet
W003766,U0008,M0005,2026-09-22 17:39:00,79,TV
W003767,U0146,M0043,2026-09-28 12:16:00,94,Mobile
W003768,U0183,M0049,2026-07-16 06:31:00,109,TV
W003769,U0032,M0073,2026-09-13 07:02:00,146,TV
W003770,U0001,M0072,2026-07-06 17:41:00,127,Tablet
W003771,U0119,M0003,2026-08-04 12:49:00,125,Tablet
W003772,U0184,M0002,2026-07-12 01:51:00,130,Mobile
W003773,U0141,M0028,2026-09-13 10:34:00,97,Mobile
W003774,U0074,M0063,2026-09-22 11:48:00,148,TV
W003775,U0142,M0089,2026-09-23 12:27:00,133,Mobile
W003776,U0151,M0089,2026-09-10 13:24:00,151,Tablet
W003777,U0071,M0008,2026-09-10 06:34:00,136,TV
W003778,U0050,M0002,2026-07-29 03:44:00,69,Tablet
W003779,U0151,M0097,2026-09-14 17:39:00,79,Mobile
W003780,U0051,M0072,2026-08-11 14:25:00,112,Tablet
W003781,U0047,M0012,2026-08-03 16:24:00,77,Web
W003782,U0191,M0006,2026-08-09 19:48:00,60,Mobile
W003783,U0085,M0082,2026-09-21 04:30:00,70,Tablet
W003784,U0109,M0078,2026-07-09 09:02:00,53,Mobile
W003785,U0004,M0001,2026-09-22 09:20:00,84,Mobile
W003786,U0181,M0056,2026-09-28 19:39:00,152,Web
W003787,U0001,M0009,2026-08-19 07:15:00,72,Web
W003788,U0198,M0004,2026-07-04 19:39:00,105,Mobile
W003789,U0095,M0040,2026-08-09 03:07:00,127,TV
W003790,U0097,M0007,2026-07-15 12:00:00,99,Tablet
W003791,U0156,M0004,2026-09-10 10:39:00,102,Tablet
W003792,U0143,M0068,2026-08-13 00:08:00,123,Tablet
W003793,U0158,M0091,2026-08-03 03:21:00,159,Tablet
W003794,U0047,M0009,2026-08-11 06:45:00,87,Mobile
W003795,U0146,M0008,2026-09-20 15:04:00,116,TV
W003796,U0033,M0093,2026-09-24 20:36:00,100,Mobile
W003797,U0034,M0001,2026-09-19 04:57:00,93,Tablet
W003798,U0162,M0036,2026-08-04 14:25:00,55,Mobile
W003799,U0078,M0010,2026-08-20 08:41:00,154,Web
W003800,U0036,M0091,2026-09-10 08:35:00,103,Tablet
W003801,U0093,M0012,2026-08-16 11:11:00,53,Tablet
W003802,U0125,M0009,2026-07-27 11:14:00,104,Mobile
W003803,U0172,M0006,2026-08-14 10:39:00,67,Mobile
W003804,U0025,M0010,2026-07-26 12:23:00,159,Mobile
W003805,U0156,M0011,2026-09-24 13:23:00,98,TV
W003806,U0037,M0001,2026-07-31 10:13:00,119,Mobile
W003807,U0116,M0011,2026-09-12 20:00:00,73,Web
W003808,U0185,M0011,2026-07-25 05:57:00,32,TV
W003809,U0027,M0001,2026-08-31 23:42:00,103,Mobile
W003810,U0082,M0010,2026-09-09 22:50:00,155,TV
W003811,U0001,M0013,2026-07-12 11:58:00,100,Mobile
W003812,U0182,M0077,2026-09-24 09:18:00,111,Mobile
W003813,U0017,M0009,2026-07-20 23:37:00,104,Tablet
W003814,U0071,M0031,2026-08-11 19:28:00,101,TV
W003815,U0055,M0010,2026-07-26 08:16:00,147,TV
W003816,U0129,M0019,2026-09-22 16:46:00,115,Web
W003817,U0185,M0079,2026-07-01 11:02:00,116,TV
W003818,U0042,M0075,2026-09-04 06:28:00,97,Tablet
W003819,U0062,M0088,2026-07-13 09:38:00,101,Web
W003820,U0002,M0010,2026-07-06 23:59:00,135,Mobile
W003821,U0090,M0033,2026-07-09 07:48:00,87,Mobile
W003822,U0157,M0032,2026-09-15 19:23:00,81,Tablet
W003823,U0028,M0069,2026-07-29 16:05:00,67,Mobile
W003824,U0191,M0009,2026-07-21 16:47:00,87,Tablet
W003825,U0014,M0005,2026-07-19 04:03:00,106,Tablet
W003826,U0152,M0001,2026-08-31 22:32:00,114,Mobile
W003827,U0002,M0011,2026-07-24 08:10:00,115,Mobile
W003828,U0130,M0100,2026-08-21 03:12:00,112,Web
W003829,U0179,M0086,2026-07-21 15:53:00,111,Tablet
W003830,U0106,M0050,2026-09-17 18:04:00,123,Tablet
W003831,U0089,M0003,2026-08-24 04:11:00,95,Mobile
W003832,U0106,M0080,2026-09-26 07:42:00,122,TV
W003833,U0122,M0044,2026-09-12 06:03:00,71,TV
W003834,U0198,M0081,2026-07-04 05:35:00,149,Web
W003835,U0086,M0096,2026-07-14 23:49:00,124,Tablet
W003836,U0057,M0029,2026-07-07 06:07:00,87,Tablet
W003837,U0076,M0050,2026-09-27 08:47:00,156,Web
W003838,U0113,M0067,2026-08-17 16:44:00,83,TV
W003839,U0087,M0013,2026-08-08 06:58:00,73,Web
W003840,U0140,M0003,2026-07-04 13:01:00,94,Tablet
W003841,U0115,M0040,2026-08-23 13:07:00,86,Web
W003842,U0077,M0009,2026-07-18 18:29:00,64,Web
W003843,U0046,M0003,2026-09-11 20:04:00,103,Web
W003844,U0104,M0011,2026-08-19 04:04:00,115,Mobile
W003845,U0085,M0007,2026-07-05 19:56:00,75,Web
W003846,U0181,M0014,2026-08-05 19:33:00,104,Web
W003847,U0115,M0012,2026-08-02 01:54:00,92,TV
W003848,U0053,M0034,2026-09-05 08:55:00,144,Mobile
W003849,U0153,M0035,2026-08-19 05:29:00,175,Web
W003850,U0028,M0077,2026-08-14 21:48:00,110,Web
W003851,U0188,M0009,2026-08-30 15:04:00,89,TV
W003852,U0026,M0027,2026-07-10 02:42:00,72,Tablet
W003853,U0200,M0003,2026-07-09 14:59:00,75,TV
W003854,U0085,M0087,2026-09-03 02:15:00,77,Tablet
W003855,U0175,M0011,2026-07-05 21:55:00,85,Mobile
W003856,U0104,M0006,2026-09-22 16:24:00,63,TV
W003857,U0081,M0073,2026-09-02 14:11:00,163,Mobile
W003858,U0022,M0010,2026-07-17 14:06:00,125,Tablet
W003859,U0081,M0006,2026-09-18 08:44:00,76,Tablet
W003860,U0195,M0098,2026-07-08 04:26:00,116,Web
W003861,U0029,M0001,2026-07-20 12:47:00,136,Web
W003862,U0168,M0068,2026-08-10 01:31:00,90,Web
W003863,U0009,M0012,2026-07-26 17:10:00,92,Mobile
W003864,U0196,M0002,2026-09-03 02:18:00,113,TV
W003865,U0034,M0006,2026-08-24 03:42:00,34,Web
W003866,U0165,M0024,2026-09-22 03:28:00,93,TV
W003867,U0171,M0059,2026-07-05 09:10:00,96,TV
W003868,U0078,M0050,2026-07-19 12:02:00,133,Mobile
W003869,U0001,M0083,2026-08-01 16:40:00,106,TV
W003870,U0110,M0093,2026-08-16 02:25:00,84,Web
W003871,U0017,M0005,2026-08-19 09:40:00,79,Mobile
W003872,U0057,M0008,2026-09-19 03:28:00,160,TV
W003873,U0140,M0012,2026-08-01 12:05:00,72,Web
W003874,U0176,M0003,2026-07-14 08:03:00,84,Mobile
W003875,U0093,M0003,2026-07-07 10:21:00,115,Tablet
W003876,U0146,M0051,2026-08-28 15:06:00,135,Mobile
W003877,U0102,M0007,2026-09-24 19:48:00,120,Mobile
W003878,U0019,M0003,2026-09-04 06:35:00,80,Tablet
W003879,U0123,M0075,2026-07-05 00:18:00,96,Tablet
W003880,U0129,M0072,2026-09-02 04:54:00,81,TV
W003881,U0184,M0052,2026-08-30 06:37:00,81,Web
W003882,U0149,M0008,2026-09-17 10:49:00,169,TV
W003883,U0006,M0013,2026-08-05 17:42:00,73,TV
W003884,U0086,M0008,2026-07-01 17:35:00,137,TV
W003885,U0042,M0007,2026-09-14 09:45:00,114,Tablet
W003886,U0081,M0066,2026-07-12 20:00:00,123,Tablet
W003887,U0048,M0087,2026-07-10 15:03:00,80,Mobile
W003888,U0161,M0036,2026-08-30 05:03:00,110,TV
W003889,U0057,M0049,2026-07-29 00:12:00,81,Mobile
W003890,U0189,M0038,2026-08-22 00:03:00,99,Mobile
W003891,U0165,M0008,2026-09-15 08:40:00,128,Mobile
W003892,U0164,M0004,2026-08-16 11:03:00,73,Web
W003893,U0063,M0057,2026-07-14 18:53:00,95,Tablet
W003894,U0101,M0003,2026-07-21 00:28:00,91,TV
W003895,U0158,M0027,2026-07-26 15:08:00,86,Tablet
W003896,U0086,M0011,2026-07-30 10:12:00,79,TV
W003897,U0023,M0023,2026-08-24 00:20:00,106,Web
W003898,U0043,M0007,2026-07-05 05:25:00,62,TV
W003899,U0062,M0007,2026-08-31 01:54:00,97,Mobile
W003900,U0178,M0013,2026-08-11 15:35:00,80,Web
W003901,U0091,M0036,2026-07-08 01:49:00,104,Mobile
W003902,U0178,M0005,2026-07-01 02:23:00,112,Tablet
W003903,U0030,M0086,2026-09-11 22:08:00,101,Mobile
W003904,U0047,M0032,2026-08-09 06:30:00,79,TV
W003905,U0026,M0023,2026-07-07 03:30:00,85,Mobile
W003906,U0134,M0002,2026-09-04 18:57:00,134,Mobile
W003907,U0176,M0004,2026-08-21 11:26:00,95,Mobile
W003908,U0129,M0011,2026-07-20 05:53:00,94,Web
W003909,U0086,M0048,2026-09-05 11:25:00,78,Tablet
W003910,U0177,M0004,2026-07-16 05:51:00,80,Mobile
W003911,U0098,M0076,2026-09-03 12:27:00,154,Web
W003912,U0061,M0009,2026-08-18 16:40:00,98,TV
W003913,U0018,M0009,2026-08-25 09:37:00,101,Tablet
W003914,U0045,M0012,2026-07-26 03:10:00,64,Web
W003915,U0080,M0029,2026-08-29 20:01:00,87,TV
W003916,U0185,M0008,2026-07-15 19:00:00,148,Mobile
W003917,U0014,M0026,2026-08-20 04:06:00,90,TV
W003918,U0161,M0058,2026-07-13 07:30:00,84,TV
W003919,U0016,M0070,2026-07-09 01:43:00,81,Web
W003920,U0168,M0044,2026-09-05 13:12:00,100,TV
W003921,U0192,M0072,2026-07-07 00:15:00,80,Web
W003922,U0148,M0036,2026-09-02 19:34:00,127,Mobile
W003923,U0173,M0005,2026-09-05 23:12:00,85,Mobile
W003924,U0163,M0042,2026-09-28 01:56:00,86,Mobile
W003925,U0071,M0017,2026-07-20 22:27:00,95,Tablet
W003926,U0128,M0007,2026-09-16 09:54:00,85,TV
W003927,U0179,M0002,2026-07-23 04:22:00,96,TV
W003928,U0129,M0068,2026-08-08 00:58:00,130,Web
W003929,U0013,M0008,2026-07-24 01:42:00,135,Mobile
W003930,U0089,M0054,2026-09-24 02:19:00,105,Tablet
W003931,U0117,M0011,2026-08-02 09:23:00,70,TV
W003932,U0034,M0005,2026-09-01 05:45:00,101,Mobile
W003933,U0167,M0023,2026-08-24 10:49:00,132,Mobile
W003934,U0121,M0093,2026-08-04 10:00:00,95,Mobile
W003935,U0041,M0052,2026-07-11 20:41:00,73,TV
W003936,U0190,M0077,2026-07-07 02:06:00,124,Tablet
W003937,U0101,M0019,2026-07-14 17:30:00,102,TV
W003938,U0031,M0007,2026-08-14 07:32:00,80,Mobile
W003939,U0129,M0020,2026-08-03 09:29:00,94,Tablet
W003940,U0101,M0011,2026-09-25 20:08:00,110,Mobile
W003941,U0099,M0060,2026-09-02 18:06:00,113,Tablet
W003942,U0093,M0002,2026-07-06 12:02:00,110,Web
W003943,U0149,M0087,2026-09-09 21:19:00,94,Mobile
W003944,U0113,M0008,2026-08-05 15:16:00,122,TV
W003945,U0176,M0097,2026-08-25 00:53:00,86,Tablet
W003946,U0089,M0033,2026-07-28 12:23:00,45,Tablet
W003947,U0043,M0001,2026-07-18 06:33:00,116,TV
W003948,U0112,M0001,2026-07-09 01:14:00,117,Web
W003949,U0038,M0071,2026-07-20 16:49:00,144,Web
W003950,U0168,M0100,2026-07-25 06:17:00,105,TV
W003951,U0026,M0059,2026-08-18 14:06:00,74,Mobile
W003952,U0190,M0008,2026-07-14 10:15:00,92,TV
W003953,U0186,M0095,2026-09-21 14:19:00,128,Tablet
W003954,U0068,M0053,2026-07-19 07:07:00,81,Web
W003955,U0062,M0009,2026-09-04 13:13:00,104,Tablet
W003956,U0048,M0004,2026-08-30 16:27:00,77,Mobile
W003957,U0094,M0061,2026-07-21 11:19:00,107,Mobile
W003958,U0177,M0059,2026-07-08 01:24:00,101,Mobile
W003959,U0181,M0004,2026-09-16 05:13:00,78,Mobile
W003960,U0096,M0077,2026-08-03 15:49:00,107,Tablet
W003961,U0200,M0004,2026-09-22 09:19:00,78,Tablet
W003962,U0085,M0008,2026-08-06 12:49:00,111,Web
W003963,U0185,M0007,2026-09-25 04:43:00,108,Tablet
W003964,U0095,M0010,2026-09-17 00:40:00,174,Web
W003965,U0101,M0009,2026-09-23 18:13:00,76,Tablet
W003966,U0017,M0001,2026-07-19 23:44:00,78,Web
W003967,U0033,M0037,2026-07-17 02:50:00,82,Mobile
W003968,U0147,M0006,2026-09-23 05:20:00,88,Web
W003969,U0131,M0070,2026-09-13 03:53:00,68,TV
W003970,U0083,M0007,2026-08-22 09:40:00,119,Tablet
W003971,U0102,M0090,2026-09-15 20:16:00,104,TV
W003972,U0004,M0008,2026-09-18 04:47:00,139,Web
W003973,U0035,M0063,2026-08-03 11:46:00,135,Mobile
W003974,U0069,M0033,2026-08-05 00:37:00,50,Mobile
W003975,U0074,M0023,2026-08-30 18:36:00,134,TV
W003976,U0064,M0016,2026-09-24 15:33:00,125,Tablet
W003977,U0030,M0095,2026-09-09 16:50:00,118,Mobile
W003978,U0116,M0011,2026-07-21 00:37:00,103,Tablet
W003979,U0058,M0046,2026-09-26 11:26:00,132,Mobile
W003980,U0137,M0081,2026-08-15 02:50:00,107,Web
W003981,U0043,M0013,2026-09-23 19:48:00,103,Tablet
W003982,U0024,M0084,2026-07-29 23:24:00,102,TV
W003983,U0054,M0009,2026-09-13 05:48:00,95,TV
W003984,U0111,M0004,2026-07-24 15:27:00,86,Web
W003985,U0175,M0007,2026-07-05 10:11:00,102,TV
W003986,U0166,M0005,2026-09-01 22:36:00,95,Tablet
W003987,U0088,M0016,2026-07-21 06:11:00,149,TV
W003988,U0148,M0008,2026-08-06 10:28:00,125,Web
W003989,U0105,M0032,2026-07-18 17:56:00,61,Mobile
W003990,U0166,M0093,2026-09-23 04:41:00,82,Web
W003991,U0040,M0005,2026-09-23 20:55:00,83,Web
W003992,U0084,M0082,2026-07-04 07:26:00,77,Mobile
W003993,U0039,M0004,2026-09-16 22:41:00,76,Mobile
W003994,U0080,M0036,2026-07-30 02:35:00,80,Tablet
W003995,U0170,M0035,2026-07-11 21:57:00,117,TV
W003996,U0147,M0090,2026-09-09 00:25:00,124,TV
W003997,U0196,M0003,2026-08-18 03:48:00,107,Tablet
W003998,U0043,M0046,2026-07-19 01:32:00,76,Mobile
W003999,U0051,M0010,2026-08-26 15:43:00,119,Tablet
W004000,U0046,M0015,2026-08-24 16:45:00,115,TV
W004001,U0148,M0012,2026-09-10 08:52:00,71,Web
W004002,U0158,M0004,2026-09-14 07:08:00,98,TV
W004003,U0061,M0011,2026-07-16 09:08:00,105,Tablet
W004004,U0059,M0033,2026-09-20 08:08:00,95,TV
W004005,U0001,M0088,2026-08-03 02:16:00,110,TV
W004006,U0091,M0056,2026-07-12 18:14:00,104,TV
W004007,U0109,M0011,2026-07-08 22:17:00,41,Tablet
W004008,U0102,M0059,2026-09-21 14:14:00,76,Mobile
W004009,U0142,M0004,2026-07-05 03:31:00,71,Tablet
W004010,U0031,M0022,2026-09-14 12:38:00,118,TV
W004011,U0098,M0052,2026-07-09 23:32:00,78,Tablet
W004012,U0026,M0005,2026-08-28 16:36:00,88,TV
W004013,U0143,M0029,2026-09-03 06:28:00,89,Tablet
W004014,U0182,M0075,2026-08-18 14:49:00,108,Web
W004015,U0200,M0011,2026-08-13 13:14:00,95,Web
W004016,U0034,M0015,2026-07-20 02:21:00,110,TV
W004017,U0177,M0014,2026-07-13 21:24:00,126,Mobile
W004018,U0163,M0019,2026-09-07 15:58:00,119,Web
W004019,U0065,M0019,2026-08-01 12:04:00,106,TV
W004020,U0184,M0035,2026-07-17 06:14:00,129,Web
W004021,U0104,M0047,2026-08-04 07:37:00,146,Web
W004022,U0055,M0007,2026-08-29 17:14:00,120,Mobile
W004023,U0100,M0060,2026-09-14 19:58:00,147,Tablet
W004024,U0063,M0065,2026-09-16 19:57:00,86,Mobile
W004025,U0137,M0017,2026-07-25 17:13:00,64,Web
W004026,U0027,M0056,2026-07-01 13:47:00,145,Tablet
W004027,U0172,M0097,2026-07-21 20:30:00,106,Mobile
W004028,U0168,M0001,2026-07-14 12:23:00,74,Mobile
W004029,U0169,M0008,2026-07-21 00:03:00,138,Mobile
W004030,U0131,M0087,2026-08-30 10:27:00,82,Tablet
W004031,U0059,M0006,2026-08-29 18:54:00,69,Web
W004032,U0122,M0093,2026-08-02 21:46:00,85,Web
W004033,U0065,M0015,2026-09-11 18:03:00,103,Mobile
W004034,U0095,M0070,2026-08-08 23:14:00,107,Web
W004035,U0019,M0032,2026-08-21 12:56:00,72,Web
W004036,U0110,M0080,2026-07-02 12:56:00,68,Mobile
W004037,U0148,M0004,2026-08-23 22:10:00,112,Tablet
W004038,U0141,M0006,2026-08-02 13:31:00,71,TV
W004039,U0016,M0001,2026-09-12 03:06:00,118,Web
W004040,U0044,M0010,2026-09-27 20:57:00,135,TV
W004041,U0171,M0059,2026-07-07 11:21:00,60,Mobile
W004042,U0035,M0080,2026-07-14 14:57:00,76,Web
W004043,U0019,M0044,2026-08-22 00:37:00,80,Tablet
W004044,U0119,M0001,2026-08-06 22:53:00,137,Mobile
W004045,U0145,M0011,2026-07-20 15:01:00,106,Tablet
W004046,U0060,M0040,2026-09-11 15:01:00,146,TV
W004047,U0034,M0005,2026-08-29 08:23:00,63,Tablet
W004048,U0087,M0007,2026-08-29 01:12:00,113,Tablet
W004049,U0091,M0062,2026-09-15 12:26:00,100,Web
W004050,U0052,M0095,2026-08-24 20:26:00,115,Mobile
W004051,U0162,M0012,2026-07-30 22:18:00,70,Web
W004052,U0047,M0055,2026-07-12 08:23:00,120,TV
W004053,U0012,M0022,2026-07-12 00:26:00,104,Mobile
W004054,U0199,M0007,2026-08-14 06:18:00,84,Tablet
W004055,U0070,M0085,2026-08-21 05:58:00,117,Web
W004056,U0123,M0032,2026-09-03 17:07:00,45,Mobile
W004057,U0001,M0012,2026-08-08 07:23:00,91,Web
W004058,U0080,M0003,2026-08-15 04:25:00,93,Tablet
W004059,U0077,M0005,2026-08-23 23:36:00,72,Mobile
W004060,U0108,M0039,2026-08-05 02:28:00,128,Web
W004061,U0110,M0045,2026-07-24 09:16:00,80,Tablet
W004062,U0063,M0004,2026-07-29 15:32:00,85,TV
W004063,U0121,M0042,2026-07-04 10:12:00,73,Web
W004064,U0145,M0011,2026-08-26 02:40:00,80,TV
W004065,U0119,M0006,2026-07-08 04:44:00,93,Web
W004066,U0036,M0006,2026-07-21 06:34:00,90,Web
W004067,U0053,M0015,2026-09-02 05:38:00,78,Mobile
W004068,U0046,M0005,2026-08-01 20:04:00,101,Mobile
W004069,U0042,M0023,2026-08-12 02:43:00,98,Web
W004070,U0061,M0010,2026-09-16 16:07:00,142,Web
W004071,U0158,M0084,2026-09-22 09:23:00,55,Web
W004072,U0157,M0006,2026-08-01 17:42:00,68,Web
W004073,U0106,M0003,2026-07-23 13:47:00,92,Web
W004074,U0075,M0054,2026-07-28 23:30:00,119,Web
W004075,U0019,M0097,2026-08-25 16:54:00,99,TV
W004076,U0193,M0065,2026-09-14 21:25:00,122,Web
W004077,U0071,M0011,2026-07-26 22:47:00,95,Tablet
W004078,U0068,M0072,2026-08-17 20:40:00,153,TV
W004079,U0038,M0055,2026-07-05 08:17:00,98,TV
W004080,U0155,M0001,2026-09-04 20:36:00,97,TV
W004081,U0148,M0074,2026-07-10 01:55:00,109,Mobile
W004082,U0195,M0004,2026-07-12 17:59:00,97,Mobile
W004083,U0177,M0024,2026-07-11 11:32:00,125,Tablet
W004084,U0084,M0090,2026-09-20 20:24:00,89,Web
W004085,U0050,M0087,2026-08-27 08:54:00,88,Web
W004086,U0121,M0008,2026-09-17 04:49:00,118,TV
W004087,U0010,M0061,2026-07-01 22:11:00,120,Tablet
W004088,U0078,M0007,2026-09-23 13:12:00,97,Mobile
W004089,U0038,M0055,2026-08-21 13:41:00,120,Web
W004090,U0028,M0010,2026-09-09 21:16:00,137,Mobile
W004091,U0053,M0005,2026-07-31 08:08:00,110,Tablet
W004092,U0049,M0005,2026-08-23 00:09:00,59,Web
W004093,U0161,M0010,2026-09-26 17:32:00,174,Mobile
W004094,U0147,M0047,2026-09-24 23:02:00,131,Mobile
W004095,U0067,M0008,2026-08-20 07:03:00,132,Web
W004096,U0102,M0010,2026-07-21 03:24:00,149,Mobile
W004097,U0019,M0055,2026-09-24 01:33:00,99,TV
W004098,U0076,M0034,2026-07-18 08:08:00,117,Tablet
W004099,U0041,M0010,2026-07-04 01:09:00,143,Tablet
W004100,U0075,M0034,2026-07-25 03:10:00,113,Tablet
W004101,U0054,M0027,2026-07-02 16:53:00,64,Tablet
W004102,U0130,M0007,2026-09-10 03:03:00,118,Mobile
W004103,U0009,M0096,2026-09-03 16:40:00,135,Web
W004104,U0098,M0100,2026-07-14 22:12:00,122,Mobile
W004105,U0166,M0006,2026-08-09 21:09:00,79,Web
W004106,U0049,M0049,2026-07-28 11:56:00,80,TV
W004107,U0082,M0026,2026-07-15 02:57:00,91,Web
W004108,U0013,M0019,2026-07-15 17:51:00,163,Web
W004109,U0109,M0005,2026-07-31 19:06:00,99,TV
W004110,U0051,M0043,2026-07-13 03:35:00,100,TV
W004111,U0160,M0055,2026-07-01 20:21:00,122,Tablet
W004112,U0147,M0026,2026-07-20 14:49:00,94,TV
W004113,U0003,M0053,2026-07-02 23:59:00,90,Tablet
W004114,U0113,M0065,2026-09-05 19:35:00,119,Mobile
W004115,U0172,M0007,2026-09-10 07:10:00,53,Mobile
W004116,U0113,M0006,2026-07-13 22:11:00,85,Tablet
W004117,U0157,M0006,2026-09-07 08:22:00,79,Mobile
W004118,U0045,M0078,2026-08-28 09:56:00,58,Web
W004119,U0054,M0019,2026-07-08 02:55:00,142,TV
W004120,U0189,M0073,2026-09-13 06:43:00,134,Tablet
W004121,U0044,M0056,2026-07-03 15:26:00,132,TV
W004122,U0012,M0006,2026-08-19 04:02:00,95,Web
W004123,U0118,M0088,2026-09-25 03:45:00,117,Mobile
W004124,U0024,M0001,2026-09-04 07:50:00,105,TV
W004125,U0042,M0008,2026-07-27 15:21:00,152,Tablet
W004126,U0185,M0011,2026-09-22 09:40:00,95,Web
W004127,U0170,M0012,2026-09-05 09:56:00,73,Tablet
W004128,U0165,M0010,2026-07-30 05:29:00,127,Web
W004129,U0106,M0056,2026-08-26 15:25:00,131,TV
W004130,U0068,M0016,2026-08-05 03:55:00,108,Web
W004131,U0164,M0057,2026-08-18 20:42:00,102,Tablet
W004132,U0162,M0016,2026-07-31 21:36:00,118,Mobile
W004133,U0047,M0015,2026-07-29 19:44:00,65,Web
W004134,U0099,M0006,2026-09-08 00:25:00,55,Web
W004135,U0183,M0071,2026-09-22 06:32:00,108,TV
W004136,U0125,M0063,2026-08-27 02:08:00,130,TV
W004137,U0116,M0003,2026-09-11 07:27:00,101,Mobile
W004138,U0013,M0074,2026-08-18 07:48:00,117,Tablet
W004139,U0132,M0077,2026-07-22 10:54:00,108,Tablet
W004140,U0191,M0098,2026-08-30 22:47:00,68,Mobile
W004141,U0117,M0098,2026-09-17 13:09:00,123,Mobile
W004142,U0162,M0056,2026-08-24 10:55:00,113,TV
W004143,U0091,M0046,2026-08-23 11:58:00,127,Web
W004144,U0046,M0003,2026-09-05 22:06:00,93,Mobile
W004145,U0127,M0040,2026-07-16 17:11:00,155,Tablet
W004146,U0192,M0071,2026-07-23 17:38:00,172,TV
W004147,U0143,M0008,2026-07-17 13:07:00,145,Web
W004148,U0039,M0014,2026-07-11 06:49:00,112,Tablet
W004149,U0046,M0009,2026-08-31 19:34:00,67,Tablet
W004150,U0050,M0040,2026-09-06 08:38:00,167,Mobile
W004151,U0178,M0041,2026-07-19 10:03:00,139,Tablet
W004152,U0005,M0092,2026-08-15 17:04:00,100,Tablet
W004153,U0131,M0010,2026-07-02 01:39:00,135,TV
W004154,U0003,M0003,2026-08-25 20:58:00,101,Tablet
W004155,U0197,M0011,2026-09-01 06:59:00,75,Web
W004156,U0049,M0005,2026-08-15 05:21:00,107,Web
W004157,U0160,M0029,2026-08-06 03:49:00,45,TV
W004158,U0154,M0098,2026-08-07 16:38:00,128,TV
W004159,U0069,M0035,2026-08-11 04:10:00,157,TV
W004160,U0041,M0012,2026-08-21 15:09:00,62,TV
W004161,U0005,M0002,2026-07-08 07:58:00,117,Mobile
W004162,U0037,M0009,2026-07-03 12:40:00,70,Web
W004163,U0147,M0016,2026-07-14 17:39:00,125,Web
W004164,U0197,M0010,2026-07-20 21:01:00,130,Mobile
W004165,U0039,M0003,2026-07-29 17:53:00,98,Tablet
W004166,U0060,M0004,2026-07-23 05:49:00,60,Tablet
W004167,U0172,M0014,2026-08-28 18:40:00,69,Web
W004168,U0171,M0028,2026-07-04 21:22:00,120,Tablet
W004169,U0097,M0099,2026-07-31 12:18:00,77,Mobile
W004170,U0166,M0002,2026-07-09 20:06:00,83,TV
W004171,U0053,M0055,2026-07-21 07:13:00,99,Mobile
W004172,U0012,M0080,2026-08-22 05:41:00,70,TV
W004173,U0181,M0021,2026-07-06 20:19:00,75,TV
W004174,U0025,M0024,2026-09-10 04:32:00,99,Mobile
W004175,U0096,M0092,2026-08-16 13:05:00,83,Web
W004176,U0138,M0014,2026-09-18 03:57:00,66,Tablet
W004177,U0140,M0006,2026-08-18 18:26:00,55,Mobile
W004178,U0027,M0034,2026-08-18 07:38:00,122,Web
W004179,U0068,M0048,2026-08-05 10:47:00,85,TV
W004180,U0173,M0007,2026-07-04 21:01:00,107,Tablet
W004181,U0046,M0011,2026-08-10 06:05:00,76,Web
W004182,U0134,M0003,2026-09-09 15:03:00,81,Tablet
W004183,U0164,M0010,2026-07-26 15:32:00,152,Web
W004184,U0199,M0001,2026-08-24 05:31:00,103,Tablet
W004185,U0186,M0002,2026-07-20 19:35:00,101,TV
W004186,U0184,M0004,2026-09-12 14:33:00,99,TV
W004187,U0046,M0023,2026-07-18 14:17:00,115,Mobile
W004188,U0012,M0086,2026-07-15 20:17:00,121,Web
W004189,U0137,M0047,2026-09-11 10:32:00,145,Tablet
W004190,U0131,M0078,2026-07-09 04:42:00,68,Tablet
W004191,U0158,M0004,2026-07-14 23:09:00,97,Web
W004192,U0148,M0081,2026-08-29 07:38:00,112,TV
W004193,U0132,M0042,2026-07-11 02:15:00,87,TV
W004194,U0111,M0009,2026-08-07 07:16:00,77,Mobile
W004195,U0189,M0027,2026-09-03 06:47:00,75,TV
W004196,U0192,M0023,2026-08-19 01:59:00,109,Web
W004197,U0050,M0007,2026-07-18 03:53:00,94,Mobile
W004198,U0084,M0027,2026-07-25 14:09:00,72,TV
W004199,U0136,M0061,2026-08-20 01:07:00,95,TV
W004200,U0107,M0023,2026-08-30 01:45:00,68,Mobile
W004201,U0016,M0011,2026-08-06 05:40:00,70,Tablet
W004202,U0194,M0004,2026-09-23 23:23:00,84,TV
W004203,U0059,M0026,2026-09-15 19:23:00,51,Tablet
W004204,U0173,M0045,2026-07-20 12:33:00,65,Tablet
W004205,U0105,M0028,2026-08-16 00:37:00,97,Tablet
W004206,U0046,M0008,2026-08-11 09:41:00,144,Mobile
W004207,U0064,M0010,2026-08-20 06:11:00,125,Mobile
W004208,U0020,M0038,2026-07-15 02:43:00,119,TV
W004209,U0052,M0056,2026-09-04 06:05:00,119,TV
W004210,U0090,M0031,2026-08-11 23:15:00,113,Mobile
W004211,U0136,M0001,2026-07-30 14:46:00,101,Mobile
W004212,U0104,M0003,2026-08-14 20:59:00,67,Tablet
W004213,U0025,M0076,2026-08-08 10:56:00,121,TV
W004214,U0002,M0098,2026-09-16 22:37:00,88,Web
W004215,U0064,M0099,2026-08-26 12:57:00,107,Tablet
W004216,U0030,M0004,2026-09-22 13:53:00,106,Mobile
W004217,U0091,M0007,2026-08-22 18:03:00,109,Web
W004218,U0090,M0006,2026-07-17 05:16:00,53,Mobile
W004219,U0184,M0018,2026-09-02 20:26:00,53,Tablet
W004220,U0137,M0008,2026-09-08 12:22:00,147,TV
W004221,U0157,M0010,2026-08-22 07:33:00,140,Tablet
W004222,U0053,M0098,2026-08-26 03:17:00,108,TV
W004223,U0088,M0007,2026-07-21 08:16:00,72,Mobile
W004224,U0196,M0003,2026-09-06 04:33:00,81,Web
W004225,U0035,M0096,2026-08-10 12:13:00,135,Tablet
W004226,U0109,M0096,2026-07-06 17:28:00,158,Tablet
W004227,U0147,M0002,2026-08-14 02:15:00,106,Tablet
W004228,U0079,M0006,2026-07-24 04:51:00,74,Web
W004229,U0176,M0086,2026-08-06 22:06:00,100,TV
W004230,U0156,M0095,2026-07-11 05:51:00,160,Tablet
W004231,U0119,M0065,2026-07-27 07:16:00,117,Web
W004232,U0053,M0009,2026-09-05 17:25:00,62,Mobile
W004233,U0098,M0085,2026-09-09 16:05:00,134,Web
W004234,U0081,M0044,2026-09-11 02:52:00,77,TV
W004235,U0170,M0001,2026-09-18 17:17:00,140,Mobile
W004236,U0009,M0019,2026-08-06 06:28:00,134,TV
W004237,U0118,M0072,2026-08-06 02:37:00,100,Mobile
W004238,U0005,M0027,2026-07-25 15:02:00,86,Web
W004239,U0092,M0009,2026-09-09 02:28:00,85,TV
W004240,U0171,M0067,2026-07-31 00:38:00,127,Tablet
W004241,U0079,M0057,2026-08-26 07:54:00,72,Mobile
W004242,U0142,M0006,2026-08-07 20:45:00,62,TV
W004243,U0004,M0012,2026-09-23 05:41:00,92,Mobile
W004244,U0013,M0002,2026-07-20 08:59:00,96,Mobile
W004245,U0174,M0005,2026-09-04 13:18:00,66,Mobile
W004246,U0152,M0011,2026-08-28 17:07:00,106,TV
W004247,U0005,M0007,2026-08-05 06:17:00,87,TV
W004248,U0113,M0086,2026-08-09 07:42:00,129,Tablet
W004249,U0146,M0003,2026-08-15 18:03:00,100,Mobile
W004250,U0168,M0066,2026-08-18 07:35:00,81,Tablet
W004251,U0042,M0005,2026-09-18 22:25:00,84,Mobile
W004252,U0162,M0045,2026-08-08 22:23:00,74,Web
W004253,U0177,M0081,2026-07-05 07:59:00,133,Web
W004254,U0065,M0008,2026-08-24 17:53:00,175,Mobile
W004255,U0101,M0011,2026-07-25 23:07:00,66,Tablet
W004256,U0096,M0025,2026-07-28 09:17:00,41,Mobile
W004257,U0097,M0008,2026-09-10 16:05:00,138,Web
W004258,U0157,M0004,2026-09-18 09:26:00,80,Tablet
W004259,U0036,M0097,2026-09-23 20:56:00,72,TV
W004260,U0032,M0033,2026-07-31 04:47:00,79,TV
W004261,U0056,M0086,2026-08-10 00:16:00,111,Web
W004262,U0123,M0004,2026-07-28 15:10:00,75,Web
W004263,U0176,M0007,2026-08-03 21:26:00,73,Web
W004264,U0044,M0084,2026-09-16 04:42:00,76,TV
W004265,U0137,M0051,2026-07-29 10:45:00,165,TV
W004266,U0074,M0011,2026-09-05 07:46:00,91,Web
W004267,U0056,M0001,2026-07-16 03:07:00,98,Mobile
W004268,U0001,M0068,2026-08-05 21:33:00,88,TV
W004269,U0169,M0035,2026-09-25 03:40:00,170,Tablet
W004270,U0061,M0009,2026-08-27 15:28:00,100,Tablet
W004271,U0127,M0021,2026-08-08 17:44:00,75,TV
W004272,U0159,M0001,2026-08-20 13:54:00,87,Web
W004273,U0183,M0005,2026-08-20 10:32:00,82,Web
W004274,U0044,M0001,2026-07-13 17:42:00,119,Web
W004275,U0026,M0007,2026-07-11 12:39:00,109,Web
W004276,U0158,M0035,2026-08-10 20:02:00,137,Mobile
W004277,U0015,M0001,2026-09-22 09:33:00,140,Mobile
W004278,U0093,M0098,2026-08-24 13:09:00,128,Mobile
W004279,U0067,M0005,2026-08-11 08:00:00,80,Web
W004280,U0164,M0050,2026-08-02 11:03:00,151,TV
W004281,U0077,M0012,2026-09-18 12:56:00,42,Web
W004282,U0029,M0005,2026-07-11 20:08:00,81,Web
W004283,U0149,M0094,2026-09-02 22:15:00,132,TV
W004284,U0067,M0084,2026-09-16 03:11:00,68,TV
W004285,U0010,M0006,2026-07-22 01:25:00,51,TV
W004286,U0050,M0004,2026-08-18 05:28:00,90,TV
W004287,U0108,M0028,2026-09-18 12:56:00,108,TV
W004288,U0165,M0034,2026-08-08 21:03:00,95,Mobile
W004289,U0132,M0011,2026-08-16 01:26:00,78,Mobile
W004290,U0091,M0030,2026-08-13 16:23:00,74,Tablet
W004291,U0051,M0040,2026-07-26 23:07:00,147,Web
W004292,U0176,M0071,2026-07-29 12:45:00,121,TV
W004293,U0032,M0003,2026-09-01 22:37:00,92,TV
W004294,U0084,M0051,2026-08-13 22:19:00,146,Mobile
W004295,U0026,M0019,2026-08-02 10:13:00,113,Web
W004296,U0072,M0007,2026-08-15 04:45:00,102,Mobile
W004297,U0189,M0002,2026-08-10 07:04:00,102,Tablet
W004298,U0151,M0057,2026-09-28 19:59:00,47,Web
W004299,U0058,M0048,2026-09-13 01:24:00,72,Web
W004300,U0097,M0008,2026-07-24 20:19:00,151,Web
W004301,U0014,M0011,2026-09-01 18:13:00,95,Web
W004302,U0123,M0057,2026-08-22 13:26:00,90,Mobile
W004303,U0137,M0055,2026-09-14 18:58:00,141,TV
W004304,U0025,M0036,2026-08-19 04:18:00,95,Tablet
W004305,U0170,M0084,2026-09-21 08:08:00,84,Tablet
W004306,U0071,M0093,2026-08-26 08:46:00,104,Tablet
W004307,U0150,M0006,2026-08-09 20:54:00,93,Web
W004308,U0199,M0008,2026-07-30 21:49:00,171,Web
W004309,U0194,M0005,2026-09-25 01:21:00,78,Mobile
W004310,U0046,M0014,2026-07-07 12:06:00,97,Tablet
W004311,U0191,M0012,2026-09-05 13:10:00,46,Mobile
W004312,U0036,M0089,2026-08-18 03:13:00,132,TV
W004313,U0164,M0012,2026-09-20 19:16:00,74,Web
W004314,U0193,M0094,2026-09-22 08:49:00,125,Web
W004315,U0085,M0090,2026-09-10 21:34:00,109,Tablet
W004316,U0128,M0017,2026-08-17 14:40:00,115,Tablet
W004317,U0134,M0009,2026-07-08 13:18:00,86,Mobile
W004318,U0054,M0009,2026-08-01 02:29:00,92,Tablet
W004319,U0138,M0049,2026-09-09 13:48:00,96,Tablet
W004320,U0138,M0009,2026-07-26 00:58:00,87,Web
W004321,U0148,M0041,2026-09-19 18:47:00,137,TV
W004322,U0027,M0003,2026-08-12 14:23:00,70,Mobile
W004323,U0095,M0002,2026-07-14 10:53:00,86,Tablet
W004324,U0150,M0047,2026-07-21 02:48:00,124,Web
W004325,U0023,M0096,2026-09-06 18:24:00,108,Tablet
W004326,U0192,M0056,2026-09-08 23:28:00,125,Web
W004327,U0050,M0005,2026-08-31 06:55:00,63,Mobile
W004328,U0032,M0059,2026-09-10 15:48:00,97,Mobile
W004329,U0003,M0063,2026-09-26 05:55:00,137,Tablet
W004330,U0079,M0004,2026-08-28 19:54:00,81,Web
W004331,U0090,M0081,2026-07-23 03:36:00,127,Mobile
W004332,U0177,M0003,2026-09-14 05:11:00,92,Mobile
W004333,U0129,M0084,2026-07-04 21:18:00,89,TV
W004334,U0077,M0044,2026-09-04 01:08:00,85,Tablet
W004335,U0053,M0010,2026-07-07 08:12:00,170,Tablet
W004336,U0053,M0011,2026-09-07 22:50:00,66,Tablet
W004337,U0036,M0001,2026-07-08 04:17:00,112,Tablet
W004338,U0146,M0061,2026-07-20 00:32:00,122,Web
W004339,U0062,M0056,2026-09-03 02:35:00,142,Web
W004340,U0193,M0001,2026-07-09 05:22:00,109,Web
W004341,U0163,M0085,2026-08-10 23:49:00,134,Web
W004342,U0099,M0009,2026-07-22 18:59:00,74,Tablet
W004343,U0146,M0031,2026-08-02 12:01:00,97,Mobile
W004344,U0098,M0084,2026-07-23 09:36:00,116,Tablet
W004345,U0174,M0078,2026-08-30 01:50:00,85,TV
W004346,U0121,M0005,2026-07-17 12:57:00,103,Tablet
W004347,U0008,M0022,2026-08-19 13:55:00,68,Tablet
W004348,U0105,M0020,2026-08-01 05:32:00,91,TV
W004349,U0076,M0031,2026-08-17 10:39:00,146,Web
W004350,U0018,M0004,2026-07-07 23:12:00,105,Mobile
W004351,U0027,M0012,2026-09-26 06:44:00,92,TV
W004352,U0086,M0094,2026-08-07 06:46:00,115,Web
W004353,U0011,M0003,2026-09-26 16:26:00,105,Mobile
W004354,U0035,M0008,2026-09-28 05:07:00,144,TV
W004355,U0003,M0071,2026-07-13 23:45:00,125,TV
W004356,U0131,M0038,2026-07-24 23:10:00,93,Web
W004357,U0174,M0079,2026-08-11 06:13:00,119,TV
W004358,U0152,M0003,2026-09-11 07:03:00,117,TV
W004359,U0006,M0003,2026-08-22 08:23:00,102,Tablet
W004360,U0067,M0010,2026-08-21 20:27:00,117,TV
W004361,U0045,M0010,2026-08-18 20:10:00,136,Tablet
W004362,U0196,M0074,2026-09-18 07:05:00,94,Web
W004363,U0194,M0008,2026-07-11 04:25:00,144,Web
W004364,U0138,M0008,2026-07-13 08:37:00,126,Tablet
W004365,U0032,M0008,2026-07-25 04:49:00,139,Tablet
W004366,U0142,M0002,2026-09-10 19:14:00,102,Mobile
W004367,U0194,M0001,2026-09-15 09:08:00,116,Mobile
W004368,U0052,M0097,2026-09-25 04:59:00,70,TV
W004369,U0152,M0078,2026-08-16 04:07:00,48,Tablet
W004370,U0167,M0012,2026-09-26 13:05:00,72,TV
W004371,U0188,M0055,2026-07-20 12:28:00,91,Tablet
W004372,U0004,M0064,2026-07-09 13:59:00,106,TV
W004373,U0184,M0038,2026-08-25 01:44:00,119,Web
W004374,U0050,M0007,2026-09-27 05:31:00,96,Mobile
W004375,U0048,M0006,2026-08-06 00:51:00,83,TV
W004376,U0011,M0070,2026-07-07 04:09:00,95,TV
W004377,U0060,M0064,2026-08-25 15:12:00,114,Tablet
W004378,U0119,M0009,2026-07-01 15:59:00,86,Web
W004379,U0195,M0079,2026-07-07 00:48:00,124,Tablet
W004380,U0177,M0075,2026-07-10 01:48:00,93,TV
W004381,U0041,M0079,2026-08-03 18:58:00,110,Mobile
W004382,U0016,M0004,2026-09-04 01:02:00,88,Web
W004383,U0026,M0009,2026-07-14 03:00:00,81,Tablet
W004384,U0008,M0012,2026-07-14 17:54:00,49,Tablet
W004385,U0066,M0008,2026-07-19 15:08:00,143,Tablet
W004386,U0077,M0009,2026-07-17 21:16:00,97,Web
W004387,U0004,M0071,2026-09-14 18:21:00,158,TV
W004388,U0045,M0002,2026-07-10 01:45:00,88,Mobile
W004389,U0137,M0001,2026-07-04 05:25:00,115,Tablet
W004390,U0026,M0007,2026-07-20 13:55:00,110,Mobile
W004391,U0122,M0053,2026-07-14 14:10:00,69,TV
W004392,U0015,M0018,2026-09-09 21:49:00,61,Mobile
W004393,U0009,M0007,2026-09-09 22:41:00,98,Tablet
W004394,U0185,M0005,2026-07-07 09:05:00,70,Web
W004395,U0051,M0002,2026-09-26 05:44:00,100,Web
W004396,U0120,M0012,2026-08-25 01:27:00,70,Web
W004397,U0008,M0055,2026-07-09 17:14:00,106,Mobile
W004398,U0007,M0012,2026-07-20 16:16:00,72,Tablet
W004399,U0023,M0033,2026-09-07 12:09:00,78,TV
W004400,U0042,M0096,2026-07-10 22:27:00,112,TV
W004401,U0139,M0011,2026-08-21 13:15:00,110,Mobile
W004402,U0168,M0011,2026-08-15 02:41:00,95,TV
W004403,U0048,M0002,2026-07-03 06:30:00,109,Web
W004404,U0191,M0008,2026-09-11 02:54:00,123,Mobile
W004405,U0127,M0072,2026-08-21 20:02:00,135,Mobile
W004406,U0122,M0029,2026-08-11 09:29:00,89,Web
W004407,U0079,M0061,2026-08-07 01:14:00,136,TV
W004408,U0195,M0090,2026-07-27 16:21:00,129,TV
W004409,U0048,M0001,2026-07-14 03:03:00,124,TV
W004410,U0088,M0033,2026-07-20 12:57:00,84,Web
W004411,U0194,M0055,2026-07-13 22:01:00,149,Mobile
W004412,U0150,M0080,2026-07-28 18:28:00,83,Tablet
W004413,U0122,M0033,2026-08-04 05:00:00,64,TV
W004414,U0108,M0004,2026-07-29 17:53:00,80,Mobile
W004415,U0058,M0007,2026-08-12 19:26:00,71,Web
W004416,U0185,M0098,2026-09-27 08:06:00,131,TV
W004417,U0070,M0005,2026-09-14 06:57:00,78,Web
W004418,U0029,M0012,2026-07-04 08:56:00,49,TV
W004419,U0028,M0053,2026-08-22 08:02:00,80,Mobile
W004420,U0044,M0008,2026-08-19 04:43:00,122,Tablet
W004421,U0194,M0087,2026-09-05 16:11:00,76,Tablet
W004422,U0066,M0009,2026-08-20 14:36:00,67,Tablet
W004423,U0132,M0008,2026-07-12 13:13:00,140,Mobile
W004424,U0003,M0008,2026-08-17 20:00:00,153,Web
W004425,U0080,M0002,2026-07-24 13:23:00,134,Tablet
W004426,U0169,M0080,2026-09-27 21:40:00,99,Mobile
W004427,U0147,M0026,2026-08-14 15:56:00,78,TV
W004428,U0022,M0004,2026-07-28 09:03:00,114,Mobile
W004429,U0013,M0006,2026-08-21 23:58:00,71,TV
W004430,U0101,M0001,2026-09-14 21:02:00,78,TV
W004431,U0084,M0053,2026-07-26 08:36:00,67,Web
W004432,U0115,M0069,2026-08-15 21:22:00,59,TV
W004433,U0031,M0055,2026-08-22 06:06:00,134,Web
W004434,U0111,M0036,2026-07-14 11:23:00,102,Mobile
W004435,U0044,M0060,2026-07-16 03:43:00,130,TV
W004436,U0004,M0007,2026-09-21 03:53:00,120,Web
W004437,U0001,M0047,2026-09-08 07:13:00,132,Mobile
W004438,U0141,M0004,2026-07-23 15:13:00,95,Web
W004439,U0191,M0006,2026-08-11 06:32:00,74,Mobile
W004440,U0001,M0088,2026-07-12 01:01:00,103,Web
W004441,U0031,M0012,2026-09-11 15:57:00,92,Mobile
W004442,U0099,M0018,2026-09-13 16:11:00,67,TV
W004443,U0036,M0005,2026-07-19 08:16:00,112,Tablet
W004444,U0190,M0076,2026-08-05 08:02:00,108,Mobile
W004445,U0139,M0001,2026-07-28 07:48:00,75,Mobile
W004446,U0141,M0005,2026-08-13 16:38:00,78,Web
W004447,U0100,M0061,2026-07-04 16:45:00,136,Web
W004448,U0176,M0053,2026-07-23 16:02:00,100,Tablet
W004449,U0031,M0013,2026-09-04 19:26:00,113,Mobile
W004450,U0025,M0036,2026-07-29 23:25:00,68,Mobile
W004451,U0170,M0001,2026-09-02 04:43:00,107,Web
W004452,U0039,M0078,2026-07-18 05:07:00,91,Web
W004453,U0171,M0051,2026-07-07 05:27:00,121,TV
W004454,U0072,M0011,2026-08-07 10:05:00,101,Mobile
W004455,U0115,M0005,2026-08-04 03:20:00,110,Web
W004456,U0073,M0080,2026-09-17 13:45:00,86,Tablet
W004457,U0111,M0007,2026-07-14 11:54:00,91,TV
W004458,U0069,M0069,2026-09-12 17:43:00,56,TV
W004459,U0181,M0086,2026-09-01 16:31:00,67,TV
W004460,U0132,M0009,2026-08-24 06:59:00,79,Web
W004461,U0001,M0017,2026-09-26 11:16:00,97,Web
W004462,U0129,M0076,2026-08-15 05:27:00,113,Web
W004463,U0177,M0002,2026-09-21 08:38:00,113,Web
W004464,U0164,M0039,2026-08-07 11:07:00,132,Web
W004465,U0041,M0054,2026-08-01 08:26:00,107,Web
W004466,U0023,M0017,2026-08-26 09:52:00,89,Mobile
W004467,U0198,M0007,2026-08-20 05:07:00,91,Mobile
W004468,U0176,M0007,2026-09-24 09:40:00,85,Mobile
W004469,U0161,M0031,2026-09-10 13:42:00,107,Mobile
W004470,U0074,M0008,2026-07-11 09:57:00,124,Mobile
W004471,U0016,M0006,2026-08-24 18:14:00,76,Tablet
W004472,U0105,M0100,2026-07-05 21:29:00,137,Mobile
W004473,U0033,M0065,2026-08-17 13:08:00,110,Mobile
W004474,U0186,M0025,2026-07-19 06:00:00,86,TV
W004475,U0146,M0006,2026-07-07 05:57:00,68,Web
W004476,U0137,M0003,2026-07-02 01:11:00,104,Tablet
W004477,U0189,M0012,2026-08-09 14:45:00,71,Web
W004478,U0080,M0012,2026-09-05 00:40:00,58,Mobile
W004479,U0079,M0026,2026-09-20 08:36:00,99,TV
W004480,U0163,M0089,2026-08-04 20:16:00,154,Mobile
W004481,U0028,M0077,2026-07-31 07:13:00,127,TV
W004482,U0188,M0094,2026-08-14 18:23:00,141,TV
W004483,U0067,M0056,2026-08-01 19:58:00,108,Tablet
W004484,U0105,M0022,2026-07-15 20:28:00,112,Web
W004485,U0194,M0031,2026-09-07 05:12:00,104,TV
W004486,U0101,M0007,2026-09-28 19:50:00,63,Mobile
W004487,U0131,M0005,2026-09-16 02:57:00,58,Web
W004488,U0179,M0004,2026-09-25 17:12:00,105,TV
W004489,U0034,M0082,2026-09-28 12:37:00,100,Tablet
W004490,U0105,M0002,2026-08-16 11:30:00,123,Web
W004491,U0160,M0086,2026-08-13 01:57:00,100,TV
W004492,U0149,M0053,2026-08-28 04:09:00,89,TV
W004493,U0093,M0061,2026-07-04 07:44:00,70,Web
W004494,U0129,M0011,2026-07-28 10:16:00,111,TV
W004495,U0033,M0061,2026-07-29 12:12:00,127,Web
W004496,U0014,M0093,2026-09-05 02:05:00,56,Tablet
W004497,U0190,M0005,2026-08-19 20:26:00,92,Mobile
W004498,U0087,M0009,2026-09-15 18:36:00,88,Web
W004499,U0155,M0011,2026-07-15 21:26:00,75,TV
W004500,U0005,M0004,2026-08-30 01:37:00,107,Web
W004501,U0073,M0078,2026-09-08 18:15:00,90,Tablet
W004502,U0199,M0041,2026-08-19 18:17:00,143,Mobile
W004503,U0136,M0016,2026-08-12 04:44:00,132,Tablet
W004504,U0060,M0098,2026-07-21 12:16:00,150,Web
W004505,U0174,M0088,2026-08-15 13:14:00,109,TV
W004506,U0186,M0060,2026-08-18 01:56:00,106,Web
W004507,U0151,M0002,2026-08-18 20:44:00,122,Web
W004508,U0199,M0077,2026-08-01 14:43:00,128,Mobile
W004509,U0026,M0075,2026-07-17 13:01:00,115,Web
W004510,U0080,M0041,2026-08-29 18:10:00,142,Web
W004511,U0022,M0036,2026-07-23 11:52:00,112,Tablet
W004512,U0014,M0095,2026-08-25 15:24:00,117,Tablet
W004513,U0002,M0058,2026-08-15 04:59:00,87,Tablet
W004514,U0014,M0027,2026-07-19 10:39:00,94,TV
W004515,U0016,M0044,2026-07-10 13:27:00,60,Mobile
W004516,U0021,M0052,2026-09-12 12:12:00,56,Web
W004517,U0009,M0050,2026-07-20 02:26:00,120,Mobile
W004518,U0062,M0056,2026-09-07 06:51:00,162,Tablet
W004519,U0192,M0024,2026-08-23 16:12:00,119,Tablet
W004520,U0012,M0048,2026-09-19 12:29:00,63,Tablet
W004521,U0040,M0010,2026-09-01 05:39:00,124,Mobile
W004522,U0185,M0011,2026-07-24 12:25:00,41,Mobile
W004523,U0149,M0086,2026-09-15 22:48:00,127,Web
W004524,U0094,M0038,2026-08-27 05:23:00,90,Mobile
W004525,U0020,M0046,2026-09-26 05:13:00,91,TV
W004526,U0181,M0002,2026-07-03 01:26:00,109,Tablet
W004527,U0043,M0008,2026-08-17 13:36:00,135,Tablet
W004528,U0154,M0018,2026-09-04 02:04:00,46,TV
W004529,U0120,M0077,2026-09-25 01:27:00,109,Mobile
W004530,U0200,M0009,2026-09-27 19:59:00,90,TV
W004531,U0034,M0044,2026-08-31 14:35:00,54,Tablet
W004532,U0065,M0003,2026-08-14 15:19:00,80,Mobile
W004533,U0138,M0037,2026-08-14 03:51:00,85,Tablet
W004534,U0108,M0020,2026-09-20 21:21:00,136,Mobile
W004535,U0047,M0082,2026-08-19 19:00:00,100,Web
W004536,U0091,M0007,2026-09-17 22:16:00,96,Mobile
W004537,U0004,M0022,2026-08-29 06:51:00,117,TV
W004538,U0197,M0005,2026-07-20 09:55:00,112,Tablet
W004539,U0048,M0024,2026-09-27 07:36:00,114,Mobile
W004540,U0099,M0012,2026-08-20 04:44:00,55,Web
W004541,U0117,M0068,2026-08-06 06:20:00,120,Tablet
W004542,U0175,M0006,2026-07-07 00:49:00,70,Tablet
W004543,U0159,M0068,2026-07-23 09:11:00,77,Web
W004544,U0179,M0008,2026-07-09 03:23:00,112,Web
W004545,U0015,M0096,2026-09-15 08:13:00,125,TV
W004546,U0100,M0091,2026-07-01 09:38:00,136,Tablet
W004547,U0003,M0047,2026-07-18 23:43:00,98,Web
W004548,U0041,M0085,2026-09-16 05:39:00,175,TV
W004549,U0180,M0080,2026-08-26 10:25:00,82,TV
W004550,U0074,M0090,2026-08-15 19:40:00,110,Mobile
W004551,U0057,M0099,2026-07-01 22:19:00,87,Tablet
W004552,U0154,M0098,2026-09-13 02:18:00,125,Mobile
W004553,U0081,M0053,2026-07-05 06:20:00,98,Mobile
W004554,U0097,M0007,2026-09-04 12:11:00,107,Web
W004555,U0196,M0010,2026-09-02 13:25:00,128,TV
W004556,U0060,M0009,2026-07-22 04:16:00,104,Web
W004557,U0141,M0060,2026-07-09 12:11:00,125,Mobile
W004558,U0195,M0077,2026-09-22 00:28:00,125,Tablet
W004559,U0108,M0068,2026-09-08 23:16:00,143,Tablet
W004560,U0032,M0099,2026-08-13 00:06:00,89,TV
W004561,U0142,M0001,2026-07-30 05:07:00,107,Mobile
W004562,U0036,M0003,2026-09-21 10:49:00,57,Tablet
W004563,U0127,M0009,2026-09-12 11:18:00,91,Web
W004564,U0196,M0006,2026-08-16 02:52:00,81,Mobile
W004565,U0088,M0002,2026-07-24 15:05:00,124,Mobile
W004566,U0196,M0012,2026-07-15 15:13:00,92,TV
W004567,U0188,M0008,2026-07-02 17:12:00,154,Tablet
W004568,U0195,M0001,2026-09-09 05:48:00,135,Web
W004569,U0109,M0005,2026-08-12 15:35:00,98,Tablet
W004570,U0027,M0002,2026-08-11 22:23:00,117,TV
W004571,U0016,M0006,2026-07-12 03:36:00,53,Tablet
W004572,U0137,M0053,2026-08-13 19:05:00,113,Mobile
W004573,U0056,M0089,2026-08-14 07:09:00,118,Mobile
W004574,U0199,M0036,2026-09-19 21:19:00,137,Tablet
W004575,U0076,M0016,2026-09-15 12:10:00,121,Tablet
W004576,U0172,M0028,2026-08-04 21:22:00,131,Mobile
W004577,U0042,M0029,2026-07-31 05:59:00,67,Tablet
W004578,U0038,M0011,2026-07-17 22:11:00,115,Web
W004579,U0012,M0010,2026-08-07 22:07:00,126,Tablet
W004580,U0168,M0005,2026-09-01 04:27:00,91,TV
W004581,U0037,M0001,2026-09-25 01:41:00,140,TV
W004582,U0087,M0042,2026-09-05 03:20:00,102,Tablet
W004583,U0122,M0006,2026-09-01 22:53:00,89,TV
W004584,U0136,M0001,2026-09-04 17:18:00,127,Tablet
W004585,U0156,M0022,2026-08-06 23:52:00,141,Web
W004586,U0133,M0006,2026-08-23 19:45:00,57,TV
W004587,U0046,M0047,2026-09-02 03:53:00,122,TV
W004588,U0067,M0026,2026-08-01 13:42:00,102,Mobile
W004589,U0176,M0015,2026-08-13 04:02:00,97,Mobile
W004590,U0084,M0006,2026-08-09 01:18:00,91,Web
W004591,U0199,M0037,2026-07-29 14:32:00,101,Web
W004592,U0106,M0011,2026-07-06 06:12:00,114,Tablet
W004593,U0129,M0001,2026-08-15 11:51:00,105,TV
W004594,U0112,M0029,2026-08-23 09:39:00,53,Mobile
W004595,U0062,M0073,2026-07-14 09:28:00,149,Tablet
W004596,U0192,M0007,2026-08-11 10:55:00,76,TV
W004597,U0047,M0036,2026-09-03 06:38:00,126,TV
W004598,U0124,M0037,2026-07-10 16:28:00,118,Mobile
W004599,U0119,M0006,2026-08-29 06:40:00,88,Mobile
W004600,U0126,M0055,2026-08-08 11:54:00,103,TV
W004601,U0015,M0091,2026-07-15 08:18:00,111,Mobile
W004602,U0074,M0078,2026-09-15 04:46:00,55,Tablet
W004603,U0148,M0055,2026-07-03 22:44:00,86,Tablet
W004604,U0149,M0037,2026-07-19 20:55:00,118,TV
W004605,U0048,M0031,2026-09-20 18:46:00,126,Mobile
W004606,U0025,M0072,2026-07-17 18:47:00,136,Tablet
W004607,U0069,M0010,2026-09-14 10:35:00,152,Mobile
W004608,U0019,M0011,2026-08-12 06:49:00,98,Mobile
W004609,U0056,M0017,2026-08-06 09:56:00,107,Mobile
W004610,U0088,M0045,2026-09-24 16:26:00,68,Mobile
W004611,U0075,M0042,2026-07-19 23:51:00,101,TV
W004612,U0065,M0084,2026-08-04 06:59:00,116,TV
W004613,U0029,M0006,2026-07-15 13:19:00,45,Tablet
W004614,U0062,M0024,2026-08-19 03:29:00,93,TV
W004615,U0145,M0037,2026-09-06 11:41:00,58,Web
W004616,U0016,M0021,2026-09-19 04:31:00,93,Web
W004617,U0158,M0002,2026-07-10 21:30:00,100,TV
W004618,U0033,M0005,2026-09-02 18:44:00,75,TV
W004619,U0195,M0004,2026-07-17 09:36:00,81,Mobile
W004620,U0100,M0049,2026-08-01 16:21:00,83,Mobile
W004621,U0077,M0007,2026-07-06 09:58:00,107,Tablet
W004622,U0116,M0002,2026-08-28 18:57:00,118,Web
W004623,U0044,M0008,2026-09-17 13:16:00,149,Web
W004624,U0053,M0007,2026-07-25 02:24:00,115,Web
W004625,U0006,M0012,2026-09-04 18:57:00,92,Tablet
W004626,U0078,M0010,2026-08-08 02:39:00,135,Tablet
W004627,U0094,M0004,2026-09-16 01:10:00,96,Mobile
W004628,U0171,M0003,2026-08-21 10:21:00,89,TV
W004629,U0153,M0083,2026-07-16 02:25:00,105,Web
W004630,U0199,M0094,2026-09-19 07:00:00,130,TV
W004631,U0159,M0028,2026-07-26 10:33:00,100,Mobile
W004632,U0150,M0056,2026-07-16 18:41:00,149,TV
W004633,U0090,M0034,2026-07-23 12:09:00,123,TV
W004634,U0063,M0007,2026-07-07 02:52:00,95,Mobile
W004635,U0040,M0008,2026-09-21 10:53:00,127,Mobile
W004636,U0030,M0056,2026-07-31 17:35:00,113,Web
W004637,U0085,M0034,2026-07-21 13:47:00,137,Web
W004638,U0178,M0047,2026-08-26 18:40:00,112,TV
W004639,U0194,M0066,2026-07-18 13:03:00,132,TV
W004640,U0101,M0019,2026-08-23 21:27:00,121,Tablet
W004641,U0034,M0029,2026-09-12 21:30:00,53,TV
W004642,U0032,M0097,2026-09-14 16:46:00,78,Web
W004643,U0193,M0079,2026-07-09 05:37:00,109,Tablet
W004644,U0200,M0011,2026-09-07 09:21:00,109,Tablet
W004645,U0081,M0004,2026-09-25 14:19:00,98,Tablet
W004646,U0103,M0037,2026-07-07 20:23:00,95,Tablet
W004647,U0118,M0099,2026-08-23 12:30:00,83,Mobile
W004648,U0099,M0034,2026-08-24 04:26:00,130,Web
W004649,U0165,M0096,2026-08-21 13:13:00,143,Mobile
W004650,U0151,M0003,2026-07-17 10:59:00,116,Tablet
W004651,U0115,M0021,2026-09-02 23:42:00,75,TV
W004652,U0185,M0005,2026-07-12 15:51:00,107,Tablet
W004653,U0071,M0011,2026-07-29 23:46:00,110,Tablet
W004654,U0065,M0001,2026-07-10 08:45:00,137,TV
W004655,U0180,M0016,2026-09-20 01:00:00,125,TV
W004656,U0007,M0017,2026-08-21 23:32:00,83,TV
W004657,U0169,M0078,2026-07-29 17:00:00,81,TV
W004658,U0043,M0054,2026-07-06 17:10:00,94,Web
W004659,U0177,M0053,2026-09-17 06:49:00,86,Mobile
W004660,U0070,M0048,2026-09-04 12:25:00,93,TV
W004661,U0026,M0011,2026-07-28 06:17:00,92,Tablet
W004662,U0125,M0012,2026-08-28 01:06:00,92,TV
W004663,U0067,M0002,2026-08-25 02:39:00,121,Web
W004664,U0034,M0019,2026-09-27 08:37:00,128,Mobile
W004665,U0129,M0056,2026-09-03 11:04:00,136,Web
W004666,U0180,M0072,2026-08-23 18:24:00,96,TV
W004667,U0189,M0030,2026-07-28 12:50:00,80,Mobile
W004668,U0111,M0009,2026-08-27 17:05:00,60,Tablet
W004669,U0148,M0037,2026-09-26 12:44:00,95,TV
W004670,U0151,M0008,2026-08-02 05:57:00,149,Mobile
W004671,U0092,M0025,2026-07-16 02:28:00,64,Web
W004672,U0111,M0081,2026-07-06 05:14:00,152,Web
W004673,U0163,M0009,2026-09-10 12:11:00,87,TV
W004674,U0190,M0023,2026-09-27 12:48:00,80,Web
W004675,U0180,M0004,2026-09-03 16:19:00,91,TV
W004676,U0005,M0012,2026-07-25 05:21:00,62,Tablet
W004677,U0124,M0005,2026-08-29 22:25:00,77,Web
W004678,U0056,M0099,2026-09-06 02:14:00,84,Web
W004679,U0021,M0012,2026-07-16 08:41:00,61,Web
W004680,U0003,M0017,2026-08-18 12:58:00,85,TV
W004681,U0091,M0012,2026-07-16 07:00:00,74,Tablet
W004682,U0045,M0010,2026-07-18 04:13:00,81,Web
W004683,U0047,M0052,2026-07-09 06:00:00,75,TV
W004684,U0063,M0076,2026-07-08 22:28:00,111,Web
W004685,U0146,M0025,2026-08-24 01:39:00,83,Tablet
W004686,U0101,M0023,2026-09-14 16:23:00,109,Tablet
W004687,U0011,M0004,2026-08-07 07:27:00,77,Web
W004688,U0014,M0008,2026-08-09 04:01:00,144,TV
W004689,U0048,M0087,2026-08-13 10:29:00,106,Mobile
W004690,U0184,M0059,2026-08-25 22:26:00,56,Mobile
W004691,U0013,M0034,2026-08-22 07:56:00,125,TV
W004692,U0138,M0026,2026-07-13 05:45:00,104,TV
W004693,U0077,M0001,2026-07-09 12:34:00,129,Tablet
W004694,U0002,M0082,2026-08-08 05:13:00,90,Mobile
W004695,U0136,M0014,2026-08-11 23:57:00,93,Tablet
W004696,U0072,M0004,2026-07-11 02:15:00,89,Tablet
W004697,U0015,M0011,2026-09-27 19:16:00,80,Web
W004698,U0056,M0005,2026-07-01 22:33:00,91,Mobile
W004699,U0147,M0002,2026-07-21 18:39:00,92,Tablet
W004700,U0024,M0008,2026-09-14 04:46:00,139,Tablet
W004701,U0169,M0016,2026-09-17 00:59:00,134,TV
W004702,U0106,M0088,2026-07-02 03:09:00,102,Web
W004703,U0073,M0094,2026-09-26 20:04:00,115,TV
W004704,U0184,M0022,2026-08-05 09:58:00,123,Web
W004705,U0071,M0088,2026-07-11 14:04:00,104,TV
W004706,U0119,M0009,2026-08-29 22:29:00,75,Tablet
W004707,U0134,M0009,2026-08-13 09:10:00,104,Mobile
W004708,U0109,M0047,2026-09-10 21:52:00,119,Web
W004709,U0155,M0090,2026-07-17 09:20:00,109,Web
W004710,U0110,M0093,2026-08-13 02:07:00,77,Web
W004711,U0088,M0029,2026-08-16 13:36:00,66,Mobile
W004712,U0127,M0037,2026-07-16 16:41:00,90,Web
W004713,U0179,M0029,2026-07-04 17:57:00,80,TV
W004714,U0114,M0098,2026-07-25 06:24:00,107,Web
W004715,U0020,M0011,2026-07-16 07:28:00,92,Web
W004716,U0051,M0004,2026-08-22 02:51:00,105,Web
W004717,U0115,M0045,2026-07-16 01:33:00,68,Web
W004718,U0191,M0051,2026-08-04 10:50:00,143,TV
W004719,U0108,M0068,2026-07-26 13:34:00,118,Tablet
W004720,U0188,M0072,2026-07-06 18:06:00,109,Mobile
W004721,U0001,M0002,2026-07-21 16:11:00,88,Web
W004722,U0124,M0078,2026-07-16 20:56:00,70,Mobile
W004723,U0101,M0078,2026-07-22 08:10:00,60,Mobile
W004724,U0009,M0048,2026-08-13 09:55:00,112,Mobile
W004725,U0068,M0011,2026-07-05 13:01:00,77,Tablet
W004726,U0189,M0006,2026-07-27 17:22:00,95,TV
W004727,U0117,M0010,2026-09-26 00:49:00,147,TV
W004728,U0118,M0024,2026-08-06 01:28:00,98,Tablet
W004729,U0022,M0012,2026-09-15 18:05:00,51,Tablet
W004730,U0066,M0012,2026-09-16 06:50:00,42,Tablet
W004731,U0034,M0003,2026-09-07 17:21:00,99,Mobile
W004732,U0095,M0093,2026-09-19 07:20:00,103,Mobile
W004733,U0133,M0007,2026-09-13 07:37:00,69,Mobile
W004734,U0016,M0017,2026-08-11 05:10:00,86,Tablet
W004735,U0179,M0021,2026-08-22 12:10:00,74,Web
W004736,U0086,M0072,2026-09-02 11:43:00,117,Tablet
W004737,U0167,M0002,2026-07-02 20:38:00,101,Tablet
W004738,U0193,M0012,2026-07-04 00:40:00,84,Web
W004739,U0010,M0052,2026-09-03 06:02:00,69,Tablet
W004740,U0152,M0066,2026-07-20 05:32:00,135,Mobile
W004741,U0102,M0011,2026-08-28 16:10:00,78,Tablet
W004742,U0121,M0002,2026-08-19 21:06:00,109,TV
W004743,U0047,M0029,2026-08-08 06:52:00,39,Web
W004744,U0199,M0045,2026-08-25 21:58:00,96,Mobile
W004745,U0198,M0007,2026-08-16 05:55:00,82,TV
W004746,U0129,M0004,2026-08-31 13:17:00,73,Mobile
W004747,U0100,M0005,2026-09-07 09:31:00,92,Web
W004748,U0175,M0022,2026-09-02 09:15:00,137,Tablet
W004749,U0103,M0098,2026-09-06 12:41:00,134,Web
W004750,U0006,M0095,2026-08-21 23:22:00,98,TV
W004751,U0036,M0067,2026-09-02 05:05:00,91,Tablet
W004752,U0196,M0003,2026-08-19 14:42:00,101,Tablet
W004753,U0175,M0002,2026-07-03 16:58:00,94,Mobile
W004754,U0196,M0075,2026-08-06 14:39:00,96,TV
W004755,U0148,M0057,2026-08-13 04:42:00,100,TV
W004756,U0197,M0012,2026-09-15 09:29:00,92,Mobile
W004757,U0173,M0022,2026-08-14 15:35:00,126,Web
W004758,U0197,M0040,2026-09-09 07:48:00,145,TV
W004759,U0119,M0086,2026-08-11 15:30:00,104,Tablet
W004760,U0079,M0070,2026-07-16 14:54:00,44,Tablet
W004761,U0151,M0085,2026-07-15 08:34:00,166,TV
W004762,U0023,M0057,2026-09-26 03:59:00,94,Web
W004763,U0078,M0074,2026-07-11 06:45:00,102,Tablet
W004764,U0116,M0003,2026-08-04 14:57:00,125,TV
W004765,U0017,M0003,2026-09-13 14:16:00,86,Web
W004766,U0067,M0019,2026-09-26 06:04:00,129,Web
W004767,U0060,M0083,2026-08-29 22:55:00,110,TV
W004768,U0178,M0021,2026-08-12 09:47:00,40,Mobile
W004769,U0107,M0005,2026-08-15 16:37:00,88,Tablet
W004770,U0165,M0079,2026-08-30 09:03:00,95,TV
W004771,U0174,M0086,2026-08-01 06:54:00,123,Mobile
W004772,U0027,M0006,2026-08-29 05:01:00,59,Web
W004773,U0198,M0008,2026-09-21 00:48:00,149,Web
W004774,U0001,M0043,2026-09-24 12:19:00,60,Tablet
W004775,U0199,M0093,2026-07-11 09:59:00,39,TV
W004776,U0106,M0093,2026-07-04 20:54:00,87,Tablet
W004777,U0013,M0040,2026-07-03 19:54:00,115,Mobile
W004778,U0117,M0017,2026-08-06 14:25:00,87,TV
W004779,U0136,M0025,2026-08-24 16:06:00,101,Web
W004780,U0077,M0003,2026-09-07 11:20:00,89,Mobile
W004781,U0170,M0074,2026-08-11 15:44:00,122,Web
W004782,U0145,M0035,2026-08-28 09:33:00,156,Tablet
W004783,U0162,M0082,2026-07-09 02:01:00,97,Tablet
W004784,U0152,M0078,2026-09-04 11:11:00,81,Tablet
W004785,U0029,M0028,2026-09-11 19:12:00,84,Mobile
W004786,U0143,M0028,2026-08-18 06:38:00,105,TV
W004787,U0005,M0058,2026-08-26 21:06:00,73,TV
W004788,U0108,M0035,2026-08-31 05:08:00,143,Web
W004789,U0072,M0073,2026-07-20 20:58:00,126,TV
W004790,U0165,M0070,2026-07-31 09:39:00,106,Tablet
W004791,U0002,M0018,2026-07-17 06:15:00,86,TV
W004792,U0077,M0019,2026-08-29 20:36:00,133,Web
W004793,U0056,M0008,2026-08-24 07:26:00,144,TV
W004794,U0058,M0003,2026-08-03 03:40:00,98,TV
W004795,U0003,M0029,2026-08-20 04:22:00,89,Tablet
W004796,U0181,M0054,2026-07-23 17:58:00,91,Tablet
W004797,U0167,M0010,2026-07-01 01:40:00,156,TV
W004798,U0097,M0098,2026-07-13 02:27:00,139,Web
W004799,U0011,M0004,2026-08-02 07:12:00,94,Web
W004800,U0129,M0012,2026-09-02 16:58:00,92,Tablet
W004801,U0095,M0083,2026-08-31 20:45:00,116,Tablet
W004802,U0180,M0080,2026-09-15 11:52:00,96,TV
W004803,U0031,M0009,2026-09-18 13:53:00,77,Tablet
W004804,U0064,M0001,2026-07-26 03:54:00,89,Tablet
W004805,U0106,M0018,2026-07-18 23:37:00,79,Mobile
W004806,U0098,M0006,2026-09-12 10:28:00,70,Tablet
W004807,U0155,M0001,2026-07-26 19:45:00,101,Web
W004808,U0146,M0012,2026-09-27 02:10:00,66,TV
W004809,U0035,M0016,2026-09-25 14:10:00,131,Tablet
W004810,U0048,M0025,2026-09-26 11:52:00,103,Tablet
W004811,U0145,M0006,2026-07-02 00:12:00,60,Tablet
W004812,U0146,M0008,2026-07-17 02:29:00,148,TV
W004813,U0089,M0005,2026-08-25 13:09:00,112,TV
W004814,U0151,M0062,2026-07-20 14:24:00,104,Web
W004815,U0193,M0001,2026-09-17 17:58:00,131,Tablet
W004816,U0182,M0010,2026-08-11 01:05:00,131,TV
W004817,U0096,M0003,2026-07-02 02:59:00,93,TV
W004818,U0013,M0064,2026-09-20 11:37:00,101,TV
W004819,U0025,M0003,2026-07-19 05:13:00,73,Mobile
W004820,U0040,M0005,2026-08-06 15:10:00,69,Mobile
W004821,U0008,M0023,2026-09-20 15:06:00,123,Tablet
W004822,U0103,M0011,2026-09-15 11:10:00,95,Mobile
W004823,U0079,M0052,2026-09-16 15:12:00,83,Mobile
W004824,U0056,M0089,2026-07-11 18:13:00,141,Mobile
W004825,U0053,M0010,2026-07-30 06:06:00,150,Tablet
W004826,U0034,M0037,2026-08-23 20:00:00,112,Tablet
W004827,U0165,M0008,2026-09-14 19:19:00,129,TV
W004828,U0076,M0048,2026-07-30 23:49:00,77,TV
W004829,U0015,M0034,2026-07-22 06:09:00,115,Tablet
W004830,U0110,M0012,2026-08-25 09:34:00,82,Mobile
W004831,U0160,M0069,2026-08-20 20:29:00,79,Mobile
W004832,U0167,M0006,2026-08-06 14:50:00,63,TV
W004833,U0002,M0034,2026-08-13 03:09:00,115,Mobile
W004834,U0115,M0002,2026-08-07 05:33:00,93,Mobile
W004835,U0135,M0001,2026-08-22 01:16:00,98,Web
W004836,U0002,M0094,2026-07-23 13:33:00,141,Web
W004837,U0126,M0072,2026-07-11 23:16:00,115,Mobile
W004838,U0169,M0040,2026-08-13 21:17:00,122,Web
W004839,U0104,M0015,2026-07-02 03:48:00,111,TV
W004840,U0165,M0027,2026-07-07 16:04:00,80,Tablet
W004841,U0090,M0041,2026-07-21 13:10:00,98,TV
W004842,U0012,M0016,2026-09-02 06:16:00,147,Web
W004843,U0160,M0083,2026-08-23 18:35:00,109,TV
W004844,U0118,M0072,2026-07-18 06:47:00,138,Web
W004845,U0188,M0030,2026-09-12 18:16:00,60,Web
W004846,U0115,M0087,2026-08-20 01:23:00,120,Mobile
W004847,U0200,M0079,2026-08-14 21:48:00,79,Tablet
W004848,U0033,M0056,2026-07-29 16:35:00,134,Mobile
W004849,U0002,M0004,2026-08-07 15:23:00,75,Mobile
W004850,U0121,M0047,2026-09-27 23:17:00,159,Web
W004851,U0023,M0011,2026-09-02 06:25:00,91,Web
W004852,U0021,M0073,2026-08-02 00:14:00,164,Tablet
W004853,U0050,M0071,2026-07-04 08:54:00,132,Web
W004854,U0131,M0006,2026-08-01 08:09:00,69,Web
W004855,U0140,M0037,2026-09-05 08:20:00,91,Tablet
W004856,U0067,M0074,2026-09-04 09:10:00,101,Tablet
W004857,U0172,M0011,2026-07-23 15:40:00,82,Tablet
W004858,U0013,M0003,2026-09-13 18:03:00,92,Tablet
W004859,U0001,M0016,2026-07-26 22:42:00,146,Mobile
W004860,U0184,M0100,2026-07-30 00:43:00,132,Web
W004861,U0031,M0082,2026-09-28 15:08:00,100,TV
W004862,U0046,M0047,2026-09-12 04:57:00,134,Mobile
W004863,U0175,M0043,2026-08-23 13:44:00,55,Mobile
W004864,U0062,M0007,2026-09-22 07:35:00,114,Tablet
W004865,U0176,M0083,2026-08-27 04:38:00,132,Tablet
W004866,U0137,M0049,2026-07-14 19:04:00,79,Tablet
W004867,U0083,M0021,2026-08-25 08:22:00,70,Tablet
W004868,U0073,M0004,2026-09-03 13:28:00,81,TV
W004869,U0053,M0062,2026-08-01 04:18:00,106,Mobile
W004870,U0049,M0003,2026-07-28 07:19:00,88,Web
W004871,U0006,M0029,2026-09-08 08:48:00,71,Mobile
W004872,U0130,M0004,2026-09-27 04:25:00,69,Mobile
W004873,U0153,M0022,2026-07-04 17:37:00,147,Mobile
W004874,U0139,M0085,2026-09-17 19:02:00,134,TV
W004875,U0021,M0068,2026-07-19 04:14:00,105,Tablet
W004876,U0097,M0099,2026-07-09 18:15:00,54,Web
W004877,U0138,M0077,2026-08-20 09:14:00,122,TV
W004878,U0103,M0059,2026-07-17 23:21:00,83,Mobile
W004879,U0029,M0011,2026-07-03 22:39:00,84,TV
W004880,U0038,M0080,2026-07-29 12:56:00,114,TV
W004881,U0154,M0004,2026-08-31 17:22:00,109,Web
W004882,U0094,M0083,2026-07-27 23:12:00,103,Tablet
W004883,U0186,M0028,2026-09-17 14:26:00,64,TV
W004884,U0164,M0041,2026-07-08 06:36:00,117,Tablet
W004885,U0193,M0069,2026-07-27 07:55:00,59,Web
W004886,U0187,M0065,2026-08-22 11:33:00,110,Web
W004887,U0108,M0012,2026-09-12 04:09:00,57,Tablet
W004888,U0047,M0063,2026-07-30 17:43:00,143,Tablet
W004889,U0001,M0003,2026-07-22 03:00:00,107,Tablet
W004890,U0019,M0095,2026-07-02 11:55:00,123,TV
W004891,U0096,M0005,2026-09-12 23:55:00,68,TV
W004892,U0100,M0005,2026-07-05 09:46:00,80,Web
W004893,U0014,M0001,2026-07-22 12:39:00,126,Tablet
W004894,U0003,M0001,2026-07-05 00:09:00,113,TV
W004895,U0188,M0041,2026-08-28 21:20:00,115,Mobile
W004896,U0160,M0075,2026-07-01 23:55:00,79,TV
W004897,U0151,M0073,2026-08-23 22:02:00,146,TV
W004898,U0164,M0021,2026-07-14 00:44:00,79,Web
W004899,U0035,M0096,2026-08-25 08:52:00,137,TV
W004900,U0197,M0011,2026-09-07 21:38:00,100,Web
W004901,U0146,M0003,2026-09-02 08:41:00,86,Mobile
W004902,U0148,M0031,2026-09-27 05:11:00,111,Tablet
W004903,U0011,M0098,2026-08-26 17:34:00,113,TV
W004904,U0119,M0007,2026-09-22 11:43:00,74,Tablet
W004905,U0076,M0005,2026-07-24 11:08:00,106,TV
W004906,U0012,M0004,2026-07-27 00:24:00,41,Web
W004907,U0178,M0087,2026-09-23 06:17:00,83,Mobile
W004908,U0143,M0068,2026-08-27 09:36:00,141,Mobile
W004909,U0184,M0004,2026-08-01 15:54:00,73,Web
W004910,U0073,M0010,2026-08-06 05:44:00,119,Tablet
W004911,U0041,M0026,2026-08-24 08:25:00,92,Mobile
W004912,U0127,M0010,2026-07-05 18:19:00,119,Web
W004913,U0180,M0001,2026-08-04 13:52:00,140,Tablet
W004914,U0027,M0003,2026-09-15 11:47:00,101,TV
W004915,U0080,M0009,2026-07-03 18:35:00,66,TV
W004916,U0194,M0008,2026-09-21 02:00:00,141,Tablet
W004917,U0005,M0003,2026-07-18 21:47:00,62,Web
W004918,U0130,M0003,2026-07-03 11:21:00,125,Mobile
W004919,U0096,M0042,2026-08-31 23:26:00,107,Mobile
W004920,U0109,M0011,2026-09-12 15:12:00,90,Mobile
W004921,U0081,M0004,2026-07-05 21:53:00,77,Mobile
W004922,U0096,M0007,2026-07-17 07:33:00,109,Web
W004923,U0078,M0098,2026-07-20 00:58:00,117,Tablet
W004924,U0146,M0071,2026-07-06 03:40:00,154,Tablet
W004925,U0068,M0004,2026-07-20 11:02:00,114,Tablet
W004926,U0150,M0032,2026-07-30 01:33:00,89,Tablet
W004927,U0032,M0009,2026-09-08 00:54:00,67,Tablet
W004928,U0112,M0094,2026-09-16 03:38:00,106,Tablet
W004929,U0149,M0050,2026-08-09 02:39:00,114,TV
W004930,U0050,M0006,2026-09-03 22:37:00,95,Tablet
W004931,U0068,M0004,2026-08-06 01:02:00,86,Tablet
W004932,U0013,M0031,2026-09-27 08:14:00,117,TV
W004933,U0191,M0008,2026-09-16 03:32:00,107,Web
W004934,U0063,M0025,2026-09-12 08:06:00,85,Mobile
W004935,U0145,M0036,2026-07-15 22:08:00,123,Tablet
W004936,U0062,M0052,2026-07-18 06:18:00,72,TV
W004937,U0177,M0009,2026-07-20 08:39:00,83,Tablet
W004938,U0075,M0073,2026-07-04 15:12:00,128,TV
W004939,U0144,M0004,2026-07-30 07:46:00,89,Tablet
W004940,U0118,M0009,2026-08-26 04:32:00,91,TV
W004941,U0067,M0020,2026-08-09 23:39:00,112,TV
W004942,U0058,M0002,2026-08-29 07:40:00,106,TV
W004943,U0012,M0010,2026-07-22 16:34:00,134,Mobile
W004944,U0065,M0007,2026-07-06 22:33:00,90,Tablet
W004945,U0158,M0032,2026-07-21 17:58:00,70,Web
W004946,U0076,M0011,2026-07-20 08:02:00,78,Web
W004947,U0127,M0008,2026-08-25 00:52:00,127,Mobile
W004948,U0173,M0004,2026-07-31 03:57:00,83,Web
W004949,U0022,M0009,2026-09-15 16:59:00,79,Tablet
W004950,U0015,M0007,2026-07-30 10:55:00,109,Tablet
W004951,U0146,M0075,2026-07-19 08:42:00,77,Mobile
W004952,U0001,M0006,2026-09-10 18:43:00,70,Web
W004953,U0063,M0045,2026-08-31 07:08:00,95,Tablet
W004954,U0161,M0018,2026-09-22 03:48:00,86,TV
W004955,U0127,M0011,2026-08-12 13:08:00,77,Mobile
W004956,U0107,M0011,2026-09-02 16:49:00,92,Mobile
W004957,U0102,M0005,2026-09-23 12:30:00,81,Tablet
W004958,U0001,M0047,2026-08-20 20:05:00,150,Web
W004959,U0014,M0057,2026-08-04 10:44:00,93,Web
W004960,U0044,M0009,2026-09-11 11:12:00,65,Web
W004961,U0035,M0088,2026-07-08 17:16:00,93,Tablet
W004962,U0182,M0093,2026-09-05 06:10:00,76,Mobile
W004963,U0034,M0010,2026-07-25 14:22:00,161,Tablet
W004964,U0122,M0004,2026-08-16 02:06:00,91,TV
W004965,U0110,M0001,2026-08-08 06:02:00,124,Mobile
W004966,U0111,M0022,2026-07-02 06:07:00,137,Mobile
W004967,U0063,M0007,2026-07-18 09:02:00,102,Web
W004968,U0163,M0006,2026-09-19 09:01:00,49,Web
W004969,U0106,M0008,2026-07-26 17:37:00,123,Tablet
W004970,U0166,M0047,2026-07-10 12:15:00,124,TV
W004971,U0151,M0012,2026-09-07 03:15:00,51,Web
W004972,U0154,M0002,2026-07-24 10:55:00,94,Tablet
W004973,U0009,M0097,2026-09-13 01:55:00,68,TV
W004974,U0037,M0006,2026-09-09 13:10:00,95,Tablet
W004975,U0076,M0051,2026-07-12 14:39:00,140,Web
W004976,U0098,M0100,2026-07-12 21:39:00,141,Mobile
W004977,U0041,M0023,2026-08-30 02:57:00,114,Web
W004978,U0144,M0009,2026-07-21 18:01:00,74,Web
W004979,U0005,M0019,2026-09-02 16:44:00,156,Tablet
W004980,U0190,M0019,2026-07-13 12:18:00,143,TV
W004981,U0152,M0096,2026-09-24 11:22:00,126,TV
W004982,U0088,M0008,2026-09-04 02:13:00,136,Tablet
W004983,U0192,M0008,2026-07-06 20:16:00,154,TV
W004984,U0033,M0045,2026-08-10 23:35:00,52,Tablet
W004985,U0015,M0009,2026-08-29 19:48:00,47,Mobile
W004986,U0100,M0099,2026-08-04 23:46:00,80,Mobile
W004987,U0188,M0038,2026-09-02 12:36:00,88,Web
W004988,U0103,M0092,2026-08-12 13:21:00,79,Web
W004989,U0101,M0099,2026-09-07 13:02:00,81,Tablet
W004990,U0160,M0073,2026-08-21 15:26:00,118,Tablet
W004991,U0050,M0064,2026-09-27 09:19:00,113,Tablet
W004992,U0040,M0044,2026-08-05 22:49:00,80,Mobile
W004993,U0013,M0034,2026-08-22 05:46:00,136,Tablet
W004994,U0103,M0003,2026-07-01 16:11:00,84,Mobile
W004995,U0108,M0001,2026-08-02 10:24:00,132,Tablet
W004996,U0072,M0005,2026-08-15 10:39:00,70,Tablet
W004997,U0083,M0008,2026-09-07 09:54:00,138,Web
W004998,U0026,M0024,2026-07-24 04:32:00,68,Tablet
W004999,U0111,M0081,2026-07-01 12:29:00,146,Tablet
W005000,U0087,M0012,2026-09-12 13:52:00,72,TV
W005001,U0075,M0046,2026-08-02 12:46:00,118,Web
W005002,U0084,M0018,2026-07-15 00:12:00,74,TV
W005003,U0066,M0090,2026-07-24 16:00:00,132,Tablet
W005004,U0076,M0024,2026-07-14 01:57:00,115,TV
W005005,U0052,M0001,2026-09-22 00:37:00,90,TV
W005006,U0082,M0004,2026-09-17 22:33:00,84,Mobile
W005007,U0187,M0072,2026-08-11 04:47:00,132,TV
W005008,U0012,M0093,2026-09-12 17:13:00,82,Web
W005009,U0040,M0049,2026-08-16 15:59:00,81,Mobile
W005010,U0178,M0011,2026-09-05 13:35:00,84,Mobile
W005011,U0139,M0055,2026-07-03 18:24:00,147,Web
W005012,U0192,M0096,2026-07-20 08:24:00,134,Web
W005013,U0172,M0052,2026-08-23 03:30:00,72,Tablet
W005014,U0153,M0012,2026-09-18 00:11:00,46,Tablet
W005015,U0035,M0080,2026-07-31 15:23:00,118,Mobile
W005016,U0054,M0009,2026-08-05 10:18:00,79,Web
W005017,U0135,M0055,2026-07-28 04:47:00,114,TV
W005018,U0091,M0010,2026-09-07 10:18:00,140,Tablet
W005019,U0077,M0012,2026-09-27 15:02:00,92,Tablet
W005020,U0164,M0055,2026-08-22 03:49:00,113,Web
W005021,U0174,M0078,2026-09-19 20:27:00,53,Mobile
W005022,U0036,M0009,2026-07-01 02:22:00,104,TV
W005023,U0184,M0069,2026-07-25 14:24:00,83,Mobile
W005024,U0060,M0088,2026-08-02 04:49:00,121,TV
W005025,U0086,M0084,2026-08-25 13:42:00,92,TV
W005026,U0080,M0019,2026-07-04 17:16:00,128,TV
W005027,U0025,M0001,2026-08-30 12:41:00,94,Tablet
W005028,U0118,M0002,2026-08-25 11:49:00,108,Web
W005029,U0030,M0099,2026-07-07 01:41:00,71,Web
W005030,U0176,M0022,2026-07-19 08:06:00,117,Mobile
W005031,U0129,M0002,2026-09-15 09:02:00,79,Tablet
W005032,U0179,M0077,2026-07-10 15:36:00,105,Tablet
W005033,U0041,M0066,2026-08-28 20:44:00,122,Tablet
W005034,U0008,M0001,2026-09-04 18:28:00,98,Tablet
W005035,U0184,M0084,2026-07-16 02:04:00,57,Web
W005036,U0133,M0048,2026-07-09 23:31:00,99,Tablet
W005037,U0050,M0014,2026-08-04 22:44:00,69,TV
W005038,U0169,M0072,2026-08-03 19:37:00,139,Mobile
W005039,U0136,M0085,2026-08-12 15:58:00,128,TV
W005040,U0098,M0009,2026-09-13 19:02:00,78,Web
W005041,U0145,M0100,2026-08-07 17:05:00,114,Mobile
W005042,U0108,M0014,2026-07-22 10:36:00,81,TV
W005043,U0118,M0014,2026-07-21 00:44:00,93,Mobile
W005044,U0039,M0028,2026-07-21 18:04:00,94,Tablet
W005045,U0174,M0038,2026-07-04 06:27:00,84,Tablet
W005046,U0081,M0075,2026-09-18 10:55:00,58,Tablet
W005047,U0015,M0084,2026-09-12 17:17:00,71,Web
W005048,U0181,M0073,2026-07-07 10:13:00,142,Tablet
W005049,U0108,M0006,2026-07-29 13:51:00,64,Mobile
W005050,U0140,M0069,2026-09-15 17:32:00,83,Tablet
W005051,U0192,M0048,2026-08-12 02:56:00,74,Mobile
W005052,U0083,M0009,2026-08-24 20:14:00,79,Mobile
W005053,U0143,M0090,2026-08-03 15:23:00,88,Tablet
W005054,U0043,M0012,2026-09-14 06:06:00,70,TV
W005055,U0130,M0075,2026-08-20 02:34:00,71,Mobile
W005056,U0040,M0070,2026-09-01 08:56:00,83,Tablet
W005057,U0103,M0010,2026-07-14 17:43:00,137,Mobile
W005058,U0047,M0052,2026-09-24 03:58:00,87,Mobile
W005059,U0162,M0011,2026-09-06 04:40:00,115,Mobile
W005060,U0040,M0003,2026-09-16 03:01:00,116,Mobile
W005061,U0131,M0009,2026-09-13 05:26:00,90,Tablet
W005062,U0002,M0005,2026-08-05 07:39:00,63,Mobile
W005063,U0031,M0005,2026-08-11 09:16:00,76,TV
W005064,U0151,M0009,2026-08-05 06:46:00,74,TV
W005065,U0058,M0081,2026-09-21 09:38:00,121,Tablet
W005066,U0170,M0091,2026-08-25 07:02:00,102,Tablet
W005067,U0012,M0065,2026-09-03 23:25:00,98,Web
W005068,U0118,M0004,2026-09-17 11:37:00,106,TV
W005069,U0049,M0009,2026-08-02 06:00:00,80,Tablet
W005070,U0114,M0061,2026-09-06 07:58:00,103,Mobile
W005071,U0197,M0023,2026-09-15 10:42:00,122,TV
W005072,U0026,M0001,2026-07-30 23:18:00,72,Web
W005073,U0162,M0077,2026-09-01 00:25:00,134,Mobile
W005074,U0092,M0001,2026-08-28 14:12:00,96,Mobile
W005075,U0135,M0001,2026-08-26 05:45:00,79,TV
W005076,U0133,M0081,2026-09-03 17:00:00,106,Web
W005077,U0068,M0088,2026-07-29 07:46:00,79,TV
W005078,U0027,M0002,2026-07-29 08:11:00,120,Mobile
W005079,U0079,M0011,2026-09-25 13:26:00,115,Mobile
W005080,U0193,M0019,2026-09-24 05:10:00,144,TV
W005081,U0166,M0006,2026-09-16 10:40:00,91,Tablet
W005082,U0030,M0007,2026-08-27 03:25:00,99,Tablet
W005083,U0199,M0021,2026-09-06 16:32:00,93,Tablet
W005084,U0159,M0004,2026-08-18 22:40:00,94,Mobile
W005085,U0037,M0059,2026-08-28 03:30:00,101,Web
W005086,U0092,M0006,2026-08-16 15:18:00,68,Web
W005087,U0068,M0003,2026-09-27 20:49:00,65,Mobile
W005088,U0195,M0054,2026-09-13 14:00:00,110,Tablet
W005089,U0186,M0006,2026-09-25 19:33:00,72,Tablet
W005090,U0056,M0004,2026-08-25 19:27:00,92,Web
W005091,U0123,M0052,2026-09-08 00:42:00,42,Mobile
W005092,U0091,M0012,2026-08-03 07:39:00,71,Tablet
W005093,U0181,M0023,2026-08-24 17:49:00,131,Tablet
W005094,U0060,M0048,2026-08-16 08:01:00,76,Tablet
W005095,U0144,M0042,2026-09-03 16:28:00,110,Mobile
W005096,U0085,M0012,2026-09-22 21:37:00,77,Web
W005097,U0165,M0024,2026-09-13 18:54:00,107,Mobile
W005098,U0097,M0002,2026-07-07 06:40:00,115,Web
W005099,U0161,M0071,2026-08-18 22:16:00,138,Tablet
W005100,U0007,M0002,2026-09-21 20:45:00,123,TV
W005101,U0077,M0085,2026-09-11 08:04:00,122,Web
W005102,U0100,M0026,2026-09-05 04:29:00,100,Mobile
W005103,U0089,M0006,2026-08-19 14:04:00,72,Tablet
W005104,U0069,M0085,2026-08-08 15:45:00,145,Mobile
W005105,U0114,M0016,2026-07-31 15:28:00,143,TV
W005106,U0020,M0008,2026-08-06 19:37:00,137,Mobile
W005107,U0166,M0087,2026-09-20 02:56:00,106,Web
W005108,U0071,M0002,2026-08-05 04:32:00,104,Mobile
W005109,U0181,M0071,2026-09-13 09:24:00,112,Tablet
W005110,U0074,M0015,2026-09-05 23:41:00,81,TV
W005111,U0152,M0005,2026-08-18 18:56:00,65,TV
W005112,U0052,M0023,2026-09-12 21:38:00,124,TV
W005113,U0109,M0007,2026-09-27 05:20:00,97,Tablet
W005114,U0182,M0036,2026-07-11 14:39:00,105,TV
W005115,U0107,M0005,2026-08-11 04:19:00,63,Tablet
W005116,U0107,M0011,2026-08-09 15:22:00,95,Mobile
W005117,U0001,M0012,2026-07-29 12:44:00,70,Web
W005118,U0045,M0028,2026-07-13 05:39:00,62,TV
W005119,U0035,M0053,2026-07-25 10:54:00,71,Mobile
W005120,U0054,M0012,2026-09-27 11:15:00,56,Tablet
W005121,U0142,M0054,2026-09-20 02:38:00,89,Mobile
W005122,U0025,M0006,2026-09-17 15:58:00,82,Tablet
W005123,U0158,M0083,2026-07-30 19:12:00,111,Tablet
W005124,U0031,M0081,2026-07-27 17:44:00,141,Mobile
W005125,U0158,M0020,2026-07-20 05:34:00,126,Mobile
W005126,U0118,M0096,2026-09-16 12:03:00,173,Tablet
W005127,U0093,M0003,2026-09-19 06:03:00,84,Tablet
W005128,U0014,M0035,2026-08-20 00:35:00,173,Tablet
W005129,U0064,M0002,2026-09-07 09:54:00,113,Web
W005130,U0189,M0012,2026-09-20 08:09:00,80,Web
W005131,U0092,M0016,2026-08-28 04:42:00,143,Tablet
W005132,U0068,M0096,2026-07-28 04:22:00,163,Mobile
W005133,U0007,M0046,2026-09-23 09:42:00,123,Web
W005134,U0001,M0032,2026-09-06 15:00:00,45,Web
W005135,U0088,M0069,2026-09-05 07:40:00,62,Web
W005136,U0200,M0088,2026-09-23 05:28:00,82,Web
W005137,U0141,M0004,2026-08-13 19:00:00,103,TV
W005138,U0147,M0002,2026-07-28 08:52:00,121,Tablet
W005139,U0194,M0064,2026-09-26 01:56:00,90,Web
W005140,U0071,M0010,2026-09-05 13:21:00,149,Mobile
W005141,U0096,M0003,2026-07-27 14:46:00,87,Web
W005142,U0024,M0087,2026-07-24 17:32:00,87,Tablet
W005143,U0135,M0007,2026-08-23 16:06:00,99,TV
W005144,U0177,M0033,2026-07-27 08:27:00,62,Mobile
W005145,U0150,M0005,2026-07-26 23:29:00,88,Tablet
W005146,U0109,M0008,2026-08-16 18:29:00,157,TV
W005147,U0014,M0003,2026-08-15 16:44:00,105,Tablet
W005148,U0063,M0033,2026-07-29 09:37:00,76,TV
W005149,U0150,M0064,2026-07-30 13:02:00,94,TV
W005150,U0111,M0003,2026-08-18 16:25:00,101,Tablet
W005151,U0044,M0012,2026-09-25 01:00:00,78,Mobile
W005152,U0141,M0009,2026-07-09 20:35:00,61,Mobile
W005153,U0158,M0007,2026-08-27 10:08:00,74,TV
W005154,U0085,M0008,2026-09-15 08:42:00,133,Mobile
W005155,U0105,M0012,2026-07-13 23:55:00,92,TV
W005156,U0063,M0081,2026-08-03 21:16:00,103,Web
W005157,U0046,M0041,2026-07-02 02:43:00,119,TV
W005158,U0014,M0030,2026-09-26 06:49:00,80,Tablet
W005159,U0086,M0012,2026-09-21 19:49:00,62,TV
W005160,U0044,M0083,2026-09-06 10:31:00,77,Mobile
W005161,U0025,M0084,2026-09-10 17:58:00,100,Tablet
W005162,U0010,M0004,2026-07-29 16:12:00,103,Mobile
W005163,U0066,M0099,2026-09-06 05:21:00,82,Mobile
W005164,U0103,M0005,2026-09-20 06:25:00,82,TV
W005165,U0053,M0013,2026-07-12 17:12:00,97,Mobile
W005166,U0009,M0099,2026-07-22 03:02:00,97,TV
W005167,U0048,M0031,2026-07-05 07:05:00,111,Mobile
W005168,U0025,M0084,2026-09-16 09:35:00,97,Mobile
W005169,U0030,M0047,2026-07-24 07:17:00,118,Mobile
W005170,U0050,M0057,2026-08-28 09:54:00,86,TV
W005171,U0094,M0033,2026-08-17 01:27:00,39,TV
W005172,U0041,M0065,2026-09-05 17:07:00,136,Web
W005173,U0086,M0003,2026-08-31 19:53:00,95,Web
W005174,U0048,M0009,2026-07-28 03:52:00,90,Web
W005175,U0157,M0007,2026-08-08 23:24:00,96,Tablet
W005176,U0110,M0039,2026-07-25 08:37:00,112,TV
W005177,U0191,M0010,2026-09-05 10:00:00,152,TV
W005178,U0112,M0001,2026-08-27 22:47:00,68,Tablet
W005179,U0161,M0065,2026-07-26 04:31:00,94,Web
W005180,U0046,M0010,2026-09-14 13:59:00,116,TV
W005181,U0092,M0007,2026-09-14 23:44:00,96,TV
W005182,U0099,M0011,2026-08-03 18:18:00,73,Web
W005183,U0145,M0077,2026-07-25 08:23:00,87,TV
W005184,U0095,M0067,2026-09-18 09:39:00,108,Mobile
W005185,U0159,M0001,2026-08-07 21:50:00,104,Web
W005186,U0057,M0063,2026-08-06 19:15:00,145,Web
W005187,U0041,M0088,2026-09-18 22:21:00,41,Web
W005188,U0196,M0001,2026-08-09 12:44:00,129,Web
W005189,U0171,M0055,2026-07-31 18:30:00,122,Tablet
W005190,U0033,M0002,2026-09-07 01:53:00,127,TV
W005191,U0040,M0089,2026-07-19 10:28:00,159,Tablet
W005192,U0127,M0018,2026-07-28 02:34:00,47,Mobile
W005193,U0087,M0007,2026-07-08 10:41:00,104,Tablet
W005194,U0051,M0055,2026-07-30 11:44:00,132,Web
W005195,U0055,M0087,2026-08-07 09:27:00,73,Tablet
W005196,U0064,M0003,2026-08-07 14:07:00,91,Mobile
W005197,U0101,M0011,2026-07-27 22:41:00,67,TV
W005198,U0158,M0003,2026-08-07 19:11:00,87,Mobile
W005199,U0091,M0055,2026-08-31 07:57:00,123,Tablet
W005200,U0132,M0041,2026-09-02 05:27:00,122,Tablet
W005201,U0023,M0011,2026-07-23 06:52:00,115,Tablet
W005202,U0034,M0011,2026-07-06 08:44:00,94,Tablet
W005203,U0177,M0021,2026-09-09 13:02:00,73,Mobile
W005204,U0071,M0009,2026-09-13 03:20:00,79,Tablet
W005205,U0142,M0078,2026-08-20 14:27:00,85,Web
W005206,U0147,M0042,2026-07-11 17:23:00,77,TV
W005207,U0032,M0082,2026-08-06 05:57:00,83,Web
W005208,U0198,M0002,2026-08-06 02:57:00,80,TV
W005209,U0083,M0083,2026-09-15 07:21:00,117,TV
W005210,U0100,M0087,2026-08-01 08:30:00,112,Tablet
W005211,U0053,M0038,2026-08-24 10:01:00,100,Web
W005212,U0003,M0046,2026-08-05 23:47:00,109,Web
W005213,U0130,M0039,2026-08-30 18:45:00,143,Tablet
W005214,U0184,M0090,2026-08-21 14:58:00,129,Tablet
W005215,U0023,M0009,2026-08-11 02:18:00,85,TV
W005216,U0056,M0004,2026-07-21 02:04:00,88,Mobile
W005217,U0009,M0010,2026-09-26 00:15:00,127,Mobile
W005218,U0030,M0010,2026-09-09 15:21:00,142,TV
W005219,U0146,M0075,2026-09-05 13:43:00,63,Mobile
W005220,U0050,M0056,2026-07-22 01:59:00,110,Web
W005221,U0070,M0051,2026-08-13 08:21:00,148,Tablet
W005222,U0169,M0046,2026-09-26 02:35:00,93,Web
W005223,U0137,M0097,2026-07-26 14:49:00,104,Web
W005224,U0023,M0043,2026-09-25 22:15:00,84,Mobile
W005225,U0112,M0009,2026-08-24 15:48:00,82,Web
W005226,U0140,M0085,2026-07-10 10:36:00,144,Tablet
W005227,U0003,M0080,2026-08-22 15:24:00,81,Mobile
W005228,U0198,M0097,2026-07-05 07:53:00,62,Web
W005229,U0168,M0018,2026-09-20 08:10:00,75,Tablet
W005230,U0107,M0067,2026-08-06 18:59:00,99,Mobile
W005231,U0192,M0016,2026-09-18 18:01:00,128,Web
W005232,U0037,M0003,2026-09-25 21:44:00,93,TV
W005233,U0067,M0008,2026-09-20 11:51:00,135,Web
W005234,U0040,M0054,2026-07-20 01:43:00,88,Web
W005235,U0051,M0024,2026-08-08 17:26:00,125,Mobile
W005236,U0125,M0100,2026-07-19 16:43:00,139,Tablet
W005237,U0016,M0037,2026-07-30 11:37:00,93,Mobile
W005238,U0127,M0096,2026-07-19 12:04:00,130,TV
W005239,U0181,M0022,2026-08-23 01:30:00,102,Mobile
W005240,U0035,M0096,2026-09-21 11:39:00,100,Tablet
W005241,U0172,M0020,2026-07-15 16:57:00,147,Mobile
W005242,U0075,M0094,2026-07-11 20:27:00,120,TV
W005243,U0137,M0011,2026-09-16 11:13:00,79,Tablet
W005244,U0179,M0098,2026-09-09 07:47:00,105,TV
W005245,U0112,M0012,2026-09-16 06:57:00,50,Web
W005246,U0110,M0037,2026-08-25 02:04:00,90,Mobile
W005247,U0062,M0040,2026-07-04 09:56:00,156,Mobile
W005248,U0169,M0011,2026-07-12 02:45:00,79,Web
W005249,U0044,M0063,2026-08-28 09:11:00,141,Mobile
W005250,U0020,M0062,2026-07-08 12:00:00,122,Web
W005251,U0056,M0005,2026-07-05 16:16:00,64,TV
W005252,U0100,M0067,2026-08-07 00:03:00,119,Web
W005253,U0089,M0008,2026-07-16 05:17:00,147,Tablet
W005254,U0190,M0095,2026-09-20 07:42:00,124,Mobile
W005255,U0001,M0012,2026-08-27 14:48:00,58,Mobile
W005256,U0182,M0007,2026-08-23 03:13:00,109,Web
W005257,U0134,M0007,2026-08-08 18:26:00,82,TV
W005258,U0015,M0032,2026-08-03 14:37:00,79,Mobile
W005259,U0152,M0003,2026-08-09 09:13:00,56,Tablet
W005260,U0054,M0011,2026-08-03 03:18:00,102,Web
W005261,U0038,M0035,2026-08-10 19:13:00,134,TV
W005262,U0100,M0006,2026-07-13 03:07:00,68,Web
W005263,U0104,M0004,2026-07-03 08:33:00,86,Tablet
W005264,U0006,M0077,2026-07-08 13:19:00,161,Web
W005265,U0168,M0076,2026-07-11 02:59:00,121,Tablet
W005266,U0131,M0008,2026-09-17 09:12:00,134,TV
W005267,U0067,M0058,2026-09-10 16:13:00,63,Mobile
W005268,U0002,M0010,2026-09-27 03:32:00,117,Tablet
W005269,U0105,M0036,2026-08-31 04:41:00,100,Mobile
W005270,U0125,M0005,2026-08-18 19:33:00,112,TV
W005271,U0002,M0005,2026-08-07 02:30:00,97,Mobile
W005272,U0032,M0003,2026-09-18 04:56:00,116,TV
W005273,U0036,M0053,2026-07-14 00:00:00,77,TV
W005274,U0073,M0054,2026-08-18 19:01:00,100,Web
W005275,U0121,M0008,2026-09-17 20:31:00,143,Web
W005276,U0009,M0002,2026-07-25 20:12:00,114,Mobile
W005277,U0010,M0073,2026-08-11 04:13:00,131,Web
W005278,U0027,M0058,2026-09-24 04:45:00,63,TV
W005279,U0089,M0017,2026-09-14 04:31:00,108,TV
W005280,U0082,M0002,2026-09-23 10:28:00,79,TV
W005281,U0043,M0008,2026-09-23 01:29:00,151,Tablet
W005282,U0075,M0001,2026-08-28 05:07:00,80,Web
W005283,U0126,M0071,2026-08-24 12:05:00,139,Mobile
W005284,U0033,M0069,2026-09-16 12:06:00,42,Mobile
W005285,U0007,M0089,2026-07-10 07:32:00,110,Web
W005286,U0063,M0090,2026-07-08 00:38:00,85,Web
W005287,U0195,M0098,2026-09-10 14:26:00,119,Mobile
W005288,U0168,M0070,2026-07-27 04:57:00,54,Tablet
W005289,U0143,M0009,2026-09-11 19:20:00,53,TV
W005290,U0141,M0044,2026-07-16 22:55:00,87,Mobile
W005291,U0165,M0055,2026-07-03 01:18:00,93,Tablet
W005292,U0144,M0100,2026-08-31 07:41:00,151,TV
W005293,U0119,M0094,2026-08-30 18:28:00,131,Tablet
W005294,U0065,M0063,2026-09-13 19:43:00,141,Tablet
W005295,U0153,M0059,2026-07-30 00:43:00,87,Web
W005296,U0127,M0007,2026-08-23 22:01:00,72,Web
W005297,U0179,M0082,2026-08-19 13:59:00,78,Mobile
W005298,U0108,M0008,2026-08-21 13:24:00,124,Mobile
W005299,U0177,M0088,2026-08-02 16:52:00,111,Tablet
W005300,U0004,M0005,2026-07-07 01:39:00,73,Mobile
W005301,U0100,M0005,2026-08-08 06:19:00,74,Web
W005302,U0096,M0008,2026-09-20 08:16:00,139,Mobile
W005303,U0022,M0009,2026-07-29 23:26:00,92,TV
W005304,U0108,M0076,2026-07-28 04:49:00,134,Mobile
W005305,U0036,M0007,2026-07-21 00:29:00,79,TV
W005306,U0123,M0009,2026-08-26 01:35:00,64,TV
W005307,U0164,M0008,2026-07-27 22:05:00,134,Tablet
W005308,U0047,M0001,2026-09-12 01:32:00,129,Mobile
W005309,U0137,M0080,2026-08-31 11:14:00,107,Web
W005310,U0045,M0044,2026-07-28 10:35:00,102,Mobile
W005311,U0197,M0025,2026-07-25 22:21:00,103,Web
W005312,U0029,M0010,2026-08-01 03:07:00,149,TV
W005313,U0102,M0027,2026-07-30 19:42:00,58,Web
W005314,U0150,M0024,2026-08-04 23:14:00,102,TV
W005315,U0128,M0005,2026-07-02 08:39:00,93,Tablet
W005316,U0016,M0063,2026-09-08 10:33:00,141,TV
W005317,U0057,M0009,2026-08-26 11:41:00,88,Web
W005318,U0092,M0028,2026-09-23 17:37:00,76,TV
W005319,U0022,M0005,2026-08-28 06:10:00,55,Tablet
W005320,U0058,M0094,2026-07-26 10:39:00,116,Mobile
W005321,U0036,M0010,2026-08-05 17:00:00,150,Mobile
W005322,U0114,M0021,2026-07-10 00:43:00,93,Tablet
W005323,U0076,M0021,2026-08-24 15:14:00,78,Web
W005324,U0023,M0008,2026-08-12 05:38:00,143,TV
W005325,U0031,M0012,2026-09-01 07:18:00,72,Tablet
W005326,U0098,M0043,2026-08-13 05:18:00,89,Mobile
W005327,U0102,M0049,2026-09-28 18:23:00,96,Mobile
W005328,U0056,M0081,2026-09-15 08:49:00,140,TV
W005329,U0151,M0016,2026-08-15 12:30:00,153,Web
W005330,U0002,M0030,2026-07-14 18:21:00,83,Mobile
W005331,U0108,M0076,2026-08-31 02:44:00,112,TV
W005332,U0165,M0065,2026-07-20 06:20:00,101,Web
W005333,U0159,M0051,2026-08-14 13:07:00,125,Mobile
W005334,U0001,M0048,2026-08-28 19:29:00,86,Mobile
W005335,U0048,M0003,2026-08-09 03:58:00,105,Web
W005336,U0097,M0079,2026-09-02 17:12:00,102,Tablet
W005337,U0017,M0005,2026-08-02 05:06:00,102,Tablet
W005338,U0149,M0014,2026-07-21 15:40:00,95,Mobile
W005339,U0074,M0005,2026-09-05 04:03:00,91,TV
W005340,U0022,M0002,2026-08-29 05:53:00,92,Tablet
W005341,U0120,M0021,2026-07-26 22:17:00,65,Web
W005342,U0063,M0003,2026-07-02 04:04:00,110,Mobile
W005343,U0158,M0087,2026-09-25 00:20:00,94,Mobile
W005344,U0021,M0007,2026-09-27 15:48:00,81,Tablet
W005345,U0110,M0008,2026-09-03 18:17:00,130,TV
W005346,U0169,M0010,2026-08-28 23:48:00,138,Tablet
W005347,U0018,M0005,2026-07-03 09:53:00,89,Mobile
W005348,U0180,M0005,2026-08-13 09:33:00,76,Mobile
W005349,U0105,M0092,2026-09-11 13:24:00,101,TV
W005350,U0063,M0073,2026-08-31 10:56:00,131,Mobile
W005351,U0101,M0008,2026-08-26 23:39:00,97,Mobile
W005352,U0099,M0001,2026-08-27 13:57:00,97,Tablet
W005353,U0053,M0012,2026-07-23 09:33:00,79,Tablet
W005354,U0032,M0006,2026-08-23 07:38:00,83,TV
W005355,U0019,M0011,2026-08-04 10:57:00,98,Web
W005356,U0166,M0005,2026-08-07 16:34:00,67,TV
W005357,U0128,M0026,2026-07-08 13:35:00,85,Web
W005358,U0050,M0094,2026-07-04 15:28:00,134,Mobile
W005359,U0192,M0066,2026-08-11 06:48:00,136,TV
W005360,U0146,M0012,2026-09-18 12:37:00,44,TV
W005361,U0180,M0016,2026-07-19 20:35:00,144,Tablet
W005362,U0098,M0042,2026-07-12 13:01:00,103,Tablet
W005363,U0194,M0073,2026-07-10 09:37:00,115,Tablet
W005364,U0106,M0004,2026-08-21 21:27:00,90,Mobile
W005365,U0088,M0048,2026-09-22 16:21:00,86,Mobile
W005366,U0200,M0081,2026-08-30 17:44:00,127,Mobile
W005367,U0100,M0004,2026-07-15 21:32:00,83,TV
W005368,U0111,M0008,2026-09-17 19:21:00,119,TV
W005369,U0095,M0070,2026-09-12 07:36:00,92,Web
W005370,U0081,M0012,2026-07-21 01:55:00,80,TV
W005371,U0126,M0004,2026-08-31 05:24:00,56,Tablet
W005372,U0158,M0004,2026-09-27 23:13:00,114,Tablet
W005373,U0067,M0001,2026-08-16 12:58:00,104,TV
W005374,U0072,M0083,2026-09-03 10:59:00,121,Web
W005375,U0031,M0093,2026-07-28 22:16:00,72,Mobile
W005376,U0106,M0007,2026-09-27 08:30:00,99,Tablet
W005377,U0084,M0008,2026-08-18 14:10:00,168,TV
W005378,U0173,M0031,2026-09-17 20:36:00,103,Tablet
W005379,U0197,M0097,2026-09-07 07:54:00,64,Tablet
W005380,U0046,M0059,2026-09-06 07:53:00,84,Web
W005381,U0180,M0096,2026-08-25 21:03:00,108,Web
W005382,U0176,M0078,2026-09-17 20:50:00,82,TV
W005383,U0019,M0008,2026-08-22 09:15:00,151,Web
W005384,U0002,M0031,2026-07-14 09:52:00,130,TV
W005385,U0075,M0009,2026-08-12 00:05:00,47,Mobile
W005386,U0074,M0005,2026-09-27 12:23:00,76,Tablet
W005387,U0186,M0001,2026-09-17 02:15:00,121,Web
W005388,U0179,M0002,2026-08-11 18:36:00,92,Mobile
W005389,U0053,M0058,2026-08-29 03:21:00,62,Web
W005390,U0116,M0009,2026-09-09 11:12:00,74,TV
W005391,U0050,M0008,2026-08-28 17:15:00,135,Mobile
W005392,U0146,M0074,2026-07-29 19:44:00,98,Mobile
W005393,U0184,M0007,2026-08-14 10:34:00,70,Mobile
W005394,U0102,M0036,2026-08-07 01:05:00,123,TV
W005395,U0172,M0007,2026-09-16 06:01:00,120,Tablet
W005396,U0052,M0023,2026-07-11 06:28:00,71,Mobile
W005397,U0036,M0013,2026-07-03 11:07:00,106,Web
W005398,U0129,M0073,2026-07-12 12:20:00,106,Tablet
W005399,U0065,M0045,2026-07-19 14:56:00,90,Tablet
W005400,U0173,M0012,2026-07-03 02:06:00,71,TV
W005401,U0177,M0007,2026-08-15 09:34:00,89,TV
W005402,U0098,M0036,2026-09-16 12:49:00,81,Web
W005403,U0164,M0070,2026-08-25 05:06:00,109,TV
W005404,U0007,M0001,2026-09-22 11:42:00,90,Tablet
W005405,U0072,M0002,2026-07-11 08:26:00,111,Web
W005406,U0196,M0067,2026-09-21 15:46:00,97,TV
W005407,U0096,M0015,2026-09-14 01:57:00,70,Mobile
W005408,U0020,M0064,2026-09-20 19:43:00,57,Web
W005409,U0075,M0005,2026-07-10 23:41:00,56,Mobile
W005410,U0139,M0008,2026-07-20 17:28:00,141,Mobile
W005411,U0074,M0071,2026-08-28 01:51:00,151,Web
W005412,U0062,M0072,2026-08-01 17:27:00,125,Tablet
W005413,U0099,M0003,2026-07-07 21:41:00,84,TV
W005414,U0134,M0001,2026-07-25 23:31:00,77,TV
W005415,U0123,M0099,2026-08-11 16:41:00,81,TV
W005416,U0011,M0050,2026-07-10 09:14:00,151,Tablet
W005417,U0133,M0003,2026-08-04 17:15:00,95,Tablet
W005418,U0141,M0070,2026-07-04 06:50:00,93,Mobile
W005419,U0156,M0062,2026-07-15 02:05:00,132,Mobile
W005420,U0104,M0045,2026-08-14 00:43:00,57,Mobile
W005421,U0112,M0093,2026-07-10 17:05:00,53,Tablet
W005422,U0133,M0009,2026-07-11 06:27:00,104,Mobile
W005423,U0146,M0004,2026-09-14 05:44:00,98,TV
W005424,U0170,M0037,2026-07-15 13:09:00,75,Tablet
W005425,U0017,M0012,2026-09-18 04:04:00,87,Mobile
W005426,U0086,M0047,2026-08-04 03:02:00,135,TV
W005427,U0066,M0006,2026-08-28 14:01:00,50,Tablet
W005428,U0084,M0001,2026-09-03 05:22:00,103,TV
W005429,U0140,M0006,2026-07-23 11:23:00,65,TV
W005430,U0149,M0024,2026-07-26 16:40:00,116,TV
W005431,U0100,M0004,2026-08-30 00:36:00,101,Tablet
W005432,U0086,M0088,2026-07-07 01:20:00,110,Web
W005433,U0139,M0078,2026-09-23 13:29:00,50,TV
W005434,U0002,M0039,2026-07-01 14:06:00,133,TV
W005435,U0132,M0003,2026-07-19 14:45:00,115,TV
W005436,U0123,M0001,2026-08-09 03:20:00,137,TV
W005437,U0066,M0098,2026-07-07 08:06:00,95,Mobile
W005438,U0043,M0004,2026-07-12 10:46:00,63,Web
W005439,U0077,M0006,2026-07-10 16:38:00,75,Tablet
W005440,U0049,M0025,2026-08-18 17:05:00,80,Tablet
W005441,U0033,M0037,2026-08-28 03:43:00,59,TV
W005442,U0124,M0012,2026-08-12 16:51:00,80,Tablet
W005443,U0192,M0096,2026-07-12 00:02:00,153,TV
W005444,U0082,M0001,2026-09-02 02:31:00,94,Tablet
W005445,U0168,M0010,2026-09-22 21:08:00,135,Mobile
W005446,U0003,M0002,2026-09-21 14:14:00,105,Mobile
W005447,U0038,M0016,2026-07-05 08:58:00,145,Web
W005448,U0037,M0040,2026-07-27 20:52:00,112,Web
W005449,U0126,M0051,2026-09-19 20:50:00,129,Tablet
W005450,U0178,M0009,2026-09-28 16:45:00,75,Tablet
W005451,U0025,M0006,2026-09-24 01:49:00,91,Tablet
W005452,U0028,M0009,2026-08-03 04:50:00,97,Tablet
W005453,U0090,M0004,2026-08-06 15:34:00,91,Mobile
W005454,U0156,M0010,2026-08-17 16:43:00,117,TV
W005455,U0050,M0088,2026-09-09 21:42:00,94,Web
W005456,U0039,M0023,2026-09-24 05:05:00,112,Web
W005457,U0036,M0006,2026-09-01 02:10:00,71,Tablet
W005458,U0160,M0038,2026-09-26 03:00:00,81,TV
W005459,U0033,M0077,2026-08-22 17:50:00,137,Mobile
W005460,U0118,M0088,2026-08-02 22:27:00,100,Web
W005461,U0123,M0065,2026-08-08 08:25:00,114,Tablet
W005462,U0164,M0085,2026-07-08 12:28:00,140,Web
W005463,U0010,M0084,2026-07-04 23:48:00,116,TV
W005464,U0108,M0036,2026-07-03 19:07:00,118,Mobile
W005465,U0035,M0010,2026-08-01 17:38:00,109,Web
W005466,U0120,M0001,2026-08-24 10:04:00,98,Tablet
W005467,U0143,M0040,2026-07-21 02:01:00,129,TV
W005468,U0092,M0003,2026-09-20 09:54:00,116,Mobile
W005469,U0154,M0031,2026-07-10 19:29:00,114,Mobile
W005470,U0065,M0001,2026-07-23 01:40:00,127,Tablet
W005471,U0163,M0010,2026-09-16 15:32:00,128,TV
W005472,U0006,M0047,2026-07-09 08:08:00,164,Tablet
W005473,U0178,M0012,2026-09-13 09:23:00,61,TV
W005474,U0200,M0013,2026-07-29 06:01:00,75,Tablet
W005475,U0138,M0006,2026-07-25 00:25:00,89,TV
W005476,U0185,M0007,2026-08-30 23:13:00,74,TV
W005477,U0075,M0014,2026-07-04 14:03:00,108,TV
W005478,U0006,M0005,2026-08-30 10:41:00,61,Mobile
W005479,U0023,M0091,2026-08-30 16:04:00,127,Web
W005480,U0023,M0099,2026-08-20 22:11:00,58,Web
W005481,U0072,M0042,2026-09-13 23:50:00,111,Tablet
W005482,U0167,M0044,2026-09-05 09:54:00,102,Mobile
W005483,U0166,M0042,2026-09-28 23:05:00,91,TV
W005484,U0098,M0038,2026-09-12 21:27:00,119,Mobile
W005485,U0023,M0027,2026-07-06 04:13:00,69,TV
W005486,U0017,M0008,2026-08-17 10:13:00,112,Mobile
W005487,U0187,M0016,2026-09-12 16:28:00,165,Mobile
W005488,U0045,M0054,2026-07-31 13:50:00,91,Web
W005489,U0017,M0012,2026-08-19 11:51:00,89,TV
W005490,U0160,M0099,2026-08-26 13:59:00,73,TV
W005491,U0013,M0070,2026-09-03 06:53:00,88,Tablet
W005492,U0023,M0060,2026-09-09 02:46:00,140,Tablet
W005493,U0101,M0023,2026-08-18 14:04:00,112,Mobile
W005494,U0036,M0006,2026-08-31 09:12:00,72,Tablet
W005495,U0134,M0065,2026-08-01 17:56:00,127,Web
W005496,U0200,M0003,2026-09-20 09:15:00,68,Web
W005497,U0197,M0010,2026-09-16 01:52:00,152,TV
W005498,U0019,M0080,2026-07-04 07:22:00,95,Web
W005499,U0175,M0044,2026-08-31 09:07:00,82,Tablet
W005500,U0128,M0039,2026-08-25 00:54:00,109,Tablet
W005501,U0159,M0009,2026-07-27 09:59:00,89,Mobile
W005502,U0192,M0098,2026-07-13 17:41:00,115,Tablet
W005503,U0156,M0060,2026-08-13 04:16:00,150,Web
W005504,U0166,M0021,2026-09-07 22:42:00,72,Mobile
W005505,U0104,M0005,2026-08-08 21:06:00,51,Tablet
W005506,U0123,M0008,2026-09-18 03:57:00,141,TV
W005507,U0169,M0051,2026-08-07 05:50:00,148,Web
W005508,U0007,M0041,2026-09-05 07:53:00,116,Tablet
W005509,U0199,M0023,2026-08-11 20:38:00,119,TV
W005510,U0048,M0010,2026-08-09 08:16:00,130,Tablet
W005511,U0114,M0048,2026-08-21 20:54:00,87,Tablet
W005512,U0022,M0007,2026-09-13 08:48:00,82,Web
W005513,U0044,M0031,2026-08-20 02:08:00,139,Mobile
W005514,U0119,M0090,2026-08-22 20:44:00,100,TV
W005515,U0082,M0018,2026-07-13 08:10:00,55,Tablet
W005516,U0120,M0018,2026-08-09 11:43:00,86,Web
W005517,U0155,M0010,2026-08-04 14:31:00,129,TV
W005518,U0143,M0001,2026-09-26 08:15:00,130,Mobile
W005519,U0082,M0018,2026-09-23 03:06:00,86,Web
W005520,U0032,M0001,2026-07-10 22:54:00,121,Tablet
W005521,U0085,M0011,2026-08-20 04:37:00,69,TV
W005522,U0152,M0009,2026-09-17 22:52:00,69,Tablet
W005523,U0090,M0065,2026-08-18 15:22:00,98,Mobile
W005524,U0079,M0007,2026-07-04 14:01:00,92,Mobile
W005525,U0167,M0001,2026-09-09 10:32:00,136,TV
W005526,U0068,M0079,2026-08-24 02:24:00,104,TV
W005527,U0134,M0004,2026-08-21 01:54:00,99,Tablet
W005528,U0013,M0055,2026-08-28 11:41:00,98,Mobile
W005529,U0199,M0013,2026-08-23 16:06:00,94,TV
W005530,U0088,M0053,2026-07-06 19:23:00,96,Tablet
W005531,U0161,M0054,2026-08-14 21:51:00,100,Mobile
W005532,U0103,M0012,2026-07-14 14:00:00,92,TV
W005533,U0042,M0057,2026-09-16 10:59:00,98,Mobile
W005534,U0163,M0067,2026-08-04 23:49:00,128,TV
W005535,U0011,M0050,2026-09-10 05:18:00,157,Mobile
W005536,U0035,M0074,2026-09-10 11:56:00,101,TV
W005537,U0099,M0009,2026-07-13 15:24:00,79,Tablet
W005538,U0094,M0063,2026-08-12 17:47:00,164,Web
W005539,U0007,M0003,2026-08-15 00:56:00,118,Web
W005540,U0079,M0012,2026-09-25 02:38:00,53,Web
W005541,U0105,M0005,2026-07-24 06:36:00,104,Tablet
W005542,U0054,M0009,2026-08-28 19:04:00,86,Web
W005543,U0065,M0007,2026-07-20 22:07:00,92,Web
W005544,U0098,M0007,2026-09-20 14:02:00,120,Tablet
W005545,U0091,M0042,2026-08-30 15:27:00,87,TV
W005546,U0076,M0058,2026-08-30 04:44:00,55,Web
W005547,U0168,M0007,2026-08-27 08:12:00,103,Tablet
W005548,U0056,M0010,2026-09-28 01:51:00,151,Tablet
W005549,U0077,M0096,2026-07-22 21:01:00,158,Tablet
W005550,U0122,M0003,2026-08-17 17:50:00,125,Tablet
W005551,U0002,M0012,2026-09-21 00:27:00,61,Tablet
W005552,U0198,M0047,2026-08-29 18:59:00,122,Web
W005553,U0077,M0060,2026-09-18 07:18:00,140,Web
W005554,U0138,M0025,2026-08-02 09:45:00,77,Mobile
W005555,U0196,M0092,2026-07-30 01:08:00,108,Mobile
W005556,U0153,M0025,2026-08-18 10:11:00,64,Web
W005557,U0103,M0001,2026-07-16 00:51:00,108,Tablet
W005558,U0051,M0084,2026-07-16 16:12:00,88,TV
W005559,U0146,M0083,2026-09-02 10:29:00,90,Tablet
W005560,U0037,M0002,2026-07-25 13:02:00,107,Web
W005561,U0171,M0019,2026-07-22 23:58:00,127,Tablet
W005562,U0036,M0007,2026-08-20 21:21:00,91,Web
W005563,U0029,M0010,2026-07-04 11:59:00,123,Mobile
W005564,U0077,M0011,2026-07-03 02:35:00,65,TV
W005565,U0144,M0076,2026-07-29 08:48:00,123,Mobile
W005566,U0036,M0001,2026-08-24 07:20:00,121,Web
W005567,U0198,M0055,2026-09-14 00:51:00,119,Web
W005568,U0049,M0009,2026-09-11 14:08:00,101,Mobile
W005569,U0029,M0013,2026-07-22 18:06:00,78,Web
W005570,U0043,M0010,2026-08-02 13:59:00,116,TV
W005571,U0118,M0076,2026-07-14 13:28:00,87,Tablet
W005572,U0047,M0012,2026-07-11 02:30:00,60,Mobile
W005573,U0135,M0003,2026-08-15 03:19:00,99,Web
W005574,U0090,M0085,2026-08-01 03:35:00,149,Mobile
W005575,U0067,M0008,2026-09-27 21:51:00,160,Mobile
W005576,U0150,M0059,2026-07-30 12:10:00,85,Mobile
W005577,U0021,M0008,2026-08-30 13:56:00,149,Web
W005578,U0081,M0048,2026-09-01 16:21:00,82,Tablet
W005579,U0179,M0026,2026-09-23 02:05:00,88,TV
W005580,U0140,M0061,2026-08-07 20:10:00,96,Tablet
W005581,U0052,M0067,2026-08-10 06:08:00,105,TV
W005582,U0023,M0098,2026-09-14 14:09:00,125,Tablet
W005583,U0096,M0009,2026-09-04 10:59:00,74,TV
W005584,U0195,M0005,2026-07-24 10:08:00,51,Mobile
W005585,U0045,M0005,2026-07-03 14:47:00,65,Tablet
W005586,U0101,M0017,2026-07-02 06:50:00,87,Mobile
W005587,U0109,M0060,2026-07-08 15:08:00,106,Mobile
W005588,U0061,M0008,2026-09-25 10:54:00,124,Mobile
W005589,U0112,M0009,2026-09-24 15:42:00,96,Web
W005590,U0185,M0009,2026-09-22 12:42:00,87,TV
W005591,U0174,M0007,2026-08-10 02:45:00,98,TV
W005592,U0195,M0046,2026-07-26 12:32:00,132,TV
W005593,U0199,M0061,2026-07-29 02:05:00,71,Mobile
W005594,U0169,M0090,2026-08-29 04:24:00,112,TV
W005595,U0015,M0015,2026-08-03 14:44:00,81,Web
W005596,U0094,M0094,2026-09-17 04:33:00,115,TV
W005597,U0142,M0030,2026-09-10 11:48:00,75,Web
W005598,U0034,M0010,2026-08-02 22:23:00,127,Web
W005599,U0114,M0010,2026-08-12 11:12:00,145,Mobile
W005600,U0184,M0010,2026-07-27 15:38:00,158,Mobile
W005601,U0192,M0087,2026-08-27 05:26:00,91,TV
W005602,U0166,M0094,2026-07-23 15:21:00,159,Tablet
W005603,U0158,M0002,2026-07-21 11:34:00,111,Mobile
W005604,U0176,M0021,2026-08-30 11:33:00,68,Tablet
W005605,U0124,M0001,2026-08-31 17:33:00,99,Tablet
W005606,U0038,M0088,2026-09-25 08:31:00,82,Tablet
W005607,U0155,M0005,2026-08-05 11:35:00,112,Mobile
W005608,U0116,M0045,2026-09-17 00:39:00,51,TV
W005609,U0131,M0078,2026-09-15 15:03:00,46,Mobile
W005610,U0191,M0010,2026-09-05 13:13:00,147,Tablet
W005611,U0059,M0015,2026-07-15 06:23:00,110,Tablet
W005612,U0146,M0099,2026-09-10 14:53:00,103,Web
W005613,U0114,M0052,2026-08-31 20:09:00,39,Mobile
W005614,U0198,M0001,2026-08-02 16:12:00,116,TV
W005615,U0145,M0012,2026-08-14 08:34:00,92,Web
W005616,U0153,M0019,2026-08-03 23:10:00,131,TV
W005617,U0015,M0071,2026-07-25 22:55:00,136,TV
W005618,U0002,M0003,2026-09-09 15:26:00,99,Tablet
W005619,U0191,M0060,2026-08-21 00:20:00,96,TV
W005620,U0191,M0094,2026-08-28 01:37:00,124,Web
W005621,U0015,M0028,2026-08-24 02:35:00,94,Tablet
W005622,U0013,M0057,2026-08-29 00:49:00,105,Mobile
W005623,U0070,M0038,2026-08-25 00:44:00,98,Web
W005624,U0105,M0011,2026-08-31 20:12:00,58,Web
W005625,U0077,M0073,2026-08-18 19:56:00,135,Tablet
W005626,U0139,M0016,2026-07-05 01:32:00,122,Mobile
W005627,U0063,M0003,2026-08-10 15:11:00,100,Web
W005628,U0026,M0060,2026-07-23 06:15:00,126,Web
W005629,U0097,M0035,2026-07-10 03:39:00,129,Mobile
W005630,U0026,M0056,2026-08-18 17:38:00,123,TV
W005631,U0093,M0061,2026-07-16 19:41:00,128,TV
W005632,U0176,M0031,2026-09-19 05:37:00,123,Tablet
W005633,U0134,M0081,2026-09-04 20:52:00,132,Tablet
W005634,U0003,M0057,2026-08-18 22:07:00,70,Mobile
W005635,U0167,M0002,2026-07-23 08:22:00,102,Tablet
W005636,U0192,M0097,2026-08-28 23:36:00,58,Tablet
W005637,U0110,M0003,2026-07-17 18:21:00,101,TV
W005638,U0021,M0067,2026-09-02 14:26:00,106,Mobile
W005639,U0200,M0016,2026-09-26 23:24:00,130,Mobile
W005640,U0112,M0064,2026-07-25 11:37:00,89,Web
W005641,U0008,M0005,2026-07-10 11:37:00,95,Web
W005642,U0021,M0036,2026-09-19 07:05:00,124,Mobile
W005643,U0160,M0071,2026-09-11 16:27:00,127,Web
W005644,U0108,M0005,2026-07-13 21:41:00,74,Tablet
W005645,U0089,M0009,2026-08-05 10:50:00,91,Tablet
W005646,U0110,M0012,2026-07-08 02:56:00,49,TV
W005647,U0113,M0004,2026-09-05 20:14:00,85,Tablet
W005648,U0193,M0013,2026-09-16 01:06:00,83,Tablet
W005649,U0062,M0010,2026-08-06 11:32:00,158,Tablet
W005650,U0199,M0006,2026-08-19 12:10:00,92,TV
W005651,U0007,M0002,2026-08-03 01:58:00,84,TV
W005652,U0140,M0001,2026-09-07 00:48:00,109,Web
W005653,U0012,M0025,2026-09-05 09:28:00,97,Web
W005654,U0171,M0006,2026-09-26 12:14:00,95,Mobile
W005655,U0078,M0088,2026-09-10 16:13:00,80,Tablet
W005656,U0109,M0045,2026-09-05 05:17:00,89,TV
W005657,U0001,M0092,2026-09-25 14:25:00,100,Tablet
W005658,U0107,M0083,2026-09-01 06:39:00,96,Web
W005659,U0045,M0004,2026-08-04 02:18:00,97,Mobile
W005660,U0154,M0003,2026-08-18 09:52:00,117,Tablet
W005661,U0054,M0012,2026-07-24 20:11:00,37,Tablet
W005662,U0081,M0005,2026-08-19 00:41:00,91,Tablet
W005663,U0152,M0004,2026-09-23 09:00:00,106,TV
W005664,U0001,M0024,2026-07-26 07:57:00,108,TV
W005665,U0125,M0052,2026-08-06 13:13:00,65,Mobile
W005666,U0196,M0012,2026-08-22 11:43:00,44,TV
W005667,U0192,M0015,2026-09-09 22:45:00,118,Mobile
W005668,U0170,M0021,2026-08-13 22:09:00,57,Mobile
W005669,U0099,M0009,2026-08-24 11:01:00,82,Web
W005670,U0013,M0005,2026-09-06 14:43:00,93,TV
W005671,U0149,M0005,2026-07-08 11:02:00,76,TV
W005672,U0072,M0009,2026-07-12 07:03:00,78,TV
W005673,U0006,M0069,2026-08-18 19:56:00,83,Tablet
W005674,U0167,M0030,2026-09-16 04:26:00,95,Tablet
W005675,U0086,M0010,2026-08-17 20:40:00,111,Web
W005676,U0148,M0008,2026-09-20 09:49:00,115,Web
W005677,U0149,M0010,2026-08-26 19:45:00,123,TV
W005678,U0028,M0008,2026-07-12 07:24:00,127,Mobile
W005679,U0072,M0009,2026-09-10 22:56:00,71,Mobile
W005680,U0142,M0038,2026-09-24 14:31:00,108,Mobile
W005681,U0111,M0032,2026-08-14 19:55:00,77,Web
W005682,U0105,M0060,2026-07-09 14:54:00,153,Tablet
W005683,U0052,M0007,2026-07-16 07:21:00,51,Web
W005684,U0091,M0010,2026-09-13 10:53:00,106,TV
W005685,U0191,M0012,2026-07-10 09:47:00,58,Tablet
W005686,U0056,M0001,2026-09-22 04:20:00,116,Mobile
W005687,U0023,M0044,2026-08-17 20:05:00,96,Mobile
W005688,U0101,M0021,2026-09-02 12:08:00,49,Mobile
W005689,U0030,M0047,2026-08-28 12:39:00,140,Tablet
W005690,U0127,M0007,2026-07-18 03:50:00,74,TV
W005691,U0030,M0004,2026-07-21 04:32:00,97,Tablet
W005692,U0031,M0064,2026-07-07 23:57:00,62,Tablet
W005693,U0158,M0004,2026-07-25 08:55:00,62,Mobile
W005694,U0080,M0037,2026-07-23 02:07:00,77,Tablet
W005695,U0173,M0024,2026-08-24 17:43:00,96,Web
W005696,U0129,M0051,2026-08-01 02:33:00,143,Tablet
W005697,U0061,M0090,2026-07-14 22:33:00,98,TV
W005698,U0155,M0019,2026-07-14 05:50:00,133,Web
W005699,U0199,M0004,2026-07-10 15:12:00,75,TV
W005700,U0083,M0087,2026-08-27 06:50:00,99,Web
W005701,U0127,M0008,2026-09-20 17:46:00,154,TV
W005702,U0181,M0037,2026-08-06 22:31:00,118,Mobile
W005703,U0032,M0002,2026-07-22 05:35:00,91,Web
W005704,U0026,M0042,2026-09-04 20:08:00,82,Web
W005705,U0082,M0055,2026-07-09 12:56:00,111,Mobile
W005706,U0155,M0065,2026-07-01 18:57:00,117,Tablet
W005707,U0154,M0004,2026-08-17 10:49:00,80,Mobile
W005708,U0167,M0012,2026-09-02 07:55:00,57,Web
W005709,U0093,M0006,2026-07-13 08:14:00,46,Mobile
W005710,U0144,M0026,2026-09-02 22:53:00,58,Mobile
W005711,U0118,M0004,2026-08-27 21:28:00,90,Mobile
W005712,U0108,M0005,2026-08-16 06:13:00,75,Mobile
W005713,U0018,M0046,2026-07-20 15:24:00,122,Tablet
W005714,U0116,M0011,2026-08-13 12:41:00,85,TV
W005715,U0031,M0002,2026-08-29 18:56:00,106,Mobile
W005716,U0181,M0033,2026-07-28 19:39:00,88,TV
W005717,U0167,M0028,2026-08-28 19:56:00,118,Web
W005718,U0025,M0053,2026-09-12 19:07:00,113,Mobile
W005719,U0106,M0066,2026-07-17 19:45:00,119,Web
W005720,U0004,M0076,2026-09-20 03:38:00,101,Mobile
W005721,U0167,M0099,2026-07-27 09:55:00,88,Web
W005722,U0040,M0030,2026-07-15 07:43:00,92,Web
W005723,U0063,M0012,2026-07-01 15:59:00,66,Tablet
W005724,U0090,M0057,2026-07-11 17:48:00,74,Tablet
W005725,U0169,M0080,2026-09-28 04:34:00,67,Mobile
W005726,U0157,M0086,2026-07-10 09:06:00,138,Web
W005727,U0127,M0008,2026-07-18 12:18:00,118,Mobile
W005728,U0050,M0008,2026-07-04 13:02:00,119,Web
W005729,U0080,M0009,2026-07-28 07:32:00,104,Mobile
W005730,U0131,M0032,2026-08-05 02:13:00,23,Mobile
W005731,U0171,M0083,2026-07-03 11:20:00,93,Web
W005732,U0158,M0072,2026-07-17 11:55:00,107,TV
W005733,U0010,M0025,2026-07-23 00:21:00,52,Tablet
W005734,U0150,M0009,2026-08-24 14:36:00,84,TV
W005735,U0199,M0026,2026-08-21 20:51:00,79,Tablet
W005736,U0024,M0069,2026-07-09 10:52:00,75,Mobile
W005737,U0161,M0039,2026-08-25 10:00:00,108,TV
W005738,U0079,M0100,2026-07-26 12:38:00,101,TV
W005739,U0076,M0016,2026-08-04 10:56:00,122,TV
W005740,U0070,M0002,2026-07-18 09:56:00,109,TV
W005741,U0077,M0053,2026-09-25 16:16:00,89,Web
W005742,U0027,M0007,2026-08-09 16:50:00,105,Web
W005743,U0188,M0049,2026-08-16 05:09:00,55,Web
W005744,U0045,M0081,2026-07-23 16:08:00,141,TV
W005745,U0099,M0009,2026-08-20 11:17:00,79,Web
W005746,U0053,M0003,2026-09-13 17:55:00,100,Mobile
W005747,U0148,M0001,2026-07-15 20:16:00,140,Web
W005748,U0156,M0080,2026-09-19 00:30:00,89,Tablet
W005749,U0162,M0037,2026-07-23 15:22:00,62,Tablet
W005750,U0073,M0008,2026-07-20 01:43:00,122,Web
W005751,U0154,M0082,2026-09-15 09:55:00,89,Mobile
W005752,U0067,M0010,2026-07-12 08:11:00,121,TV
W005753,U0002,M0050,2026-09-08 08:39:00,112,Web
W005754,U0035,M0002,2026-07-20 07:42:00,91,Web
W005755,U0073,M0010,2026-08-30 17:00:00,102,Tablet
W005756,U0116,M0068,2026-08-11 14:17:00,154,Mobile
W005757,U0105,M0020,2026-08-11 15:35:00,114,Mobile
W005758,U0111,M0024,2026-07-08 17:41:00,72,Web
W005759,U0160,M0001,2026-09-21 15:57:00,112,TV
W005760,U0135,M0074,2026-09-11 11:08:00,111,Tablet
W005761,U0027,M0008,2026-08-05 16:44:00,119,Tablet
W005762,U0187,M0007,2026-07-01 00:06:00,95,Web
W005763,U0020,M0009,2026-09-24 21:30:00,89,Tablet
W005764,U0170,M0085,2026-07-24 17:38:00,139,TV
W005765,U0053,M0086,2026-09-02 04:42:00,119,Tablet
W005766,U0148,M0003,2026-07-02 16:44:00,125,Web
W005767,U0083,M0071,2026-08-28 18:34:00,128,TV
W005768,U0125,M0011,2026-07-29 07:05:00,105,Mobile
W005769,U0035,M0076,2026-09-21 00:47:00,130,Mobile
W005770,U0121,M0026,2026-09-20 21:00:00,108,Web
W005771,U0115,M0004,2026-07-28 08:48:00,114,Web
W005772,U0015,M0064,2026-08-19 01:16:00,80,Web
W005773,U0181,M0008,2026-08-08 22:36:00,135,Web
W005774,U0132,M0005,2026-08-27 06:28:00,57,Tablet
W005775,U0195,M0063,2026-08-17 02:03:00,117,Tablet
W005776,U0144,M0004,2026-08-31 02:12:00,70,Tablet
W005777,U0051,M0006,2026-08-16 14:48:00,72,Mobile
W005778,U0006,M0037,2026-09-16 09:11:00,94,TV
W005779,U0113,M0005,2026-08-24 17:05:00,63,TV
W005780,U0001,M0091,2026-08-28 12:00:00,164,Web
W005781,U0038,M0007,2026-08-11 20:09:00,83,Tablet
W005782,U0013,M0046,2026-08-05 06:03:00,117,Web
W005783,U0107,M0011,2026-07-05 16:44:00,115,TV
W005784,U0065,M0096,2026-08-31 21:29:00,128,Web
W005785,U0055,M0073,2026-08-06 16:17:00,113,TV
W005786,U0060,M0048,2026-08-18 21:34:00,89,Mobile
W005787,U0173,M0018,2026-07-18 20:33:00,70,Tablet
W005788,U0023,M0008,2026-09-03 23:53:00,155,Mobile
W005789,U0115,M0053,2026-09-15 07:04:00,102,Web
W005790,U0092,M0012,2026-08-12 00:16:00,85,Tablet
W005791,U0045,M0011,2026-09-20 00:39:00,98,Tablet
W005792,U0114,M0001,2026-09-02 09:47:00,119,Mobile
W005793,U0131,M0007,2026-09-13 01:35:00,62,Web
W005794,U0157,M0080,2026-09-01 06:31:00,95,Web
W005795,U0167,M0063,2026-09-24 15:32:00,127,Web
W005796,U0036,M0005,2026-09-16 05:26:00,108,TV
W005797,U0115,M0004,2026-09-10 15:41:00,88,Mobile
W005798,U0193,M0063,2026-08-13 08:16:00,165,Tablet
W005799,U0120,M0007,2026-08-20 18:02:00,89,TV
W005800,U0006,M0002,2026-08-08 08:14:00,105,Tablet
W005801,U0091,M0046,2026-07-29 01:06:00,89,Web
W005802,U0023,M0099,2026-07-29 20:41:00,80,Tablet
W005803,U0197,M0042,2026-08-29 07:44:00,89,Mobile
W005804,U0009,M0082,2026-08-21 23:18:00,71,Web
W005805,U0190,M0036,2026-09-11 11:33:00,91,TV
W005806,U0062,M0089,2026-09-04 18:00:00,148,Web
W005807,U0088,M0066,2026-08-17 19:36:00,153,Tablet
W005808,U0094,M0066,2026-08-01 03:00:00,118,TV
W005809,U0052,M0007,2026-09-24 16:42:00,49,Mobile
W005810,U0010,M0069,2026-08-12 10:53:00,83,Mobile
W005811,U0147,M0010,2026-07-07 09:13:00,148,Web
W005812,U0150,M0002,2026-09-14 01:05:00,109,Tablet
W005813,U0020,M0040,2026-08-24 14:44:00,129,Tablet
W005814,U0081,M0020,2026-07-08 21:32:00,103,Mobile
W005815,U0175,M0098,2026-08-15 17:28:00,127,Web
W005816,U0103,M0006,2026-07-07 23:07:00,95,Web
W005817,U0187,M0097,2026-08-12 19:34:00,43,Tablet
W005818,U0131,M0006,2026-08-30 21:17:00,87,Mobile
W005819,U0072,M0012,2026-09-05 17:25:00,56,Tablet
W005820,U0141,M0011,2026-09-03 11:01:00,80,Mobile
W005821,U0190,M0002,2026-09-03 19:25:00,116,Web
W005822,U0005,M0067,2026-07-26 03:25:00,118,TV
W005823,U0180,M0060,2026-09-01 22:56:00,125,TV
W005824,U0128,M0004,2026-09-21 16:08:00,114,Web
W005825,U0005,M0097,2026-07-26 07:49:00,96,Tablet
W005826,U0045,M0015,2026-07-07 02:33:00,68,Web
W005827,U0015,M0010,2026-07-07 02:52:00,137,Tablet
W005828,U0097,M0027,2026-07-29 01:33:00,80,Tablet
W005829,U0079,M0006,2026-09-17 23:20:00,75,Mobile
W005830,U0065,M0001,2026-09-05 17:46:00,131,Web
W005831,U0043,M0074,2026-08-11 10:24:00,104,TV
W005832,U0001,M0037,2026-07-30 19:01:00,106,Web
W005833,U0073,M0038,2026-07-02 12:27:00,119,TV
W005834,U0185,M0051,2026-09-10 06:41:00,119,Tablet
W005835,U0166,M0056,2026-09-15 07:18:00,121,Tablet
W005836,U0106,M0099,2026-09-23 06:09:00,96,Tablet
W005837,U0123,M0095,2026-07-09 16:38:00,138,Web
W005838,U0020,M0037,2026-07-01 18:55:00,118,TV
W005839,U0091,M0008,2026-07-18 19:17:00,131,Tablet
W005840,U0198,M0098,2026-08-18 15:39:00,150,Mobile
W005841,U0090,M0043,2026-09-25 13:11:00,62,Web
W005842,U0164,M0026,2026-09-02 03:33:00,72,Mobile
W005843,U0126,M0008,2026-08-01 06:53:00,159,Mobile
W005844,U0148,M0091,2026-09-03 06:01:00,105,Mobile
W005845,U0044,M0004,2026-07-31 01:32:00,74,Mobile
W005846,U0097,M0011,2026-08-01 10:01:00,106,TV
W005847,U0056,M0041,2026-09-24 18:50:00,139,Web
W005848,U0137,M0057,2026-08-19 20:32:00,69,Mobile
W005849,U0188,M0017,2026-07-18 20:20:00,96,Web
W005850,U0099,M0037,2026-07-24 14:02:00,90,TV
W005851,U0181,M0029,2026-07-29 09:02:00,76,Web
W005852,U0148,M0001,2026-09-06 18:31:00,104,TV
W005853,U0196,M0003,2026-09-15 11:55:00,62,TV
W005854,U0017,M0001,2026-07-15 02:01:00,87,Tablet
W005855,U0050,M0092,2026-07-09 06:05:00,118,Tablet
W005856,U0023,M0036,2026-07-23 16:57:00,105,Mobile
W005857,U0086,M0011,2026-08-02 23:46:00,91,Mobile
W005858,U0083,M0055,2026-07-04 13:10:00,121,TV
W005859,U0016,M0098,2026-07-28 00:26:00,136,Mobile
W005860,U0172,M0100,2026-09-20 08:19:00,133,Mobile
W005861,U0158,M0008,2026-08-02 19:39:00,124,Web
W005862,U0082,M0009,2026-08-07 00:37:00,71,Tablet
W005863,U0061,M0092,2026-07-30 15:08:00,118,TV
W005864,U0153,M0091,2026-07-13 20:48:00,126,Tablet
W005865,U0158,M0072,2026-08-01 01:27:00,130,Mobile
W005866,U0159,M0004,2026-07-03 02:02:00,104,Tablet
W005867,U0027,M0007,2026-09-28 09:39:00,76,Mobile
W005868,U0005,M0035,2026-09-20 11:31:00,118,TV
W005869,U0041,M0069,2026-07-13 04:43:00,67,TV
W005870,U0107,M0009,2026-09-23 04:48:00,72,TV
W005871,U0039,M0054,2026-08-27 14:24:00,110,Tablet
W005872,U0044,M0007,2026-09-15 01:31:00,77,Tablet
W005873,U0038,M0032,2026-08-18 03:47:00,75,Mobile
W005874,U0191,M0010,2026-07-02 00:17:00,149,Web
W005875,U0146,M0053,2026-07-13 15:58:00,74,Web
W005876,U0127,M0007,2026-09-08 04:23:00,71,TV
W005877,U0142,M0002,2026-07-05 11:23:00,101,Mobile
W005878,U0012,M0006,2026-09-22 02:11:00,63,Web
W005879,U0144,M0009,2026-08-26 00:59:00,71,TV
W005880,U0143,M0001,2026-09-24 11:52:00,109,Mobile
W005881,U0038,M0008,2026-07-09 01:03:00,133,Mobile
W005882,U0085,M0090,2026-09-03 07:21:00,124,TV
W005883,U0162,M0009,2026-07-02 10:48:00,82,Mobile
W005884,U0045,M0029,2026-07-24 20:40:00,64,Mobile
W005885,U0108,M0007,2026-09-16 02:43:00,87,Tablet
W005886,U0103,M0010,2026-07-04 19:00:00,155,Mobile
W005887,U0066,M0027,2026-08-27 18:13:00,44,Web
W005888,U0112,M0005,2026-09-26 15:34:00,86,Web
W005889,U0053,M0055,2026-07-09 12:50:00,129,Web
W005890,U0111,M0009,2026-07-21 01:48:00,71,Tablet
W005891,U0136,M0007,2026-09-05 06:21:00,105,TV
W005892,U0019,M0046,2026-08-05 10:33:00,91,Mobile
W005893,U0107,M0001,2026-09-19 13:25:00,140,Mobile
W005894,U0023,M0091,2026-09-11 18:14:00,112,TV
W005895,U0143,M0007,2026-07-01 19:55:00,111,Web
W005896,U0171,M0004,2026-09-21 03:39:00,79,Mobile
W005897,U0193,M0061,2026-07-20 12:11:00,93,Mobile
W005898,U0195,M0067,2026-09-16 23:47:00,104,Web
W005899,U0187,M0066,2026-08-20 23:35:00,135,Web
W005900,U0079,M0092,2026-08-23 14:57:00,127,Mobile
W005901,U0067,M0011,2026-09-12 15:01:00,84,Web
W005902,U0060,M0098,2026-08-10 02:17:00,114,TV
W005903,U0144,M0058,2026-08-23 13:39:00,64,Tablet
W005904,U0122,M0051,2026-08-28 05:14:00,137,Mobile
W005905,U0145,M0010,2026-09-05 07:53:00,140,Tablet
W005906,U0127,M0040,2026-09-12 12:43:00,163,Web
W005907,U0131,M0011,2026-09-13 03:43:00,68,Tablet
W005908,U0085,M0006,2026-09-01 16:38:00,52,TV
W005909,U0152,M0026,2026-08-03 10:56:00,93,TV
W005910,U0041,M0025,2026-09-04 06:06:00,38,Mobile
W005911,U0195,M0034,2026-08-17 23:07:00,125,TV
W005912,U0011,M0011,2026-09-20 18:19:00,102,Web
W005913,U0110,M0093,2026-09-01 00:46:00,98,Tablet
W005914,U0164,M0010,2026-08-15 17:28:00,129,Mobile
W005915,U0157,M0009,2026-07-26 08:29:00,70,Tablet
W005916,U0069,M0084,2026-08-22 07:05:00,110,Web
W005917,U0148,M0007,2026-07-31 11:12:00,101,TV
W005918,U0021,M0008,2026-07-30 08:14:00,146,Web
W005919,U0176,M0009,2026-08-24 14:03:00,52,Tablet
W005920,U0071,M0003,2026-09-26 20:52:00,67,Web
W005921,U0023,M0051,2026-09-03 05:44:00,100,Tablet
W005922,U0176,M0021,2026-08-09 00:09:00,36,Tablet
W005923,U0083,M0002,2026-09-15 08:53:00,104,Tablet
W005924,U0109,M0072,2026-07-31 11:02:00,110,TV
W005925,U0069,M0001,2026-08-02 08:48:00,110,Web
W005926,U0200,M0004,2026-07-29 06:41:00,82,Mobile
W005927,U0157,M0011,2026-08-10 02:30:00,71,Mobile
W005928,U0013,M0041,2026-08-01 22:41:00,121,TV
W005929,U0016,M0069,2026-08-06 01:04:00,72,Mobile
W005930,U0195,M0003,2026-08-22 09:25:00,64,Tablet
W005931,U0167,M0020,2026-07-16 16:56:00,134,Web
W005932,U0195,M0046,2026-07-28 18:57:00,98,TV
W005933,U0123,M0012,2026-08-07 08:07:00,49,Web
W005934,U0112,M0013,2026-09-25 22:02:00,83,Mobile
W005935,U0163,M0011,2026-09-27 08:48:00,91,TV
W005936,U0051,M0094,2026-08-20 09:14:00,124,Mobile
W005937,U0019,M0011,2026-09-18 05:33:00,95,Web
W005938,U0135,M0009,2026-08-06 10:20:00,104,Tablet
W005939,U0027,M0001,2026-07-30 16:48:00,107,Mobile
W005940,U0089,M0061,2026-08-23 07:38:00,124,TV
W005941,U0101,M0059,2026-08-25 23:36:00,94,Web
W005942,U0192,M0011,2026-08-27 14:47:00,76,TV
W005943,U0127,M0010,2026-07-05 09:01:00,115,Tablet
W005944,U0179,M0089,2026-08-26 19:15:00,117,Mobile
W005945,U0028,M0019,2026-09-03 16:19:00,81,Tablet
W005946,U0114,M0019,2026-09-12 02:13:00,122,Web
W005947,U0189,M0078,2026-07-16 12:55:00,91,Web
W005948,U0083,M0052,2026-08-20 16:57:00,65,TV
W005949,U0006,M0011,2026-08-11 07:45:00,81,TV
W005950,U0023,M0017,2026-08-05 03:50:00,103,TV
W005951,U0107,M0069,2026-07-20 19:13:00,80,Tablet
W005952,U0165,M0077,2026-07-27 06:23:00,119,Tablet
W005953,U0001,M0009,2026-08-21 01:54:00,54,Tablet
W005954,U0088,M0053,2026-08-30 15:33:00,66,Mobile
W005955,U0156,M0078,2026-08-11 12:19:00,53,TV
W005956,U0147,M0077,2026-07-28 05:02:00,127,Mobile
W005957,U0079,M0020,2026-07-31 20:40:00,127,Web
W005958,U0159,M0027,2026-08-17 07:59:00,81,TV
W005959,U0133,M0001,2026-08-30 08:15:00,96,Tablet
W005960,U0112,M0008,2026-08-04 12:27:00,130,Web
W005961,U0150,M0056,2026-08-13 19:39:00,142,Web
W005962,U0167,M0048,2026-08-28 03:08:00,93,Web
W005963,U0057,M0009,2026-08-18 21:11:00,60,Web
W005964,U0106,M0030,2026-09-25 12:56:00,81,TV
W005965,U0186,M0012,2026-09-14 13:18:00,45,Mobile
W005966,U0125,M0007,2026-09-25 03:53:00,78,TV
W005967,U0077,M0041,2026-08-01 11:21:00,130,Tablet
W005968,U0032,M0001,2026-08-30 10:30:00,132,Mobile
W005969,U0029,M0004,2026-09-25 10:45:00,82,Tablet
W005970,U0059,M0083,2026-08-25 22:31:00,114,Web
W005971,U0062,M0008,2026-09-13 12:21:00,147,Tablet
W005972,U0035,M0029,2026-08-02 01:49:00,60,Web
W005973,U0120,M0001,2026-08-06 12:37:00,108,Web
W005974,U0166,M0006,2026-07-29 03:03:00,86,Mobile
W005975,U0101,M0004,2026-09-18 16:38:00,76,Web
W005976,U0039,M0062,2026-09-17 08:14:00,92,TV
W005977,U0138,M0011,2026-09-26 23:52:00,73,Web
W005978,U0125,M0090,2026-09-14 19:25:00,129,Tablet
W005979,U0093,M0021,2026-08-29 11:51:00,67,Web
W005980,U0161,M0001,2026-09-09 16:42:00,112,TV
W005981,U0106,M0026,2026-07-22 16:39:00,94,Web
W005982,U0114,M0008,2026-07-28 08:38:00,165,Mobile
W005983,U0120,M0037,2026-07-23 21:40:00,72,Tablet
W005984,U0163,M0083,2026-07-24 03:55:00,117,Tablet
W005985,U0172,M0002,2026-09-04 13:39:00,116,TV
W005986,U0075,M0004,2026-08-20 14:32:00,57,Web
W005987,U0183,M0004,2026-08-22 01:20:00,86,TV
W005988,U0128,M0081,2026-08-03 22:31:00,133,Tablet
W005989,U0010,M0084,2026-08-12 00:07:00,114,Tablet
W005990,U0026,M0075,2026-07-08 02:01:00,93,Tablet
W005991,U0090,M0017,2026-08-29 23:43:00,106,Tablet
W005992,U0192,M0056,2026-09-24 13:43:00,101,Tablet
W005993,U0118,M0079,2026-08-22 07:17:00,118,TV
W005994,U0136,M0001,2026-07-29 13:32:00,113,Mobile
W005995,U0102,M0015,2026-07-10 23:57:00,91,TV
W005996,U0171,M0005,2026-08-10 12:29:00,70,Tablet
W005997,U0174,M0068,2026-08-02 03:00:00,154,Tablet
W005998,U0062,M0005,2026-09-19 00:37:00,87,Web
W005999,U0181,M0001,2026-07-05 03:20:00,89,TV
W006000,U0137,M0045,2026-07-25 14:01:00,79,Mobile
W006001,U0055,M0059,2026-09-11 21:28:00,73,TV
W006002,U0157,M0031,2026-07-07 18:33:00,125,Web
W006003,U0049,M0089,2026-08-24 22:35:00,104,TV
W006004,U0127,M0099,2026-09-27 19:11:00,97,TV
W006005,U0111,M0012,2026-09-16 11:10:00,65,Tablet
W006006,U0183,M0004,2026-08-10 04:45:00,77,Mobile
W006007,U0178,M0078,2026-08-17 08:18:00,82,Mobile
W006008,U0171,M0003,2026-09-22 05:02:00,94,Tablet
W006009,U0173,M0057,2026-09-12 05:39:00,72,Web
W006010,U0144,M0014,2026-08-05 11:36:00,117,Mobile
W006011,U0132,M0030,2026-09-27 16:24:00,83,Tablet
W006012,U0061,M0005,2026-09-12 16:59:00,78,Web
W006013,U0182,M0085,2026-07-13 21:05:00,165,Tablet
W006014,U0110,M0045,2026-07-09 01:14:00,54,TV
W006015,U0173,M0006,2026-09-26 02:24:00,84,Mobile
W006016,U0068,M0026,2026-07-30 08:00:00,112,TV
W006017,U0097,M0027,2026-09-23 00:55:00,89,TV
W006018,U0086,M0097,2026-08-05 21:23:00,95,Web
W006019,U0116,M0071,2026-08-27 06:27:00,125,Web
W006020,U0180,M0050,2026-07-17 11:06:00,119,Web
W006021,U0176,M0003,2026-07-26 12:01:00,95,Mobile
W006022,U0198,M0011,2026-07-08 18:24:00,96,TV
W006023,U0098,M0006,2026-07-18 01:46:00,70,Web
W006024,U0037,M0048,2026-07-19 18:10:00,91,Mobile
W006025,U0177,M0046,2026-08-10 11:09:00,118,Web
W006026,U0200,M0032,2026-08-18 21:13:00,45,Web
W006027,U0128,M0018,2026-07-24 16:21:00,59,Mobile
W006028,U0020,M0074,2026-08-30 05:53:00,115,TV
W006029,U0051,M0065,2026-07-30 11:00:00,105,Mobile
W006030,U0029,M0035,2026-08-10 07:33:00,145,TV
W006031,U0139,M0047,2026-09-21 23:01:00,121,Tablet
W006032,U0200,M0007,2026-09-22 18:03:00,101,Web
W006033,U0120,M0004,2026-07-05 04:56:00,88,Tablet
W006034,U0170,M0011,2026-08-09 15:20:00,87,Mobile
W006035,U0140,M0062,2026-09-09 14:03:00,98,Web
W006036,U0001,M0004,2026-08-08 07:50:00,91,Tablet
W006037,U0177,M0057,2026-08-27 22:28:00,49,Tablet
W006038,U0038,M0080,2026-07-26 15:54:00,118,Tablet
W006039,U0144,M0100,2026-08-29 18:44:00,125,TV
W006040,U0012,M0056,2026-09-19 15:36:00,146,TV
W006041,U0100,M0088,2026-08-29 13:25:00,85,Tablet
W006042,U0120,M0093,2026-07-10 22:31:00,97,Mobile
W006043,U0103,M0042,2026-07-30 09:23:00,82,TV
W006044,U0156,M0086,2026-08-05 05:12:00,80,Web
W006045,U0146,M0027,2026-09-26 20:38:00,47,Tablet
W006046,U0166,M0061,2026-07-21 21:16:00,94,Web
W006047,U0034,M0001,2026-09-13 02:58:00,104,Tablet
W006048,U0175,M0010,2026-07-12 05:32:00,128,Mobile
W006049,U0189,M0008,2026-08-20 20:23:00,126,TV
W006050,U0149,M0005,2026-08-12 06:49:00,82,Mobile
W006051,U0119,M0082,2026-07-16 22:37:00,89,TV
W006052,U0018,M0068,2026-08-28 00:53:00,133,Tablet
W006053,U0187,M0011,2026-09-10 02:01:00,115,Tablet
W006054,U0001,M0012,2026-07-16 20:36:00,40,Mobile
W006055,U0109,M0008,2026-08-20 02:22:00,131,Web
W006056,U0132,M0045,2026-07-13 21:15:00,58,TV
W006057,U0051,M0005,2026-08-19 15:05:00,89,Web
W006058,U0050,M0054,2026-07-01 09:18:00,125,Tablet
W006059,U0093,M0010,2026-07-22 18:47:00,147,Mobile
W006060,U0123,M0100,2026-07-31 18:31:00,121,Web
W006061,U0097,M0047,2026-09-09 05:20:00,124,Mobile
W006062,U0042,M0048,2026-07-28 16:39:00,75,Mobile
W006063,U0196,M0051,2026-07-14 16:51:00,143,Mobile
W006064,U0147,M0005,2026-08-03 11:07:00,80,Tablet
W006065,U0145,M0053,2026-09-23 19:23:00,94,Tablet
W006066,U0026,M0004,2026-09-23 13:18:00,114,Tablet
W006067,U0021,M0012,2026-09-02 15:33:00,76,Tablet
W006068,U0129,M0007,2026-09-21 14:35:00,94,Mobile
W006069,U0147,M0091,2026-07-07 17:01:00,155,Tablet
W006070,U0002,M0004,2026-07-09 11:38:00,114,Tablet
W006071,U0065,M0059,2026-09-08 05:55:00,63,Web
W006072,U0054,M0058,2026-08-10 19:08:00,52,Tablet
W006073,U0144,M0068,2026-07-11 11:53:00,123,Tablet
W006074,U0118,M0006,2026-09-17 19:05:00,54,Tablet
W006075,U0016,M0037,2026-08-05 07:06:00,89,Tablet
W006076,U0174,M0060,2026-09-15 17:02:00,136,Mobile
W006077,U0164,M0010,2026-09-08 04:54:00,136,TV
W006078,U0068,M0008,2026-09-07 02:56:00,149,Tablet
W006079,U0086,M0012,2026-09-20 13:38:00,92,Web
W006080,U0030,M0006,2026-07-28 12:09:00,66,Web
W006081,U0137,M0073,2026-08-23 09:33:00,125,Tablet
W006082,U0186,M0047,2026-09-15 19:05:00,165,Mobile
W006083,U0139,M0096,2026-08-01 08:26:00,111,Web
W006084,U0042,M0004,2026-07-05 16:25:00,112,Tablet
W006085,U0153,M0008,2026-09-13 10:08:00,103,Tablet
W006086,U0106,M0001,2026-07-10 13:46:00,91,Mobile
W006087,U0014,M0011,2026-09-25 18:39:00,110,Web
W006088,U0116,M0009,2026-07-27 09:21:00,80,Web
W006089,U0108,M0010,2026-08-11 23:48:00,149,Tablet
W006090,U0039,M0026,2026-08-05 06:17:00,106,TV
W006091,U0076,M0001,2026-07-25 10:14:00,134,TV
W006092,U0149,M0045,2026-08-25 10:03:00,68,Web
W006093,U0176,M0011,2026-08-18 02:21:00,108,Mobile
W006094,U0112,M0011,2026-09-04 20:39:00,66,TV
W006095,U0167,M0001,2026-07-07 03:50:00,111,Tablet
W006096,U0141,M0007,2026-07-04 01:46:00,102,Tablet
W006097,U0113,M0009,2026-08-09 23:04:00,64,TV
W006098,U0146,M0008,2026-07-14 03:15:00,125,Tablet
W006099,U0058,M0011,2026-08-12 15:18:00,58,Tablet
W006100,U0018,M0063,2026-07-06 00:31:00,112,Tablet
W006101,U0195,M0058,2026-09-28 23:05:00,63,Tablet
W006102,U0045,M0031,2026-08-30 03:17:00,125,Mobile
W006103,U0105,M0021,2026-07-27 03:52:00,76,TV
W006104,U0014,M0009,2026-07-20 15:08:00,93,TV
W006105,U0065,M0084,2026-08-04 12:07:00,108,Mobile
W006106,U0097,M0068,2026-09-03 10:02:00,125,TV
W006107,U0175,M0010,2026-08-06 07:15:00,115,TV
W006108,U0088,M0005,2026-08-18 22:35:00,70,Tablet
W006109,U0083,M0012,2026-08-24 12:04:00,68,Web
W006110,U0063,M0010,2026-09-04 02:49:00,144,Mobile
W006111,U0009,M0007,2026-09-17 09:56:00,106,Web
W006112,U0074,M0002,2026-09-09 23:39:00,99,Web
W006113,U0063,M0017,2026-07-11 14:23:00,114,Mobile
W006114,U0066,M0021,2026-08-02 23:02:00,66,Web
W006115,U0080,M0014,2026-08-18 04:30:00,103,Tablet
W006116,U0106,M0095,2026-09-27 08:21:00,109,TV
W006117,U0094,M0011,2026-09-11 21:11:00,112,Tablet
W006118,U0141,M0004,2026-08-19 13:09:00,93,Tablet
W006119,U0008,M0033,2026-07-04 19:50:00,77,TV
W006120,U0044,M0084,2026-07-23 16:10:00,114,Mobile
W006121,U0124,M0045,2026-09-21 02:22:00,98,Web
W006122,U0144,M0005,2026-09-26 18:53:00,72,Tablet
W006123,U0054,M0003,2026-08-19 03:31:00,106,Tablet
W006124,U0041,M0011,2026-07-19 11:25:00,68,Mobile
W006125,U0065,M0021,2026-09-12 07:47:00,66,Tablet
W006126,U0045,M0044,2026-08-13 03:13:00,95,Tablet
W006127,U0080,M0094,2026-07-11 10:54:00,112,TV
W006128,U0139,M0032,2026-08-12 20:55:00,76,Mobile
W006129,U0005,M0001,2026-07-08 03:39:00,105,Tablet
W006130,U0080,M0002,2026-09-01 07:54:00,93,Mobile
W006131,U0039,M0086,2026-07-14 09:25:00,95,Mobile
W006132,U0022,M0007,2026-08-02 20:17:00,67,Web
W006133,U0094,M0080,2026-07-07 01:58:00,77,TV
W006134,U0169,M0088,2026-07-06 01:21:00,107,Web
W006135,U0104,M0005,2026-07-12 23:30:00,98,Mobile
W006136,U0200,M0024,2026-08-02 08:37:00,94,TV
W006137,U0104,M0010,2026-07-24 00:23:00,130,TV
W006138,U0185,M0003,2026-07-06 01:01:00,125,Tablet
W006139,U0137,M0010,2026-07-27 14:39:00,131,TV
W006140,U0052,M0055,2026-08-22 03:26:00,74,Web
W006141,U0130,M0009,2026-07-13 21:40:00,103,TV
W006142,U0102,M0043,2026-08-08 19:08:00,62,Mobile
W006143,U0023,M0068,2026-07-31 13:04:00,99,TV
W006144,U0035,M0010,2026-08-14 04:25:00,143,Mobile
W006145,U0069,M0004,2026-08-15 12:37:00,81,Tablet
W006146,U0002,M0074,2026-08-03 05:18:00,85,Mobile
W006147,U0185,M0018,2026-08-21 11:20:00,44,Tablet
W006148,U0172,M0003,2026-07-03 12:31:00,107,TV
W006149,U0090,M0089,2026-08-22 00:22:00,145,TV
W006150,U0141,M0004,2026-07-12 11:58:00,95,TV
W006151,U0059,M0012,2026-09-27 05:58:00,40,Web
W006152,U0148,M0037,2026-09-07 15:01:00,78,Tablet
W006153,U0150,M0003,2026-08-16 00:19:00,118,Web
W006154,U0138,M0002,2026-09-22 05:43:00,134,Web
W006155,U0032,M0001,2026-08-09 01:56:00,126,Tablet
W006156,U0022,M0085,2026-08-24 18:05:00,110,TV
W006157,U0005,M0002,2026-07-31 10:10:00,114,Mobile
W006158,U0080,M0034,2026-07-28 05:14:00,104,Tablet
W006159,U0061,M0010,2026-07-15 10:08:00,123,Mobile
W006160,U0133,M0062,2026-09-02 02:06:00,119,Mobile
W006161,U0046,M0094,2026-08-29 10:47:00,80,Tablet
W006162,U0187,M0011,2026-07-22 10:45:00,67,Tablet
W006163,U0182,M0005,2026-08-13 16:36:00,101,Web
W006164,U0049,M0092,2026-07-18 23:33:00,129,Web
W006165,U0078,M0012,2026-08-17 05:32:00,47,Tablet
W006166,U0093,M0012,2026-07-11 00:59:00,72,Web
W006167,U0104,M0098,2026-07-21 06:42:00,145,Mobile
W006168,U0041,M0007,2026-09-08 10:34:00,71,TV
W006169,U0070,M0078,2026-08-28 07:38:00,66,Tablet
W006170,U0013,M0018,2026-09-04 15:02:00,81,Mobile
W006171,U0146,M0082,2026-07-01 20:43:00,62,Web
W006172,U0124,M0057,2026-08-13 11:56:00,77,Tablet
W006173,U0033,M0088,2026-09-19 00:09:00,103,TV
W006174,U0033,M0004,2026-07-24 19:41:00,104,TV
W006175,U0009,M0049,2026-08-07 13:19:00,87,Mobile
W006176,U0184,M0078,2026-09-23 00:13:00,58,Mobile
W006177,U0026,M0006,2026-07-14 11:59:00,65,Mobile
W006178,U0193,M0004,2026-07-17 18:42:00,90,TV
W006179,U0102,M0095,2026-09-21 23:04:00,143,Web
W006180,U0108,M0052,2026-09-18 23:46:00,77,Mobile
W006181,U0163,M0059,2026-08-17 11:40:00,74,TV
W006182,U0056,M0004,2026-08-25 14:21:00,114,Web
W006183,U0115,M0097,2026-07-15 21:21:00,94,TV
W006184,U0195,M0001,2026-08-26 02:40:00,127,Tablet
W006185,U0176,M0005,2026-09-21 23:24:00,76,Mobile
W006186,U0091,M0068,2026-09-17 13:20:00,92,Mobile
W006187,U0044,M0021,2026-08-09 06:08:00,73,Web
W006188,U0120,M0061,2026-08-06 15:40:00,95,Web
W006189,U0003,M0065,2026-09-04 12:12:00,113,Mobile
W006190,U0148,M0049,2026-09-03 00:06:00,108,Mobile
W006191,U0111,M0094,2026-09-15 16:18:00,117,Web
W006192,U0078,M0010,2026-08-11 02:33:00,137,Tablet
W006193,U0064,M0002,2026-07-29 22:53:00,101,Web
W006194,U0046,M0068,2026-07-12 08:56:00,157,Tablet
W006195,U0159,M0004,2026-08-24 11:51:00,106,Mobile
W006196,U0189,M0002,2026-08-10 07:28:00,126,Web
W006197,U0069,M0056,2026-08-26 14:43:00,141,Tablet
W006198,U0151,M0073,2026-07-26 05:30:00,177,Web
W006199,U0055,M0034,2026-09-11 00:22:00,139,Tablet
W006200,U0143,M0049,2026-07-31 10:27:00,84,Tablet
W006201,U0051,M0068,2026-09-14 07:07:00,128,TV
W006202,U0064,M0083,2026-09-24 00:54:00,82,Tablet
W006203,U0060,M0082,2026-07-31 23:35:00,78,TV
W006204,U0013,M0028,2026-09-28 17:25:00,131,TV
W006205,U0109,M0099,2026-07-10 05:39:00,96,Tablet
W006206,U0065,M0095,2026-08-27 15:59:00,116,Web
W006207,U0049,M0010,2026-07-15 07:35:00,147,Mobile
W006208,U0083,M0015,2026-08-06 09:17:00,96,Mobile
W006209,U0033,M0068,2026-09-13 18:35:00,127,Mobile
W006210,U0125,M0052,2026-08-03 06:44:00,75,Web
W006211,U0084,M0007,2026-07-05 22:16:00,108,Web
W006212,U0163,M0003,2026-07-25 21:12:00,55,TV
W006213,U0039,M0094,2026-09-25 03:13:00,115,Mobile
W006214,U0152,M0021,2026-08-03 19:11:00,85,Web
W006215,U0023,M0003,2026-07-30 04:40:00,101,Mobile
W006216,U0125,M0100,2026-08-23 08:58:00,163,Mobile
W006217,U0064,M0012,2026-09-21 05:32:00,92,TV
W006218,U0187,M0099,2026-08-25 15:16:00,94,Web
W006219,U0196,M0075,2026-08-26 02:42:00,85,Web
W006220,U0178,M0011,2026-09-17 03:01:00,69,Web
W006221,U0092,M0006,2026-09-25 09:58:00,95,Tablet
W006222,U0060,M0029,2026-09-26 06:30:00,89,TV
W006223,U0072,M0009,2026-07-23 09:27:00,104,Mobile
W006224,U0191,M0010,2026-07-13 05:00:00,139,Mobile
W006225,U0172,M0010,2026-09-20 04:07:00,153,Web
W006226,U0034,M0037,2026-09-18 13:17:00,85,Mobile
W006227,U0118,M0004,2026-09-24 12:28:00,93,TV
W006228,U0015,M0001,2026-08-25 06:15:00,111,Tablet
W006229,U0129,M0007,2026-08-30 18:29:00,79,Tablet
W006230,U0020,M0097,2026-07-18 06:43:00,62,TV
W006231,U0178,M0009,2026-07-03 04:22:00,99,Mobile
W006232,U0028,M0085,2026-07-08 03:48:00,126,Web
W006233,U0196,M0001,2026-09-05 16:40:00,113,TV
W006234,U0154,M0012,2026-08-14 04:47:00,75,Mobile
W006235,U0138,M0042,2026-07-04 11:35:00,78,Tablet
W006236,U0169,M0088,2026-08-05 02:57:00,121,TV
W006237,U0143,M0052,2026-08-07 02:29:00,89,Web
W006238,U0023,M0004,2026-09-23 21:17:00,84,Tablet
W006239,U0153,M0083,2026-08-01 21:43:00,84,Tablet
W006240,U0086,M0009,2026-09-08 01:30:00,62,TV
W006241,U0098,M0009,2026-07-17 00:41:00,78,TV
W006242,U0183,M0006,2026-07-15 06:04:00,73,Mobile
W006243,U0186,M0044,2026-08-31 06:41:00,61,Tablet
W006244,U0040,M0039,2026-08-11 16:44:00,91,TV
W006245,U0091,M0008,2026-07-26 17:36:00,158,Mobile
W006246,U0137,M0049,2026-07-05 12:36:00,87,Tablet
W006247,U0155,M0008,2026-09-25 16:19:00,159,Web
W006248,U0027,M0066,2026-08-01 13:19:00,101,Web
W006249,U0156,M0045,2026-08-07 11:16:00,70,Tablet
W006250,U0124,M0075,2026-08-21 08:43:00,91,Mobile
W006251,U0112,M0011,2026-08-17 22:55:00,71,Web
W006252,U0018,M0001,2026-09-08 10:29:00,107,Tablet
W006253,U0026,M0035,2026-08-08 16:23:00,133,Web
W006254,U0172,M0011,2026-09-13 17:33:00,107,Tablet
W006255,U0054,M0091,2026-07-23 15:49:00,134,Mobile
W006256,U0161,M0005,2026-07-20 01:40:00,83,TV
W006257,U0005,M0027,2026-07-13 06:15:00,53,Web
W006258,U0110,M0010,2026-09-08 00:47:00,163,TV
W006259,U0062,M0009,2026-09-03 00:49:00,49,Mobile
W006260,U0174,M0043,2026-07-10 01:11:00,82,Tablet
W006261,U0127,M0003,2026-07-10 20:30:00,88,Tablet
W006262,U0028,M0007,2026-07-26 18:35:00,87,Tablet
W006263,U0173,M0019,2026-07-02 03:33:00,137,Mobile
W006264,U0036,M0003,2026-09-25 22:53:00,89,Web
W006265,U0087,M0100,2026-07-03 03:56:00,98,Web
W006266,U0152,M0038,2026-08-16 04:10:00,41,Mobile
W006267,U0171,M0042,2026-08-21 16:52:00,98,Tablet
W006268,U0061,M0008,2026-07-13 07:08:00,121,Web
W006269,U0097,M0083,2026-08-05 15:44:00,105,Web
W006270,U0064,M0048,2026-09-09 07:26:00,103,Mobile
W006271,U0008,M0031,2026-08-22 19:36:00,129,TV
W006272,U0158,M0093,2026-08-26 07:02:00,87,TV
W006273,U0005,M0003,2026-09-01 22:54:00,111,Tablet
W006274,U0146,M0011,2026-07-29 14:08:00,87,Web
W006275,U0106,M0003,2026-07-14 21:22:00,76,TV
W006276,U0092,M0097,2026-08-17 12:02:00,81,Tablet
W006277,U0041,M0015,2026-07-31 15:48:00,109,Tablet
W006278,U0015,M0024,2026-07-16 02:29:00,131,TV
W006279,U0064,M0051,2026-07-12 19:12:00,138,Mobile
W006280,U0096,M0012,2026-09-06 16:19:00,92,Tablet
W006281,U0116,M0003,2026-07-17 18:56:00,80,Mobile
W006282,U0068,M0040,2026-09-23 00:23:00,158,TV
W006283,U0198,M0011,2026-09-19 07:59:00,103,Tablet
W006284,U0104,M0001,2026-07-04 22:54:00,100,Mobile
W006285,U0047,M0047,2026-08-22 17:05:00,146,Web
W006286,U0198,M0077,2026-08-14 05:29:00,141,Mobile
W006287,U0150,M0012,2026-09-11 18:52:00,74,TV
W006288,U0122,M0005,2026-08-25 15:50:00,94,Web
W006289,U0142,M0085,2026-07-28 13:21:00,137,TV
W006290,U0067,M0012,2026-07-23 20:27:00,74,Tablet
W006291,U0049,M0081,2026-07-23 05:43:00,137,Mobile
W006292,U0077,M0011,2026-07-04 18:46:00,80,TV
W006293,U0019,M0072,2026-09-22 03:21:00,92,Tablet
W006294,U0174,M0011,2026-08-27 11:05:00,83,Mobile
W006295,U0068,M0003,2026-08-25 00:04:00,99,Tablet
W006296,U0002,M0008,2026-07-08 18:16:00,109,Mobile
W006297,U0068,M0001,2026-09-23 17:06:00,110,Mobile
W006298,U0027,M0098,2026-09-05 18:39:00,109,Web
W006299,U0097,M0009,2026-09-19 20:43:00,74,TV
W006300,U0075,M0070,2026-09-27 04:25:00,104,Mobile
W006301,U0057,M0070,2026-07-08 03:28:00,82,Mobile
W006302,U0133,M0045,2026-07-11 02:11:00,89,Mobile
W006303,U0080,M0037,2026-09-25 08:38:00,118,TV
W006304,U0041,M0002,2026-08-27 21:45:00,100,Mobile
W006305,U0114,M0016,2026-07-29 04:35:00,130,Web
W006306,U0107,M0003,2026-08-22 02:41:00,102,Web
W006307,U0013,M0009,2026-08-11 06:06:00,102,Tablet
W006308,U0135,M0049,2026-07-07 07:11:00,100,Mobile
W006309,U0051,M0048,2026-07-24 21:49:00,97,Tablet
W006310,U0070,M0002,2026-08-13 03:02:00,88,TV
W006311,U0196,M0014,2026-08-11 15:54:00,75,Web
W006312,U0014,M0008,2026-09-05 01:11:00,175,Web
W006313,U0007,M0049,2026-07-20 13:13:00,109,Web
W006314,U0067,M0006,2026-07-01 08:06:00,41,TV
W006315,U0064,M0019,2026-09-03 10:41:00,135,Web
W006316,U0023,M0031,2026-09-13 06:11:00,148,Tablet
W006317,U0077,M0081,2026-07-01 09:24:00,130,TV
W006318,U0110,M0011,2026-08-01 21:52:00,86,TV
W006319,U0017,M0093,2026-08-01 15:31:00,37,TV
W006320,U0023,M0043,2026-07-08 09:24:00,81,Mobile
W006321,U0137,M0007,2026-08-28 14:51:00,84,Mobile
W006322,U0043,M0005,2026-07-21 13:23:00,103,Tablet
W006323,U0010,M0010,2026-09-23 17:50:00,134,Tablet
W006324,U0075,M0009,2026-08-12 05:21:00,87,Web
W006325,U0144,M0005,2026-09-09 12:47:00,71,Web
W006326,U0131,M0070,2026-08-17 00:53:00,67,Mobile
W006327,U0120,M0053,2026-09-20 18:06:00,77,Mobile
W006328,U0007,M0009,2026-09-22 20:43:00,66,Tablet
W006329,U0120,M0021,2026-09-07 14:01:00,91,TV
W006330,U0168,M0010,2026-07-29 12:11:00,144,Web
W006331,U0153,M0037,2026-09-12 15:10:00,108,Mobile
W006332,U0114,M0040,2026-07-11 01:42:00,177,Mobile
W006333,U0114,M0056,2026-08-22 05:20:00,120,Mobile
W006334,U0010,M0078,2026-08-26 01:51:00,52,Mobile
W006335,U0044,M0068,2026-07-25 09:33:00,120,Web
W006336,U0086,M0009,2026-08-10 18:06:00,88,Web
W006337,U0059,M0054,2026-07-22 05:38:00,93,Tablet
W006338,U0180,M0004,2026-08-04 01:04:00,70,TV
W006339,U0059,M0026,2026-08-13 16:40:00,88,TV
W006340,U0187,M0060,2026-08-02 18:51:00,117,TV
W006341,U0001,M0040,2026-07-29 07:38:00,114,TV
W006342,U0099,M0011,2026-09-28 04:43:00,68,Web
W006343,U0055,M0002,2026-09-04 07:41:00,127,Tablet
W006344,U0166,M0002,2026-07-22 10:08:00,123,Mobile
W006345,U0117,M0046,2026-09-26 12:29:00,89,Tablet
W006346,U0178,M0020,2026-07-25 20:28:00,119,Tablet
W006347,U0184,M0018,2026-09-23 13:38:00,86,Web
W006348,U0135,M0009,2026-09-17 01:56:00,65,Web
W006349,U0170,M0060,2026-09-15 01:22:00,95,Tablet
W006350,U0142,M0001,2026-08-30 10:03:00,84,Mobile
W006351,U0067,M0010,2026-09-23 05:32:00,149,TV
W006352,U0032,M0010,2026-09-22 12:06:00,132,Tablet
W006353,U0113,M0033,2026-08-09 04:16:00,91,Mobile
W006354,U0123,M0058,2026-09-14 01:42:00,70,Web
W006355,U0119,M0005,2026-07-11 18:44:00,94,TV
W006356,U0087,M0099,2026-08-05 18:57:00,84,TV
W006357,U0095,M0075,2026-08-05 18:50:00,85,Tablet
W006358,U0004,M0004,2026-09-24 10:33:00,100,Web
W006359,U0170,M0003,2026-08-02 19:47:00,62,TV
W006360,U0154,M0057,2026-07-23 19:18:00,91,TV
W006361,U0122,M0021,2026-09-04 22:15:00,55,TV
W006362,U0093,M0005,2026-07-12 11:33:00,82,Mobile
W006363,U0085,M0098,2026-08-26 12:53:00,132,Mobile
W006364,U0002,M0090,2026-08-30 16:40:00,104,Mobile
W006365,U0029,M0039,2026-07-08 13:40:00,131,Tablet
W006366,U0019,M0004,2026-07-18 12:34:00,71,Web
W006367,U0065,M0047,2026-07-13 16:20:00,164,Mobile
W006368,U0013,M0007,2026-08-29 15:11:00,82,TV
W006369,U0136,M0096,2026-08-30 14:55:00,171,Mobile
W006370,U0196,M0007,2026-08-13 12:21:00,87,TV
W006371,U0051,M0052,2026-07-07 16:43:00,89,Mobile
W006372,U0127,M0007,2026-09-25 08:26:00,103,TV
W006373,U0161,M0004,2026-09-16 22:07:00,102,Web
W006374,U0186,M0002,2026-07-07 09:22:00,94,TV
W006375,U0033,M0005,2026-09-09 06:40:00,109,TV
W006376,U0006,M0003,2026-07-20 10:00:00,96,Mobile
W006377,U0135,M0008,2026-09-13 19:34:00,131,Mobile
W006378,U0164,M0055,2026-09-14 09:49:00,136,Mobile
W006379,U0040,M0038,2026-08-07 15:13:00,92,Tablet
W006380,U0156,M0063,2026-08-08 13:16:00,140,TV
W006381,U0082,M0058,2026-08-07 16:01:00,80,Mobile
W006382,U0063,M0011,2026-07-21 12:14:00,73,Mobile
W006383,U0183,M0057,2026-08-29 22:42:00,95,TV
W006384,U0163,M0005,2026-09-12 06:38:00,102,Tablet
W006385,U0027,M0025,2026-08-04 15:17:00,90,Web
W006386,U0155,M0005,2026-09-15 23:22:00,78,TV
W006387,U0048,M0001,2026-07-17 20:09:00,124,Web
W006388,U0067,M0090,2026-09-01 05:46:00,102,Web
W006389,U0195,M0063,2026-09-11 22:45:00,154,Tablet
W006390,U0130,M0079,2026-09-18 09:08:00,84,Mobile
W006391,U0020,M0099,2026-09-10 06:49:00,102,Tablet
W006392,U0066,M0099,2026-08-25 01:38:00,88,Mobile
W006393,U0083,M0012,2026-08-13 14:10:00,85,Web
W006394,U0153,M0019,2026-09-09 04:06:00,140,Tablet
W006395,U0179,M0021,2026-09-09 23:55:00,52,Mobile
W006396,U0044,M0006,2026-08-22 12:45:00,76,Mobile
W006397,U0177,M0013,2026-07-02 10:32:00,88,Tablet
W006398,U0061,M0003,2026-07-16 07:39:00,83,Mobile
W006399,U0106,M0032,2026-09-19 16:12:00,67,Mobile
W006400,U0056,M0010,2026-07-18 07:37:00,117,Web
W006401,U0131,M0093,2026-07-07 14:17:00,79,Web
W006402,U0089,M0002,2026-08-12 15:15:00,104,TV
W006403,U0185,M0009,2026-09-27 07:22:00,101,Web
W006404,U0126,M0002,2026-09-08 12:11:00,92,Web
W006405,U0018,M0015,2026-07-24 04:44:00,89,Mobile
W006406,U0019,M0072,2026-08-13 15:26:00,105,TV
W006407,U0101,M0009,2026-07-02 01:53:00,85,TV
W006408,U0091,M0006,2026-09-26 04:26:00,95,Tablet
W006409,U0111,M0048,2026-07-10 09:54:00,114,Web
W006410,U0187,M0023,2026-07-19 16:27:00,140,TV
W006411,U0008,M0063,2026-08-19 10:17:00,149,TV
W006412,U0009,M0012,2026-09-02 15:55:00,76,TV
W006413,U0148,M0021,2026-08-27 04:29:00,72,TV
W006414,U0131,M0007,2026-07-21 07:31:00,119,TV
W006415,U0029,M0071,2026-09-19 19:48:00,109,TV
W006416,U0022,M0028,2026-08-27 22:50:00,107,Tablet
W006417,U0059,M0006,2026-09-28 08:18:00,49,Web
W006418,U0039,M0035,2026-07-01 05:49:00,171,Tablet
W006419,U0035,M0032,2026-07-06 19:55:00,44,Web
W006420,U0036,M0004,2026-07-24 01:31:00,65,Mobile
W006421,U0112,M0023,2026-08-14 14:32:00,94,TV
W006422,U0162,M0007,2026-07-30 16:41:00,81,Mobile
W006423,U0041,M0008,2026-08-02 04:11:00,123,Mobile
W006424,U0005,M0010,2026-09-19 13:18:00,159,Mobile
W006425,U0009,M0050,2026-08-26 07:00:00,125,Web
W006426,U0182,M0006,2026-07-12 17:24:00,95,Tablet
W006427,U0045,M0042,2026-09-01 19:30:00,99,Mobile
W006428,U0116,M0004,2026-07-12 17:48:00,92,TV
W006429,U0083,M0063,2026-07-14 23:24:00,131,Mobile
W006430,U0181,M0038,2026-08-30 22:54:00,70,Web
W006431,U0175,M0008,2026-09-18 20:10:00,142,Tablet
W006432,U0085,M0040,2026-08-22 06:36:00,124,Mobile
W006433,U0112,M0013,2026-09-16 07:35:00,95,Mobile
W006434,U0107,M0002,2026-07-21 03:01:00,103,Mobile
W006435,U0109,M0011,2026-08-25 17:24:00,72,Web
W006436,U0003,M0063,2026-07-19 18:45:00,146,Mobile
W006437,U0066,M0003,2026-07-26 08:16:00,103,Mobile
W006438,U0100,M0091,2026-08-09 16:13:00,124,Tablet
W006439,U0068,M0006,2026-07-01 09:21:00,95,Web
W006440,U0189,M0010,2026-08-20 06:33:00,140,Mobile
W006441,U0026,M0004,2026-09-05 08:14:00,77,Web
W006442,U0037,M0004,2026-09-14 13:27:00,71,TV
W006443,U0133,M0013,2026-08-23 08:53:00,96,Web
W006444,U0002,M0098,2026-09-13 11:12:00,122,Mobile
W006445,U0168,M0008,2026-08-26 00:05:00,111,Mobile
W006446,U0188,M0035,2026-07-12 02:52:00,127,Web
W006447,U0042,M0010,2026-08-03 21:41:00,142,TV
W006448,U0035,M0008,2026-07-30 12:36:00,147,TV
W006449,U0117,M0003,2026-08-27 21:16:00,91,Web
W006450,U0190,M0028,2026-09-25 21:27:00,117,Web
W006451,U0128,M0007,2026-07-16 20:53:00,120,TV
W006452,U0153,M0010,2026-07-05 06:04:00,124,Mobile
W006453,U0023,M0059,2026-09-22 06:03:00,73,Web
W006454,U0082,M0011,2026-09-01 10:12:00,99,Tablet
W006455,U0047,M0001,2026-08-10 12:49:00,102,TV
W006456,U0103,M0058,2026-07-21 02:53:00,47,Mobile
W006457,U0114,M0082,2026-08-18 09:07:00,37,Mobile
W006458,U0066,M0007,2026-09-12 00:44:00,68,Mobile
W006459,U0181,M0010,2026-07-11 17:11:00,145,Web
W006460,U0034,M0032,2026-08-25 10:42:00,53,TV
W006461,U0095,M0009,2026-09-26 08:19:00,75,Web
W006462,U0153,M0028,2026-07-05 02:43:00,88,Web
W006463,U0189,M0009,2026-08-21 07:03:00,67,Tablet
W006464,U0154,M0050,2026-07-10 17:41:00,141,TV
W006465,U0115,M0055,2026-07-02 16:01:00,108,Tablet
W006466,U0106,M0014,2026-08-10 05:53:00,68,Web
W006467,U0084,M0010,2026-07-08 23:43:00,136,Web
W006468,U0136,M0006,2026-09-21 23:20:00,74,Mobile
W006469,U0194,M0063,2026-09-18 22:26:00,107,TV
W006470,U0047,M0060,2026-09-09 16:28:00,155,TV
W006471,U0052,M0011,2026-09-03 13:31:00,58,Mobile
W006472,U0002,M0036,2026-07-25 18:50:00,102,Tablet
W006473,U0111,M0008,2026-07-12 19:46:00,124,TV
W006474,U0002,M0005,2026-07-26 13:20:00,64,Tablet
W006475,U0028,M0093,2026-09-07 01:22:00,81,Tablet
W006476,U0148,M0097,2026-08-12 11:10:00,106,Mobile
W006477,U0163,M0004,2026-09-02 08:17:00,84,TV
W006478,U0055,M0005,2026-09-07 02:23:00,90,Web
W006479,U0038,M0004,2026-09-05 19:11:00,61,Tablet
W006480,U0132,M0045,2026-08-19 16:58:00,44,Web
W006481,U0199,M0061,2026-09-27 05:09:00,89,TV
W006482,U0014,M0035,2026-08-28 17:07:00,131,Mobile
W006483,U0121,M0062,2026-08-15 04:29:00,87,Web
W006484,U0071,M0001,2026-08-12 02:27:00,96,Web
W006485,U0080,M0082,2026-07-11 00:59:00,81,Tablet
W006486,U0149,M0028,2026-09-06 16:53:00,97,Tablet
W006487,U0035,M0002,2026-08-28 06:38:00,106,TV
W006488,U0077,M0007,2026-09-14 13:54:00,77,Web
W006489,U0146,M0027,2026-09-01 17:57:00,40,Web
W006490,U0064,M0010,2026-08-22 18:27:00,162,TV
W006491,U0157,M0009,2026-09-25 21:48:00,61,Mobile
W006492,U0119,M0012,2026-08-03 02:53:00,51,Web
W006493,U0116,M0011,2026-09-07 20:13:00,94,Web
W006494,U0107,M0083,2026-08-04 10:39:00,129,Tablet
W006495,U0135,M0099,2026-09-13 23:38:00,93,Mobile
W006496,U0126,M0048,2026-07-06 04:03:00,106,Tablet
W006497,U0167,M0022,2026-09-12 09:32:00,111,Tablet
W006498,U0025,M0034,2026-07-29 18:58:00,103,Mobile
W006499,U0165,M0016,2026-08-14 18:38:00,119,TV
W006500,U0039,M0038,2026-07-18 23:09:00,92,Web
W006501,U0073,M0054,2026-07-22 12:11:00,119,Web
W006502,U0034,M0011,2026-09-01 02:06:00,79,Mobile
W006503,U0187,M0036,2026-07-21 09:47:00,137,TV
W006504,U0175,M0001,2026-07-29 16:15:00,140,TV
W006505,U0041,M0003,2026-07-22 15:41:00,87,Web
W006506,U0031,M0086,2026-08-26 17:06:00,132,Tablet
W006507,U0040,M0075,2026-08-24 02:07:00,85,TV
W006508,U0063,M0073,2026-08-13 21:06:00,127,Tablet
W006509,U0020,M0090,2026-08-08 13:58:00,117,Mobile
W006510,U0150,M0065,2026-09-03 15:48:00,90,Web
W006511,U0081,M0012,2026-08-01 08:57:00,53,Mobile
W006512,U0039,M0054,2026-07-04 17:27:00,54,Tablet
W006513,U0030,M0009,2026-07-23 21:21:00,97,Web
W006514,U0068,M0001,2026-08-21 07:12:00,117,Web
W006515,U0121,M0005,2026-07-11 02:49:00,88,TV
W006516,U0170,M0066,2026-09-26 01:37:00,113,TV
W006517,U0123,M0064,2026-09-15 16:59:00,85,Tablet
W006518,U0027,M0014,2026-07-16 08:52:00,100,TV
W006519,U0139,M0062,2026-08-29 17:31:00,107,Tablet
W006520,U0076,M0086,2026-08-08 03:51:00,103,Web
W006521,U0064,M0019,2026-09-24 06:29:00,131,Web
W006522,U0149,M0011,2026-07-05 15:31:00,106,TV
W006523,U0105,M0044,2026-09-03 05:36:00,78,Tablet
W006524,U0125,M0095,2026-09-23 00:10:00,126,TV
W006525,U0060,M0011,2026-08-14 10:23:00,45,Mobile
W006526,U0068,M0003,2026-07-04 05:15:00,125,Mobile
W006527,U0134,M0027,2026-09-02 04:40:00,72,Tablet
W006528,U0185,M0008,2026-09-25 07:01:00,123,Tablet
W006529,U0145,M0069,2026-07-17 17:23:00,75,Mobile
W006530,U0145,M0008,2026-08-04 02:09:00,132,Web
W006531,U0174,M0094,2026-08-06 10:42:00,148,Mobile
W006532,U0111,M0005,2026-07-03 03:53:00,106,Mobile
W006533,U0088,M0061,2026-07-16 17:08:00,117,TV
W006534,U0065,M0099,2026-08-25 16:03:00,93,Mobile
W006535,U0118,M0004,2026-08-24 12:49:00,78,Mobile
W006536,U0098,M0029,2026-09-05 06:35:00,71,Mobile
W006537,U0142,M0040,2026-09-01 10:17:00,140,TV
W006538,U0151,M0089,2026-09-06 09:56:00,166,TV
W006539,U0148,M0005,2026-09-10 06:55:00,81,Mobile
W006540,U0087,M0050,2026-07-03 06:22:00,124,Tablet
W006541,U0022,M0022,2026-07-16 18:39:00,123,Mobile
W006542,U0144,M0100,2026-09-19 12:08:00,129,TV
W006543,U0131,M0060,2026-08-29 09:07:00,92,TV
W006544,U0117,M0010,2026-07-29 17:20:00,142,Web
W006545,U0159,M0001,2026-08-14 16:35:00,107,Tablet
W006546,U0043,M0015,2026-07-06 15:44:00,69,Tablet
W006547,U0050,M0018,2026-07-15 10:51:00,59,Mobile
W006548,U0021,M0021,2026-08-08 08:32:00,52,Mobile
W006549,U0075,M0073,2026-08-07 20:40:00,133,Web
W006550,U0036,M0074,2026-08-14 16:45:00,92,Tablet
W006551,U0004,M0001,2026-09-13 11:58:00,107,Tablet
W006552,U0068,M0006,2026-07-15 03:58:00,70,Web
W006553,U0088,M0031,2026-08-02 22:20:00,99,Tablet
W006554,U0178,M0069,2026-08-12 17:08:00,69,Tablet
W006555,U0141,M0069,2026-07-02 06:47:00,34,Web
W006556,U0107,M0098,2026-08-13 13:24:00,128,Tablet
W006557,U0118,M0032,2026-08-09 12:02:00,90,Tablet
W006558,U0040,M0097,2026-07-15 02:44:00,102,Tablet
W006559,U0134,M0041,2026-09-11 09:56:00,107,TV
W006560,U0103,M0082,2026-09-03 09:26:00,65,Tablet
W006561,U0066,M0075,2026-08-09 19:50:00,105,Tablet
W006562,U0020,M0010,2026-07-04 00:41:00,138,Web
W006563,U0100,M0003,2026-08-19 09:39:00,65,Mobile
W006564,U0177,M0005,2026-08-04 09:45:00,84,Web
W006565,U0121,M0005,2026-08-27 21:18:00,105,TV
W006566,U0032,M0025,2026-09-08 06:21:00,88,Web
W006567,U0035,M0001,2026-07-22 16:24:00,135,Web
W006568,U0022,M0009,2026-09-11 01:43:00,78,Mobile
W006569,U0022,M0064,2026-09-27 22:30:00,68,Mobile
W006570,U0134,M0001,2026-07-01 06:02:00,90,Mobile
W006571,U0121,M0007,2026-09-02 00:00:00,64,Tablet
W006572,U0125,M0004,2026-08-03 09:45:00,86,TV
W006573,U0011,M0009,2026-08-12 12:55:00,63,Mobile
W006574,U0121,M0087,2026-07-06 07:10:00,70,Web
W006575,U0058,M0056,2026-08-08 15:39:00,149,Tablet
W006576,U0153,M0006,2026-08-11 05:37:00,70,TV
W006577,U0166,M0091,2026-08-07 12:38:00,133,Mobile
W006578,U0024,M0047,2026-09-23 07:41:00,134,Mobile
W006579,U0014,M0004,2026-07-05 15:24:00,97,Web
W006580,U0008,M0031,2026-07-02 01:49:00,99,Web
W006581,U0013,M0012,2026-08-01 16:15:00,59,TV
W006582,U0176,M0058,2026-09-03 00:26:00,49,TV
W006583,U0009,M0018,2026-07-02 02:06:00,78,Tablet
W006584,U0094,M0011,2026-07-25 11:42:00,88,Tablet
W006585,U0173,M0011,2026-08-28 06:06:00,92,Web
W006586,U0153,M0007,2026-09-07 02:23:00,117,Web
W006587,U0066,M0021,2026-08-01 13:02:00,87,Web
W006588,U0172,M0020,2026-07-06 02:40:00,147,Web
W006589,U0022,M0012,2026-07-26 20:52:00,92,TV
W006590,U0113,M0085,2026-07-04 13:57:00,158,Web
W006591,U0024,M0037,2026-07-22 16:41:00,61,TV
W006592,U0114,M0009,2026-09-11 11:22:00,89,Tablet
W006593,U0190,M0005,2026-08-04 12:38:00,58,Tablet
W006594,U0197,M0017,2026-09-15 05:30:00,83,Web
W006595,U0088,M0011,2026-09-08 19:08:00,115,Web
W006596,U0154,M0082,2026-09-11 19:29:00,94,Web
W006597,U0134,M0088,2026-08-26 00:18:00,90,Mobile
W006598,U0071,M0080,2026-08-23 13:00:00,73,Mobile
W006599,U0132,M0045,2026-07-20 05:53:00,100,Tablet
W006600,U0044,M0081,2026-09-05 20:28:00,119,Mobile
W006601,U0173,M0011,2026-08-10 10:23:00,89,Tablet
W006602,U0054,M0029,2026-07-24 12:33:00,85,Web
W006603,U0196,M0060,2026-07-29 21:14:00,133,Mobile
W006604,U0025,M0060,2026-07-09 05:45:00,137,Mobile
W006605,U0180,M0007,2026-09-11 21:06:00,91,Web
W006606,U0106,M0010,2026-09-20 15:40:00,129,Web
W006607,U0153,M0049,2026-09-13 12:03:00,91,Tablet
W006608,U0031,M0048,2026-07-05 18:17:00,102,Tablet
W006609,U0186,M0037,2026-08-29 05:46:00,85,Mobile
W006610,U0195,M0058,2026-09-19 12:45:00,89,TV
W006611,U0038,M0007,2026-07-25 02:14:00,107,Tablet
W006612,U0170,M0004,2026-07-01 18:54:00,109,Web
W006613,U0085,M0087,2026-08-19 18:10:00,109,Tablet
W006614,U0141,M0004,2026-09-04 09:03:00,59,TV
W006615,U0017,M0085,2026-08-12 19:46:00,151,Web
W006616,U0115,M0097,2026-08-05 04:31:00,80,Mobile
W006617,U0076,M0030,2026-08-23 03:29:00,77,Mobile
W006618,U0124,M0070,2026-09-01 02:16:00,104,Tablet
W006619,U0047,M0020,2026-07-24 20:53:00,107,Tablet
W006620,U0087,M0091,2026-09-12 14:34:00,136,Web
W006621,U0089,M0009,2026-08-26 13:40:00,86,Tablet
W006622,U0110,M0001,2026-08-23 16:10:00,99,Tablet
W006623,U0121,M0010,2026-07-27 16:29:00,131,Tablet
W006624,U0195,M0086,2026-09-26 23:17:00,128,Mobile
W006625,U0061,M0078,2026-07-01 09:19:00,89,TV
W006626,U0185,M0045,2026-08-07 20:39:00,94,Mobile
W006627,U0177,M0004,2026-09-26 14:44:00,79,Tablet
W006628,U0086,M0072,2026-09-28 22:02:00,112,TV
W006629,U0065,M0009,2026-09-20 12:55:00,81,Mobile
W006630,U0040,M0083,2026-09-15 14:15:00,127,Web
W006631,U0076,M0002,2026-08-24 23:33:00,105,Web
W006632,U0105,M0068,2026-09-22 20:13:00,151,Mobile
W006633,U0093,M0002,2026-08-20 11:04:00,107,TV
W006634,U0180,M0063,2026-09-17 23:45:00,122,Mobile
W006635,U0120,M0021,2026-08-29 19:44:00,50,Mobile
W006636,U0081,M0054,2026-07-10 07:07:00,116,Tablet
W006637,U0009,M0003,2026-09-03 07:29:00,114,Web
W006638,U0062,M0068,2026-07-05 19:28:00,141,TV
W006639,U0113,M0026,2026-09-12 14:02:00,106,Tablet
W006640,U0018,M0004,2026-08-27 20:47:00,71,TV
W006641,U0073,M0093,2026-08-11 13:23:00,92,TV
W006642,U0017,M0045,2026-07-12 20:07:00,65,Mobile
W006643,U0054,M0059,2026-08-14 17:47:00,67,Tablet
W006644,U0139,M0008,2026-09-21 11:33:00,133,Tablet
W006645,U0107,M0003,2026-07-30 00:45:00,92,Web
W006646,U0132,M0010,2026-08-04 06:55:00,121,TV
W006647,U0091,M0002,2026-07-30 16:23:00,100,Mobile
W006648,U0043,M0031,2026-07-31 19:39:00,103,TV
W006649,U0020,M0028,2026-09-22 06:33:00,87,Tablet
W006650,U0111,M0080,2026-09-21 22:50:00,71,Web
W006651,U0158,M0075,2026-08-05 12:12:00,65,Web
W006652,U0045,M0008,2026-09-20 01:27:00,121,TV
W006653,U0178,M0087,2026-08-10 20:52:00,105,Mobile
W006654,U0063,M0009,2026-08-30 23:18:00,70,TV
W006655,U0173,M0026,2026-09-13 03:17:00,70,Tablet
W006656,U0024,M0026,2026-07-20 01:53:00,71,TV
W006657,U0005,M0042,2026-09-17 22:59:00,72,Tablet
W006658,U0076,M0005,2026-09-10 16:38:00,94,Tablet
W006659,U0192,M0003,2026-08-19 14:52:00,82,Web
W006660,U0048,M0010,2026-07-14 02:37:00,147,Tablet
W006661,U0190,M0005,2026-09-28 08:14:00,100,Mobile
W006662,U0130,M0004,2026-08-10 20:29:00,91,TV
W006663,U0069,M0005,2026-09-27 06:53:00,112,Tablet
W006664,U0047,M0052,2026-09-13 23:47:00,83,TV
W006665,U0069,M0006,2026-09-13 00:36:00,94,Web
W006666,U0123,M0065,2026-08-01 03:22:00,84,Tablet
W006667,U0045,M0034,2026-09-25 20:07:00,101,Tablet
W006668,U0128,M0042,2026-07-06 02:11:00,59,Web
W006669,U0085,M0045,2026-07-31 21:59:00,50,Tablet
W006670,U0056,M0041,2026-09-24 16:46:00,119,TV
W006671,U0199,M0005,2026-07-21 01:57:00,86,TV
W006672,U0044,M0012,2026-09-13 06:10:00,44,Tablet
W006673,U0006,M0100,2026-09-03 13:14:00,138,TV
W006674,U0085,M0011,2026-07-31 17:49:00,101,Web
W006675,U0106,M0055,2026-09-28 07:15:00,98,Tablet
W006676,U0167,M0062,2026-07-27 16:26:00,99,Mobile
W006677,U0027,M0012,2026-08-13 09:18:00,92,Mobile
W006678,U0093,M0008,2026-08-28 00:55:00,132,Web
W006679,U0103,M0011,2026-07-22 04:39:00,55,Web
W006680,U0098,M0044,2026-07-28 00:51:00,73,Web
W006681,U0132,M0076,2026-09-06 21:56:00,110,TV
W006682,U0054,M0031,2026-09-03 18:40:00,99,TV
W006683,U0160,M0083,2026-09-26 19:43:00,97,Web
W006684,U0091,M0007,2026-09-22 13:26:00,79,Tablet
W006685,U0008,M0047,2026-08-30 00:07:00,153,TV
W006686,U0174,M0075,2026-09-24 13:29:00,58,Web
W006687,U0150,M0083,2026-09-26 06:43:00,110,Tablet
W006688,U0106,M0008,2026-08-27 21:45:00,148,Web
W006689,U0053,M0055,2026-07-08 17:59:00,135,TV
W006690,U0063,M0009,2026-09-02 03:38:00,101,Mobile
W006691,U0062,M0012,2026-07-09 07:02:00,83,TV
W006692,U0064,M0006,2026-08-08 14:53:00,61,Mobile
W006693,U0083,M0023,2026-07-04 11:25:00,105,Mobile
W006694,U0094,M0052,2026-07-19 19:33:00,68,Tablet
W006695,U0072,M0037,2026-07-30 16:19:00,88,Tablet
W006696,U0126,M0025,2026-08-16 13:22:00,82,Tablet
W006697,U0019,M0004,2026-09-23 06:52:00,70,Web
W006698,U0119,M0092,2026-08-02 04:07:00,119,Tablet
W006699,U0088,M0004,2026-08-25 16:04:00,44,Mobile
W006700,U0088,M0006,2026-09-20 14:32:00,53,TV
W006701,U0177,M0010,2026-07-13 04:44:00,112,Tablet
W006702,U0030,M0094,2026-08-16 18:43:00,114,Web
W006703,U0074,M0023,2026-08-20 21:29:00,111,TV
W006704,U0177,M0096,2026-07-12 22:08:00,154,Web
W006705,U0037,M0064,2026-09-24 18:42:00,63,TV
W006706,U0199,M0021,2026-08-05 21:29:00,80,Web
W006707,U0025,M0068,2026-08-25 13:07:00,114,Web
W006708,U0096,M0008,2026-07-27 21:18:00,128,Web
W006709,U0082,M0012,2026-07-06 11:09:00,73,TV
W006710,U0122,M0002,2026-09-08 15:14:00,99,Web
W006711,U0119,M0044,2026-07-03 08:11:00,48,TV
W006712,U0077,M0025,2026-07-18 03:53:00,77,Web
W006713,U0175,M0059,2026-07-16 16:24:00,77,TV
W006714,U0189,M0086,2026-09-18 22:08:00,99,Web
W006715,U0003,M0024,2026-08-23 01:02:00,115,TV
W006716,U0075,M0094,2026-08-22 10:01:00,153,Web
W006717,U0024,M0031,2026-09-11 13:32:00,111,Mobile
W006718,U0093,M0025,2026-08-02 04:24:00,47,Tablet
W006719,U0147,M0098,2026-08-23 01:34:00,91,Web
W006720,U0123,M0070,2026-07-09 01:25:00,73,TV
W006721,U0168,M0057,2026-09-21 07:20:00,97,Mobile
W006722,U0023,M0043,2026-09-25 21:49:00,90,Mobile
W006723,U0053,M0095,2026-09-06 10:46:00,160,Web
W006724,U0129,M0011,2026-08-13 01:15:00,78,Mobile
W006725,U0052,M0050,2026-08-24 16:31:00,135,TV
W006726,U0119,M0011,2026-08-19 18:38:00,64,Tablet
W006727,U0023,M0031,2026-08-14 22:13:00,120,Mobile
W006728,U0197,M0057,2026-07-14 17:17:00,114,Mobile
W006729,U0198,M0020,2026-08-26 08:45:00,149,TV
W006730,U0129,M0028,2026-07-21 08:52:00,116,Mobile
W006731,U0024,M0089,2026-08-23 21:22:00,153,TV
W006732,U0159,M0100,2026-08-20 14:43:00,113,Mobile
W006733,U0149,M0011,2026-08-31 15:51:00,61,TV
W006734,U0049,M0057,2026-09-14 01:09:00,106,Mobile
W006735,U0174,M0054,2026-08-16 16:57:00,119,TV
W006736,U0083,M0005,2026-09-26 18:22:00,109,TV
W006737,U0025,M0002,2026-09-26 07:11:00,122,Tablet
W006738,U0126,M0031,2026-07-28 08:13:00,143,Mobile
W006739,U0124,M0061,2026-07-02 00:47:00,114,Mobile
W006740,U0159,M0052,2026-09-19 19:33:00,59,Tablet
W006741,U0075,M0054,2026-07-30 05:21:00,106,TV
W006742,U0185,M0041,2026-09-10 03:41:00,120,TV
W006743,U0006,M0068,2026-07-25 19:08:00,135,Web
W006744,U0111,M0024,2026-09-26 05:06:00,101,Tablet
W006745,U0020,M0072,2026-09-20 09:46:00,88,Web
W006746,U0015,M0010,2026-08-11 07:18:00,131,Web
W006747,U0193,M0019,2026-08-02 14:17:00,124,TV
W006748,U0058,M0022,2026-09-14 03:21:00,94,Tablet
W006749,U0194,M0047,2026-07-11 17:03:00,104,Tablet
W006750,U0165,M0032,2026-07-09 10:46:00,90,Mobile
W006751,U0081,M0001,2026-09-27 21:18:00,111,TV
W006752,U0195,M0006,2026-09-17 06:04:00,70,TV
W006753,U0016,M0010,2026-08-06 07:29:00,138,Web
W006754,U0153,M0079,2026-08-06 15:28:00,93,Tablet
W006755,U0102,M0061,2026-09-17 09:31:00,94,TV
W006756,U0056,M0012,2026-07-06 09:28:00,20,Mobile
W006757,U0127,M0064,2026-09-06 13:20:00,79,Mobile
W006758,U0007,M0005,2026-09-17 21:13:00,67,Mobile
W006759,U0071,M0007,2026-08-20 22:06:00,81,TV
W006760,U0077,M0046,2026-09-15 20:34:00,109,Mobile
W006761,U0193,M0012,2026-07-31 17:35:00,92,Web
W006762,U0074,M0039,2026-08-26 17:04:00,103,TV
W006763,U0063,M0003,2026-07-31 11:56:00,96,Tablet
W006764,U0048,M0013,2026-08-17 18:00:00,90,Web
W006765,U0139,M0013,2026-09-01 10:21:00,60,Web
W006766,U0092,M0097,2026-09-18 05:07:00,106,Mobile
W006767,U0055,M0088,2026-09-20 09:20:00,77,Mobile
W006768,U0055,M0100,2026-08-17 06:36:00,123,TV
W006769,U0200,M0061,2026-08-08 23:46:00,82,TV
W006770,U0141,M0002,2026-07-18 18:58:00,105,Tablet
W006771,U0145,M0039,2026-07-14 05:33:00,144,Mobile
W006772,U0067,M0056,2026-08-07 10:16:00,119,Web
W006773,U0113,M0010,2026-08-17 05:30:00,128,Web
W006774,U0133,M0001,2026-09-06 04:18:00,126,Tablet
W006775,U0183,M0077,2026-07-09 22:39:00,109,Mobile
W006776,U0034,M0061,2026-08-06 10:31:00,119,TV
W006777,U0028,M0003,2026-07-31 07:16:00,91,Tablet
W006778,U0124,M0009,2026-07-04 09:31:00,90,Mobile
W006779,U0067,M0007,2026-08-16 17:30:00,86,Mobile
W006780,U0192,M0078,2026-07-24 00:49:00,91,Mobile
W006781,U0095,M0005,2026-07-17 05:25:00,60,TV
W006782,U0180,M0011,2026-09-20 03:48:00,81,Mobile
W006783,U0019,M0005,2026-08-19 01:29:00,81,Tablet
W006784,U0008,M0042,2026-09-18 20:49:00,93,Tablet
W006785,U0020,M0080,2026-08-17 00:05:00,80,Mobile
W006786,U0086,M0003,2026-07-31 22:16:00,86,Web
W006787,U0098,M0003,2026-09-21 19:24:00,95,TV
W006788,U0098,M0011,2026-09-07 13:05:00,115,Web
W006789,U0200,M0059,2026-08-15 11:53:00,27,Mobile
W006790,U0051,M0089,2026-09-18 20:27:00,154,Web
W006791,U0162,M0002,2026-07-26 13:26:00,134,Web
W006792,U0173,M0003,2026-09-10 17:15:00,95,Tablet
W006793,U0008,M0039,2026-07-22 00:20:00,158,Mobile
W006794,U0154,M0011,2026-08-28 13:48:00,88,TV
W006795,U0039,M0011,2026-09-09 13:57:00,97,Tablet
W006796,U0151,M0005,2026-09-21 13:35:00,97,Web
W006797,U0176,M0005,2026-09-01 20:20:00,112,Tablet
W006798,U0191,M0042,2026-08-05 13:13:00,108,TV
W006799,U0137,M0012,2026-08-29 21:41:00,73,Web
W006800,U0174,M0011,2026-07-02 22:54:00,83,TV
W006801,U0067,M0018,2026-09-10 01:53:00,62,Tablet
W006802,U0175,M0008,2026-07-04 00:24:00,113,Mobile
W006803,U0018,M0037,2026-08-07 11:43:00,102,Mobile
W006804,U0062,M0081,2026-09-13 07:07:00,98,Web
W006805,U0144,M0075,2026-07-18 04:28:00,115,Tablet
W006806,U0009,M0058,2026-09-01 21:34:00,36,Tablet
W006807,U0045,M0001,2026-09-23 11:08:00,83,Web
W006808,U0182,M0004,2026-07-28 18:01:00,76,TV
W006809,U0153,M0005,2026-07-24 05:14:00,80,Tablet
W006810,U0148,M0004,2026-07-27 17:33:00,114,TV
W006811,U0022,M0012,2026-09-15 16:37:00,55,Tablet
W006812,U0034,M0012,2026-08-01 04:50:00,27,TV
W006813,U0129,M0028,2026-09-27 00:56:00,120,Mobile
W006814,U0166,M0009,2026-07-19 15:09:00,82,Web
W006815,U0079,M0012,2026-08-22 18:56:00,64,Web
W006816,U0150,M0035,2026-07-22 07:41:00,127,Web
W006817,U0173,M0001,2026-09-13 06:49:00,98,TV
W006818,U0042,M0009,2026-07-26 08:23:00,87,Tablet
W006819,U0184,M0086,2026-09-01 12:27:00,138,Mobile
W006820,U0024,M0008,2026-07-02 03:52:00,126,Tablet
W006821,U0143,M0004,2026-07-12 10:02:00,78,Web
W006822,U0115,M0012,2026-09-25 15:45:00,48,Mobile
W006823,U0189,M0063,2026-07-04 17:27:00,154,Web
W006824,U0144,M0080,2026-07-09 04:18:00,66,Web
W006825,U0045,M0061,2026-07-29 12:35:00,99,TV
W006826,U0164,M0050,2026-08-13 23:59:00,102,TV
W006827,U0173,M0010,2026-09-03 21:26:00,124,Tablet
W006828,U0147,M0090,2026-08-30 00:47:00,127,TV
W006829,U0013,M0006,2026-08-07 17:36:00,87,Tablet
W006830,U0183,M0010,2026-07-09 17:24:00,124,Mobile
W006831,U0088,M0007,2026-09-19 10:06:00,86,Tablet
W006832,U0010,M0078,2026-07-07 15:26:00,19,Mobile
W006833,U0125,M0076,2026-07-11 13:23:00,129,Web
W006834,U0103,M0067,2026-07-24 04:08:00,104,Tablet
W006835,U0183,M0047,2026-09-27 02:16:00,150,TV
W006836,U0016,M0003,2026-08-03 01:30:00,111,Web
W006837,U0045,M0090,2026-09-18 11:27:00,123,Web
W006838,U0182,M0035,2026-07-22 22:51:00,133,Tablet
W006839,U0185,M0011,2026-09-27 08:03:00,82,Tablet
W006840,U0118,M0024,2026-07-06 03:26:00,132,Tablet
W006841,U0144,M0076,2026-08-27 13:46:00,128,Web
W006842,U0025,M0016,2026-07-08 21:03:00,143,Mobile
W006843,U0141,M0019,2026-09-07 17:13:00,142,Mobile
W006844,U0158,M0009,2026-08-30 14:33:00,98,Tablet
W006845,U0106,M0080,2026-07-14 12:11:00,78,TV
W006846,U0141,M0046,2026-09-14 10:51:00,98,Web
W006847,U0118,M0072,2026-08-07 07:22:00,108,TV
W006848,U0028,M0005,2026-09-14 11:12:00,112,Mobile
W006849,U0049,M0005,2026-07-01 21:01:00,102,Mobile
W006850,U0115,M0093,2026-09-12 19:05:00,55,TV
W006851,U0125,M0044,2026-08-18 00:50:00,59,Tablet
W006852,U0183,M0003,2026-09-07 09:35:00,75,TV
W006853,U0043,M0054,2026-08-15 09:26:00,114,Mobile
W006854,U0147,M0056,2026-07-25 20:17:00,95,Web
W006855,U0153,M0015,2026-08-31 04:51:00,85,Web
W006856,U0139,M0006,2026-09-17 18:07:00,55,Tablet
W006857,U0176,M0031,2026-08-26 00:59:00,113,Tablet
W006858,U0074,M0078,2026-09-12 22:00:00,74,Web
W006859,U0102,M0098,2026-08-10 04:46:00,130,Web
W006860,U0174,M0082,2026-07-09 04:11:00,93,TV
W006861,U0129,M0004,2026-08-10 15:56:00,103,Tablet
W006862,U0148,M0003,2026-07-01 07:37:00,97,Mobile
W006863,U0050,M0098,2026-07-31 09:17:00,119,Mobile
W006864,U0048,M0004,2026-09-27 17:51:00,58,TV
W006865,U0102,M0051,2026-07-06 07:27:00,139,Tablet
W006866,U0170,M0066,2026-08-01 10:20:00,155,TV
W006867,U0096,M0007,2026-07-21 06:27:00,94,Mobile
W006868,U0119,M0073,2026-09-09 14:14:00,162,Mobile
W006869,U0188,M0007,2026-07-21 16:06:00,83,Web
W006870,U0038,M0017,2026-07-25 17:40:00,106,Tablet
W006871,U0103,M0009,2026-08-03 12:07:00,92,TV
W006872,U0124,M0005,2026-07-06 15:06:00,98,Web
W006873,U0054,M0004,2026-09-04 20:08:00,105,TV
W006874,U0050,M0010,2026-08-14 20:01:00,127,Tablet
W006875,U0060,M0052,2026-07-24 11:19:00,84,Web
W006876,U0179,M0004,2026-07-15 12:05:00,105,TV
W006877,U0120,M0012,2026-09-20 11:36:00,79,TV
W006878,U0128,M0026,2026-07-17 22:50:00,52,Web
W006879,U0193,M0047,2026-07-10 06:50:00,163,Tablet
W006880,U0197,M0009,2026-07-01 15:05:00,88,Web
W006881,U0037,M0047,2026-07-23 20:16:00,135,Tablet
W006882,U0003,M0072,2026-07-18 23:28:00,117,TV
W006883,U0060,M0041,2026-09-01 03:35:00,142,TV
W006884,U0137,M0079,2026-08-03 10:01:00,114,Tablet
W006885,U0163,M0027,2026-07-12 15:21:00,60,Mobile
W006886,U0069,M0006,2026-07-20 22:40:00,90,Tablet
W006887,U0026,M0002,2026-09-07 12:23:00,129,Tablet
W006888,U0108,M0009,2026-08-19 04:25:00,70,Mobile
W006889,U0168,M0009,2026-07-27 22:10:00,61,Web
W006890,U0078,M0009,2026-07-09 17:24:00,101,Web
W006891,U0126,M0054,2026-08-12 04:40:00,96,Web
W006892,U0008,M0006,2026-07-19 18:34:00,66,TV
W006893,U0162,M0011,2026-07-19 01:00:00,56,Tablet
W006894,U0134,M0009,2026-08-26 03:17:00,36,TV
W006895,U0068,M0008,2026-08-17 21:26:00,148,Mobile
W006896,U0057,M0009,2026-08-25 20:26:00,80,Tablet
W006897,U0174,M0052,2026-08-31 16:30:00,76,Mobile
W006898,U0061,M0020,2026-07-09 14:39:00,152,Web
W006899,U0194,M0008,2026-09-26 17:47:00,126,Mobile
W006900,U0175,M0018,2026-07-12 15:06:00,81,Web
W006901,U0003,M0002,2026-08-09 16:15:00,68,Tablet
W006902,U0164,M0053,2026-08-06 16:57:00,104,Tablet
W006903,U0058,M0093,2026-08-14 23:37:00,74,Web
W006904,U0146,M0007,2026-07-23 10:44:00,97,TV
W006905,U0144,M0007,2026-09-04 21:56:00,65,Mobile
W006906,U0060,M0012,2026-07-17 20:34:00,46,Web
W006907,U0038,M0009,2026-08-04 16:35:00,85,Web
W006908,U0145,M0010,2026-07-23 00:41:00,143,Tablet
W006909,U0076,M0046,2026-08-22 03:12:00,94,Web
W006910,U0158,M0008,2026-09-22 11:06:00,119,Web
W006911,U0002,M0038,2026-08-20 15:19:00,78,Web
W006912,U0107,M0009,2026-08-09 15:19:00,75,Web
W006913,U0051,M0024,2026-08-12 18:34:00,125,Mobile
W006914,U0014,M0012,2026-09-06 04:54:00,79,Mobile
W006915,U0005,M0010,2026-09-06 00:28:00,142,TV
W006916,U0098,M0004,2026-07-21 03:45:00,69,TV
W006917,U0090,M0011,2026-08-29 18:49:00,93,TV
W006918,U0044,M0040,2026-07-26 22:46:00,126,Tablet
W006919,U0069,M0050,2026-08-24 11:12:00,151,Tablet
W006920,U0002,M0082,2026-08-22 19:35:00,75,Mobile
W006921,U0009,M0042,2026-07-28 12:31:00,69,Mobile
W006922,U0192,M0007,2026-07-19 22:06:00,87,TV
W006923,U0106,M0099,2026-07-28 16:32:00,107,TV
W006924,U0171,M0004,2026-08-16 19:03:00,79,Web
W006925,U0158,M0009,2026-08-27 08:28:00,88,Tablet
W006926,U0015,M0096,2026-08-24 13:33:00,135,TV
W006927,U0127,M0016,2026-09-22 14:24:00,98,Web
W006928,U0164,M0061,2026-07-02 07:37:00,126,Web
W006929,U0090,M0003,2026-09-13 03:32:00,97,Tablet
W006930,U0148,M0089,2026-07-24 04:55:00,153,Tablet
W006931,U0055,M0060,2026-08-19 02:41:00,100,Mobile
W006932,U0191,M0002,2026-07-12 21:40:00,112,Mobile
W006933,U0169,M0010,2026-08-05 09:45:00,98,Mobile
W006934,U0142,M0038,2026-08-10 06:39:00,108,Web
W006935,U0190,M0006,2026-08-10 06:44:00,92,TV
W006936,U0114,M0081,2026-07-23 08:19:00,140,Web
W006937,U0091,M0086,2026-08-25 04:19:00,116,TV
W006938,U0129,M0060,2026-08-05 23:02:00,102,TV
W006939,U0192,M0006,2026-07-06 06:10:00,77,Tablet
W006940,U0072,M0001,2026-09-12 00:27:00,113,TV
W006941,U0068,M0054,2026-07-28 03:21:00,106,Web
W006942,U0136,M0012,2026-08-24 03:30:00,58,Web
W006943,U0046,M0079,2026-07-17 23:46:00,108,Tablet
W006944,U0009,M0056,2026-08-15 21:53:00,101,Tablet
W006945,U0017,M0021,2026-08-17 10:23:00,60,Web
W006946,U0108,M0084,2026-08-04 17:58:00,86,Tablet
W006947,U0001,M0094,2026-08-23 11:12:00,128,Tablet
W006948,U0067,M0001,2026-07-26 03:22:00,97,Tablet
W006949,U0111,M0003,2026-08-29 19:23:00,97,Mobile
W006950,U0048,M0031,2026-07-11 12:57:00,111,Web
W006951,U0012,M0062,2026-09-05 04:12:00,84,Web
W006952,U0090,M0009,2026-09-03 15:22:00,68,Mobile
W006953,U0164,M0085,2026-07-04 20:38:00,141,Web
W006954,U0134,M0049,2026-07-20 13:21:00,70,TV
W006955,U0096,M0008,2026-09-15 22:07:00,109,Tablet
W006956,U0001,M0032,2026-09-13 04:13:00,62,TV
W006957,U0132,M0001,2026-07-29 17:33:00,109,Mobile
W006958,U0043,M0002,2026-09-10 11:44:00,73,Tablet
W006959,U0050,M0046,2026-07-10 15:24:00,132,Mobile
W006960,U0048,M0091,2026-09-12 18:53:00,125,Web
W006961,U0120,M0005,2026-09-26 15:56:00,49,Mobile
W006962,U0099,M0087,2026-08-24 09:46:00,83,Web
W006963,U0156,M0094,2026-07-18 06:23:00,145,Web
W006964,U0010,M0006,2026-07-31 14:05:00,61,Mobile
W006965,U0148,M0073,2026-08-31 03:39:00,150,TV
W006966,U0148,M0010,2026-08-18 10:43:00,105,Tablet
W006967,U0021,M0008,2026-08-09 10:07:00,142,Tablet
W006968,U0002,M0042,2026-08-28 10:29:00,68,Web
W006969,U0157,M0016,2026-08-24 09:08:00,149,Web
W006970,U0005,M0003,2026-09-22 14:17:00,74,Mobile
W006971,U0154,M0004,2026-07-08 14:54:00,102,TV
W006972,U0036,M0099,2026-09-08 09:30:00,110,TV
W006973,U0072,M0004,2026-07-15 20:30:00,94,Web
W006974,U0011,M0002,2026-09-24 21:28:00,103,TV
W006975,U0123,M0016,2026-09-24 03:55:00,151,Web
W006976,U0099,M0020,2026-09-04 04:53:00,116,Tablet
W006977,U0066,M0027,2026-08-05 09:02:00,67,TV
W006978,U0107,M0003,2026-09-04 14:38:00,101,Mobile
W006979,U0167,M0058,2026-09-22 10:53:00,86,Web
W006980,U0019,M0012,2026-07-29 22:41:00,78,Tablet
W006981,U0173,M0095,2026-07-16 07:02:00,142,Mobile
W006982,U0165,M0072,2026-08-19 08:06:00,133,Mobile
W006983,U0032,M0003,2026-09-17 14:17:00,84,TV
W006984,U0174,M0054,2026-07-18 19:26:00,81,Mobile
W006985,U0047,M0002,2026-08-02 12:15:00,78,Tablet
W006986,U0149,M0010,2026-07-06 10:07:00,120,Tablet
W006987,U0039,M0054,2026-07-11 11:16:00,112,Web
W006988,U0154,M0008,2026-08-20 12:21:00,104,Mobile
W006989,U0006,M0003,2026-08-27 15:23:00,121,Mobile
W006990,U0074,M0012,2026-07-03 19:22:00,90,Web
W006991,U0042,M0080,2026-07-06 22:13:00,98,TV
W006992,U0109,M0032,2026-08-17 05:28:00,74,Mobile
W006993,U0104,M0081,2026-09-09 15:08:00,150,Mobile
W006994,U0065,M0071,2026-09-07 00:10:00,154,Tablet
W006995,U0011,M0098,2026-09-01 23:14:00,86,Web
W006996,U0010,M0056,2026-07-25 20:45:00,101,Tablet
W006997,U0145,M0007,2026-07-24 23:52:00,86,Mobile
W006998,U0104,M0047,2026-08-23 18:14:00,167,Web
W006999,U0129,M0036,2026-08-07 16:19:00,119,Tablet
W007000,U0068,M0003,2026-08-06 06:15:00,73,Tablet
W007001,U0153,M0048,2026-09-01 06:46:00,74,Web
W007002,U0147,M0058,2026-08-14 08:06:00,54,Web
W007003,U0037,M0081,2026-07-08 02:46:00,119,Mobile
W007004,U0075,M0012,2026-08-11 08:26:00,92,Tablet
W007005,U0111,M0032,2026-07-29 18:44:00,85,Web
W007006,U0117,M0007,2026-09-07 12:24:00,71,Tablet
W007007,U0155,M0061,2026-09-18 22:19:00,92,Mobile
W007008,U0025,M0012,2026-09-24 09:25:00,61,Web
W007009,U0127,M0012,2026-08-17 17:38:00,89,Tablet
W007010,U0076,M0009,2026-09-20 00:32:00,78,Web
W007011,U0150,M0064,2026-07-13 06:22:00,114,Tablet
W007012,U0034,M0009,2026-09-26 03:17:00,71,Tablet
W007013,U0022,M0002,2026-09-08 01:05:00,96,Tablet
W007014,U0112,M0037,2026-09-08 21:42:00,98,TV
W007015,U0079,M0001,2026-07-25 13:58:00,115,Tablet
W007016,U0124,M0093,2026-07-12 08:55:00,64,Tablet
W007017,U0095,M0010,2026-07-15 07:50:00,151,Web
W007018,U0012,M0021,2026-07-06 17:25:00,47,Web
W007019,U0128,M0003,2026-07-19 18:37:00,125,Web
W007020,U0038,M0081,2026-07-17 07:42:00,150,TV
W007021,U0088,M0018,2026-08-01 02:10:00,75,Mobile
W007022,U0001,M0005,2026-09-06 19:45:00,71,Web
W007023,U0154,M0011,2026-09-18 23:15:00,100,Web
W007024,U0015,M0002,2026-09-09 08:01:00,108,TV
W007025,U0003,M0008,2026-09-21 15:58:00,135,TV
W007026,U0197,M0041,2026-07-18 03:36:00,111,Mobile
W007027,U0132,M0080,2026-08-03 19:28:00,98,TV
W007028,U0074,M0017,2026-07-23 01:05:00,88,TV
W007029,U0033,M0004,2026-07-01 14:28:00,59,Web
W007030,U0067,M0051,2026-09-05 00:57:00,109,Mobile
W007031,U0071,M0023,2026-07-26 13:56:00,130,Tablet
W007032,U0132,M0054,2026-07-25 03:25:00,79,TV
W007033,U0175,M0002,2026-09-18 17:32:00,116,TV
W007034,U0177,M0091,2026-07-05 02:35:00,107,TV
W007035,U0025,M0052,2026-08-08 20:58:00,78,Mobile
W007036,U0056,M0003,2026-08-26 16:19:00,93,Mobile
W007037,U0129,M0028,2026-08-29 10:48:00,107,Tablet
W007038,U0039,M0100,2026-07-15 19:15:00,132,Tablet
W007039,U0089,M0001,2026-08-17 06:28:00,113,Tablet
W007040,U0056,M0006,2026-08-02 21:58:00,44,Tablet
W007041,U0116,M0080,2026-09-09 15:51:00,110,TV
W007042,U0107,M0045,2026-09-08 20:04:00,72,Web
W007043,U0129,M0009,2026-07-18 18:54:00,80,TV
W007044,U0081,M0095,2026-07-27 21:22:00,68,TV
W007045,U0033,M0005,2026-07-19 10:35:00,84,Tablet
W007046,U0135,M0036,2026-08-20 09:13:00,112,Mobile
W007047,U0085,M0082,2026-09-28 15:33:00,78,TV
W007048,U0142,M0036,2026-08-16 11:49:00,123,Tablet
W007049,U0041,M0031,2026-09-28 20:09:00,117,Tablet
W007050,U0098,M0005,2026-09-03 11:56:00,105,Mobile
W007051,U0137,M0001,2026-08-19 04:22:00,89,Web
W007052,U0181,M0009,2026-07-08 04:38:00,75,TV
W007053,U0015,M0010,2026-07-29 12:38:00,142,TV
W007054,U0184,M0004,2026-08-20 13:23:00,114,Web
W007055,U0155,M0038,2026-07-10 08:24:00,72,TV
W007056,U0102,M0001,2026-07-09 16:08:00,130,Mobile
W007057,U0124,M0092,2026-09-03 19:06:00,108,Web
W007058,U0057,M0011,2026-08-27 20:25:00,85,Mobile
W007059,U0004,M0010,2026-07-08 10:18:00,133,TV
W007060,U0152,M0012,2026-09-23 18:37:00,86,Web
W007061,U0091,M0005,2026-07-29 09:19:00,85,Mobile
W007062,U0153,M0009,2026-07-09 19:12:00,93,Mobile
W007063,U0175,M0009,2026-07-21 15:24:00,83,Web
W007064,U0149,M0011,2026-07-15 23:38:00,102,Tablet
W007065,U0158,M0003,2026-07-03 14:14:00,122,TV
W007066,U0163,M0090,2026-07-21 14:19:00,129,Web
W007067,U0078,M0006,2026-08-03 03:49:00,72,Web
W007068,U0142,M0004,2026-08-27 01:28:00,66,Mobile
W007069,U0188,M0011,2026-07-09 09:40:00,100,Tablet
W007070,U0014,M0002,2026-07-11 12:32:00,87,Web
W007071,U0147,M0014,2026-08-15 10:23:00,88,Tablet
W007072,U0057,M0001,2026-08-14 16:42:00,101,Web
W007073,U0150,M0096,2026-09-25 16:56:00,149,TV
W007074,U0043,M0036,2026-07-21 20:30:00,100,Web
W007075,U0068,M0072,2026-09-23 14:15:00,121,Tablet
W007076,U0053,M0001,2026-09-28 06:04:00,107,Web
W007077,U0188,M0047,2026-09-11 14:17:00,115,Tablet
W007078,U0121,M0011,2026-07-24 06:53:00,101,Mobile
W007079,U0118,M0080,2026-07-21 03:10:00,79,Web
W007080,U0103,M0050,2026-07-01 08:09:00,143,Tablet
W007081,U0097,M0007,2026-07-15 18:00:00,107,TV
W007082,U0031,M0033,2026-09-10 16:11:00,56,TV
W007083,U0031,M0049,2026-09-17 03:53:00,96,TV
W007084,U0124,M0074,2026-09-08 09:49:00,94,Tablet
W007085,U0035,M0011,2026-07-24 19:05:00,86,TV
W007086,U0051,M0048,2026-09-21 11:51:00,79,Web
W007087,U0185,M0008,2026-08-28 14:30:00,107,TV
W007088,U0170,M0042,2026-09-20 22:22:00,70,Tablet
W007089,U0103,M0003,2026-07-03 22:54:00,114,TV
W007090,U0025,M0029,2026-07-19 10:06:00,54,Web
W007091,U0168,M0071,2026-07-19 17:06:00,159,Web
W007092,U0149,M0085,2026-07-11 05:41:00,137,Web
W007093,U0111,M0008,2026-07-09 22:15:00,144,Mobile
W007094,U0008,M0004,2026-09-07 05:00:00,100,TV
W007095,U0120,M0077,2026-08-13 03:07:00,125,TV
W007096,U0097,M0065,2026-08-26 23:20:00,102,Mobile
W007097,U0022,M0003,2026-09-05 03:18:00,88,Web
W007098,U0189,M0007,2026-08-22 03:07:00,107,Web
W007099,U0043,M0014,2026-08-26 16:13:00,98,TV
W007100,U0027,M0042,2026-09-08 10:56:00,111,Tablet
W007101,U0050,M0006,2026-07-31 14:59:00,64,Tablet
W007102,U0119,M0011,2026-08-17 07:13:00,84,Tablet
W007103,U0122,M0006,2026-08-03 07:46:00,58,Tablet
W007104,U0019,M0047,2026-09-14 20:41:00,123,Web
W007105,U0023,M0012,2026-07-24 09:04:00,78,Web
W007106,U0057,M0099,2026-09-26 09:00:00,90,Web
W007107,U0046,M0002,2026-09-10 14:24:00,95,TV
W007108,U0156,M0054,2026-08-31 20:33:00,105,Tablet
W007109,U0104,M0087,2026-08-03 01:41:00,96,Mobile
W007110,U0021,M0050,2026-08-25 12:06:00,129,Mobile
W007111,U0086,M0098,2026-08-17 20:23:00,132,TV
W007112,U0192,M0042,2026-08-07 13:33:00,84,Web
W007113,U0128,M0016,2026-09-08 00:11:00,170,Mobile
W007114,U0023,M0011,2026-09-17 15:27:00,115,Tablet
W007115,U0025,M0008,2026-09-09 18:07:00,150,Tablet
W007116,U0181,M0078,2026-07-29 09:16:00,40,Mobile
W007117,U0088,M0003,2026-07-21 09:42:00,57,Tablet
W007118,U0117,M0007,2026-08-12 00:47:00,85,TV
W007119,U0100,M0007,2026-07-17 12:30:00,117,Tablet
W007120,U0031,M0093,2026-09-11 21:43:00,77,TV
W007121,U0195,M0035,2026-08-11 16:40:00,146,TV
W007122,U0015,M0003,2026-08-16 07:44:00,111,Tablet
W007123,U0146,M0012,2026-09-28 06:50:00,79,Web
W007124,U0159,M0004,2026-07-10 10:13:00,100,Web
W007125,U0093,M0008,2026-08-26 06:10:00,146,Tablet
W007126,U0120,M0029,2026-07-11 18:57:00,89,Mobile
W007127,U0175,M0007,2026-07-29 01:23:00,90,Tablet
W007128,U0174,M0012,2026-07-19 17:08:00,64,TV
W007129,U0187,M0004,2026-07-01 10:03:00,98,Web
W007130,U0105,M0012,2026-08-20 05:28:00,49,Tablet
W007131,U0194,M0071,2026-07-04 04:18:00,157,Tablet
W007132,U0052,M0006,2026-08-15 14:21:00,64,Tablet
W007133,U0123,M0091,2026-09-14 11:35:00,134,TV
W007134,U0106,M0081,2026-07-25 17:11:00,155,Tablet
W007135,U0014,M0022,2026-08-04 19:58:00,125,Tablet
W007136,U0169,M0010,2026-09-19 13:21:00,155,Web
W007137,U0153,M0001,2026-09-12 14:08:00,118,Web
W007138,U0133,M0008,2026-08-29 16:39:00,126,Tablet
W007139,U0099,M0073,2026-09-13 13:42:00,125,Tablet
W007140,U0191,M0010,2026-08-01 18:07:00,128,Web
W007141,U0161,M0063,2026-07-26 00:54:00,155,Web
W007142,U0166,M0053,2026-09-04 06:05:00,56,TV
W007143,U0065,M0007,2026-09-09 12:15:00,80,TV
W007144,U0154,M0018,2026-08-20 21:29:00,81,Web
W007145,U0174,M0008,2026-07-29 15:44:00,155,Web
W007146,U0086,M0016,2026-07-22 13:47:00,114,Tablet
W007147,U0090,M0079,2026-08-20 10:09:00,99,Tablet
W007148,U0135,M0031,2026-08-04 02:19:00,115,TV
W007149,U0137,M0046,2026-07-19 02:06:00,100,Tablet
W007150,U0149,M0037,2026-07-17 23:28:00,74,Mobile
W007151,U0064,M0008,2026-08-24 16:32:00,100,Mobile
W007152,U0179,M0077,2026-09-12 20:34:00,159,Mobile
W007153,U0122,M0054,2026-08-11 17:49:00,116,Web
W007154,U0023,M0004,2026-07-01 02:51:00,114,Tablet
W007155,U0056,M0026,2026-09-12 19:12:00,101,Mobile
W007156,U0081,M0004,2026-07-05 04:14:00,87,TV
W007157,U0105,M0008,2026-08-17 00:22:00,139,Tablet
W007158,U0053,M0044,2026-09-20 02:05:00,101,Web
W007159,U0102,M0003,2026-07-26 14:08:00,89,Tablet
W007160,U0111,M0064,2026-07-23 12:58:00,77,TV
W007161,U0035,M0005,2026-07-18 21:24:00,97,Tablet
W007162,U0068,M0080,2026-07-31 13:17:00,74,TV
W007163,U0014,M0081,2026-09-13 11:18:00,131,Mobile
W007164,U0006,M0032,2026-08-27 04:30:00,64,Tablet
W007165,U0112,M0085,2026-08-13 22:59:00,140,Web
W007166,U0030,M0005,2026-07-28 05:14:00,79,Web
W007167,U0152,M0005,2026-08-13 07:20:00,68,TV
W007168,U0061,M0090,2026-08-08 21:02:00,104,Mobile
W007169,U0068,M0069,2026-07-20 13:35:00,79,Web
W007170,U0070,M0011,2026-08-18 01:39:00,77,TV
W007171,U0088,M0093,2026-09-25 02:12:00,87,TV
W007172,U0105,M0028,2026-07-17 21:43:00,86,Tablet
W007173,U0008,M0011,2026-09-17 08:15:00,73,Tablet
W007174,U0016,M0003,2026-07-08 18:06:00,94,Mobile
W007175,U0041,M0034,2026-07-22 18:26:00,135,Mobile
W007176,U0056,M0033,2026-07-12 14:15:00,61,TV
W007177,U0126,M0005,2026-07-24 01:53:00,70,Web
W007178,U0173,M0039,2026-09-02 16:55:00,142,TV
W007179,U0064,M0007,2026-08-07 10:20:00,111,Web
W007180,U0178,M0045,2026-08-14 12:50:00,70,Mobile
W007181,U0195,M0074,2026-08-27 03:49:00,115,Web
W007182,U0031,M0029,2026-09-13 12:24:00,52,Tablet
W007183,U0069,M0069,2026-08-15 03:26:00,83,TV
W007184,U0195,M0090,2026-08-10 04:10:00,117,Web
W007185,U0132,M0041,2026-09-12 07:42:00,138,Web
W007186,U0119,M0050,2026-08-09 09:35:00,133,Web
W007187,U0169,M0086,2026-09-01 19:32:00,91,Web
W007188,U0159,M0002,2026-08-13 14:50:00,71,TV
W007189,U0132,M0045,2026-08-25 22:02:00,86,Tablet
W007190,U0142,M0066,2026-09-11 01:50:00,122,Tablet
W007191,U0066,M0061,2026-09-06 07:09:00,124,Web
W007192,U0192,M0077,2026-09-25 07:17:00,119,Web
W007193,U0069,M0077,2026-08-20 03:17:00,103,Web
W007194,U0191,M0046,2026-07-03 04:19:00,94,TV
W007195,U0048,M0047,2026-08-11 23:26:00,118,Mobile
W007196,U0183,M0004,2026-07-15 01:32:00,76,Tablet
W007197,U0159,M0012,2026-07-12 07:18:00,71,Mobile
W007198,U0034,M0010,2026-08-04 16:31:00,125,TV
W007199,U0057,M0083,2026-09-26 07:49:00,72,TV
W007200,U0092,M0004,2026-08-02 02:19:00,66,Web
W007201,U0001,M0066,2026-07-03 16:07:00,97,Mobile
W007202,U0091,M0081,2026-09-12 06:45:00,138,Mobile
W007203,U0047,M0001,2026-07-19 23:25:00,112,TV
W007204,U0161,M0011,2026-07-20 13:40:00,87,Mobile
W007205,U0143,M0003,2026-07-01 09:33:00,106,Mobile
W007206,U0171,M0007,2026-09-02 16:41:00,94,Mobile
W007207,U0195,M0008,2026-09-23 22:46:00,104,Mobile
W007208,U0078,M0090,2026-09-10 03:47:00,109,Mobile
W007209,U0146,M0057,2026-09-21 20:01:00,114,Web
W007210,U0077,M0083,2026-09-03 12:26:00,95,Tablet
W007211,U0056,M0007,2026-08-10 08:45:00,94,Tablet
W007212,U0053,M0017,2026-07-25 15:46:00,68,Web
W007213,U0164,M0008,2026-07-22 13:05:00,128,Mobile
W007214,U0138,M0016,2026-08-14 05:43:00,131,TV
W007215,U0174,M0037,2026-09-08 14:29:00,82,Web
W007216,U0034,M0010,2026-09-18 00:20:00,134,Mobile
W007217,U0130,M0004,2026-07-17 19:24:00,100,Tablet
W007218,U0176,M0007,2026-09-09 10:50:00,81,Mobile
W007219,U0087,M0009,2026-08-23 20:41:00,86,Mobile
W007220,U0148,M0004,2026-09-05 06:11:00,90,Web
W007221,U0078,M0070,2026-09-06 12:21:00,67,Web
W007222,U0004,M0086,2026-08-16 15:34:00,107,Web
W007223,U0150,M0088,2026-09-19 12:49:00,90,Mobile
W007224,U0131,M0010,2026-08-29 13:34:00,120,Web
W007225,U0074,M0001,2026-09-03 19:02:00,105,Web
W007226,U0007,M0003,2026-09-23 21:40:00,110,Tablet
W007227,U0153,M0008,2026-08-01 13:18:00,141,TV
W007228,U0095,M0011,2026-08-16 06:24:00,65,Mobile
W007229,U0016,M0009,2026-08-30 10:37:00,92,Web
W007230,U0077,M0004,2026-09-08 20:55:00,104,Tablet
W007231,U0161,M0011,2026-09-23 23:51:00,72,TV
W007232,U0095,M0086,2026-09-19 01:02:00,108,Mobile
W007233,U0033,M0052,2026-08-16 19:32:00,36,TV
W007234,U0124,M0009,2026-08-26 01:00:00,92,Mobile
W007235,U0005,M0004,2026-07-06 15:42:00,79,Web
W007236,U0154,M0081,2026-08-19 19:51:00,93,Web
W007237,U0146,M0001,2026-08-12 00:54:00,140,Mobile
W007238,U0112,M0011,2026-07-13 01:36:00,65,TV
W007239,U0174,M0003,2026-09-10 17:36:00,66,Mobile
W007240,U0040,M0009,2026-08-03 03:12:00,97,TV
W007241,U0088,M0029,2026-09-23 15:53:00,79,Tablet
W007242,U0068,M0088,2026-08-04 04:31:00,111,Web
W007243,U0032,M0015,2026-09-21 22:41:00,93,TV
W007244,U0174,M0004,2026-08-06 03:55:00,78,Web
W007245,U0051,M0072,2026-09-24 17:38:00,115,Mobile
W007246,U0178,M0044,2026-07-26 03:35:00,96,Mobile
W007247,U0128,M0098,2026-07-06 02:04:00,92,Web
W007248,U0143,M0059,2026-09-10 22:26:00,101,Web
W007249,U0091,M0011,2026-08-26 15:50:00,115,Web
W007250,U0112,M0036,2026-09-26 05:15:00,98,Mobile
W007251,U0109,M0050,2026-07-19 12:38:00,99,Tablet
W007252,U0180,M0005,2026-08-07 18:03:00,112,Mobile
W007253,U0144,M0006,2026-09-08 01:14:00,95,Mobile
W007254,U0008,M0006,2026-09-08 02:20:00,76,Mobile
W007255,U0076,M0043,2026-07-08 05:34:00,60,Web
W007256,U0175,M0005,2026-08-20 21:29:00,90,Web
W007257,U0197,M0017,2026-07-09 12:13:00,73,TV
W007258,U0058,M0005,2026-08-20 14:34:00,70,Tablet
W007259,U0012,M0065,2026-09-18 05:17:00,130,Mobile
W007260,U0135,M0008,2026-08-28 19:42:00,147,Mobile
W007261,U0023,M0035,2026-08-03 13:07:00,118,TV
W007262,U0153,M0011,2026-07-09 10:48:00,111,Mobile
W007263,U0095,M0045,2026-07-16 18:23:00,95,Mobile
W007264,U0009,M0033,2026-09-01 10:31:00,79,TV
W007265,U0182,M0052,2026-09-24 14:24:00,57,Mobile
W007266,U0048,M0015,2026-08-30 14:13:00,86,TV
W007267,U0140,M0010,2026-08-17 05:14:00,148,Mobile
W007268,U0144,M0044,2026-08-18 01:53:00,102,Web
W007269,U0073,M0011,2026-08-17 07:22:00,114,Tablet
W007270,U0111,M0011,2026-07-23 14:46:00,107,Web
W007271,U0035,M0040,2026-08-19 11:40:00,140,Mobile
W007272,U0048,M0091,2026-07-17 23:04:00,149,Tablet
W007273,U0112,M0090,2026-08-13 18:10:00,107,Tablet
W007274,U0079,M0076,2026-09-16 04:58:00,148,Mobile
W007275,U0066,M0001,2026-08-29 00:06:00,80,TV
W007276,U0195,M0005,2026-08-24 13:07:00,76,Tablet
W007277,U0105,M0058,2026-08-10 06:18:00,47,Mobile
W007278,U0175,M0006,2026-08-10 09:07:00,59,Web
W007279,U0070,M0027,2026-07-29 07:36:00,58,Mobile
W007280,U0079,M0067,2026-08-04 22:54:00,117,TV
W007281,U0146,M0007,2026-07-23 16:39:00,107,Tablet
W007282,U0104,M0100,2026-08-29 11:47:00,140,TV
W007283,U0051,M0083,2026-07-01 22:21:00,126,Mobile
W007284,U0143,M0004,2026-07-25 10:02:00,79,Tablet
W007285,U0100,M0002,2026-08-30 18:33:00,126,Mobile
W007286,U0170,M0029,2026-09-15 10:31:00,68,TV
W007287,U0148,M0010,2026-07-23 02:49:00,122,TV
W007288,U0069,M0001,2026-08-20 23:44:00,86,Tablet
W007289,U0036,M0031,2026-09-21 05:19:00,137,TV
W007290,U0125,M0074,2026-07-05 20:17:00,115,Tablet
W007291,U0173,M0071,2026-07-19 13:06:00,117,Web
W007292,U0181,M0008,2026-08-15 03:01:00,134,TV
W007293,U0014,M0071,2026-09-10 15:42:00,126,Web
W007294,U0173,M0011,2026-08-30 07:27:00,110,Tablet
W007295,U0167,M0007,2026-09-14 03:42:00,100,Mobile
W007296,U0014,M0004,2026-07-31 16:53:00,68,Mobile
W007297,U0189,M0008,2026-09-22 10:15:00,112,Tablet
W007298,U0067,M0066,2026-09-24 14:51:00,139,Web
W007299,U0055,M0005,2026-09-22 07:54:00,90,Web
W007300,U0106,M0056,2026-07-24 05:50:00,146,Tablet
W007301,U0091,M0039,2026-09-19 08:31:00,123,Mobile
W007302,U0016,M0090,2026-07-14 17:42:00,126,Mobile
W007303,U0176,M0001,2026-08-10 07:54:00,109,Web
W007304,U0036,M0099,2026-07-23 17:10:00,116,Web
W007305,U0022,M0096,2026-08-22 00:47:00,154,Mobile
W007306,U0088,M0002,2026-08-04 01:09:00,101,Mobile
W007307,U0061,M0050,2026-07-29 19:37:00,149,Mobile
W007308,U0140,M0069,2026-08-26 23:19:00,49,Web
W007309,U0049,M0031,2026-09-14 19:37:00,127,Tablet
W007310,U0109,M0003,2026-09-03 15:29:00,118,TV
W007311,U0048,M0007,2026-08-31 03:10:00,69,Web
W007312,U0033,M0047,2026-07-19 14:38:00,115,Mobile
W007313,U0001,M0010,2026-07-04 16:35:00,161,Mobile
W007314,U0189,M0008,2026-07-04 22:24:00,122,Mobile
W007315,U0094,M0018,2026-07-12 13:14:00,49,Web
W007316,U0118,M0092,2026-08-22 19:51:00,89,Tablet
W007317,U0093,M0085,2026-07-31 09:05:00,149,TV
W007318,U0090,M0007,2026-07-09 17:01:00,76,Mobile
W007319,U0075,M0051,2026-07-29 19:28:00,149,TV
W007320,U0012,M0100,2026-09-24 18:12:00,119,Mobile
W007321,U0161,M0004,2026-08-13 14:41:00,85,Web
W007322,U0032,M0049,2026-07-04 15:42:00,55,Tablet
W007323,U0020,M0048,2026-08-24 04:32:00,91,TV
W007324,U0028,M0010,2026-08-20 00:58:00,97,Tablet
W007325,U0074,M0002,2026-09-12 03:26:00,134,Mobile
W007326,U0073,M0009,2026-07-22 18:33:00,67,TV
W007327,U0012,M0086,2026-07-23 09:01:00,115,Web
W007328,U0064,M0043,2026-07-17 08:22:00,82,Tablet
W007329,U0109,M0003,2026-08-01 23:37:00,93,TV
W007330,U0052,M0010,2026-07-08 20:50:00,138,Tablet
W007331,U0092,M0009,2026-08-16 10:31:00,104,Web
W007332,U0117,M0002,2026-07-31 04:44:00,108,Web
W007333,U0039,M0008,2026-08-11 14:07:00,171,TV
W007334,U0104,M0011,2026-09-07 00:41:00,75,Mobile
W007335,U0037,M0001,2026-09-04 21:39:00,108,Web
W007336,U0192,M0004,2026-08-20 01:11:00,90,Tablet
W007337,U0011,M0006,2026-08-22 16:56:00,94,Mobile
W007338,U0198,M0081,2026-09-27 10:12:00,129,TV
W007339,U0022,M0088,2026-09-16 07:31:00,67,TV
W007340,U0047,M0059,2026-08-03 05:18:00,101,TV
W007341,U0148,M0053,2026-09-08 04:46:00,83,Web
W007342,U0070,M0085,2026-09-05 19:36:00,125,Web
W007343,U0021,M0002,2026-07-31 02:44:00,98,Tablet
W007344,U0149,M0092,2026-07-18 03:26:00,103,TV
W007345,U0028,M0057,2026-07-03 22:03:00,95,Web
W007346,U0106,M0012,2026-08-27 04:03:00,80,Web
W007347,U0190,M0036,2026-08-22 04:54:00,135,Web
W007348,U0018,M0079,2026-07-30 09:35:00,101,Web
W007349,U0140,M0037,2026-09-09 21:52:00,89,TV
W007350,U0049,M0081,2026-08-05 14:55:00,133,Web
W007351,U0186,M0062,2026-07-21 09:55:00,120,TV
W007352,U0002,M0097,2026-08-13 20:55:00,81,Web
W007353,U0180,M0095,2026-07-18 14:43:00,89,Mobile
W007354,U0148,M0080,2026-07-11 21:05:00,102,Tablet
W007355,U0198,M0070,2026-07-22 05:37:00,66,TV
W007356,U0025,M0012,2026-07-01 23:25:00,77,Web
W007357,U0113,M0041,2026-07-11 03:10:00,131,TV
W007358,U0142,M0055,2026-09-17 12:23:00,101,TV
W007359,U0161,M0009,2026-07-09 10:08:00,48,Web
W007360,U0098,M0028,2026-08-11 07:48:00,113,Tablet
W007361,U0155,M0008,2026-08-04 03:08:00,160,Tablet
W007362,U0190,M0057,2026-09-27 02:20:00,94,TV
W007363,U0008,M0095,2026-09-28 07:05:00,140,Web
W007364,U0151,M0025,2026-09-09 11:48:00,86,Tablet
W007365,U0156,M0037,2026-07-23 12:20:00,90,TV
W007366,U0097,M0083,2026-08-28 13:55:00,96,Tablet
W007367,U0008,M0072,2026-09-04 18:43:00,113,Web
W007368,U0091,M0017,2026-09-28 02:54:00,106,Web
W007369,U0147,M0039,2026-09-23 18:39:00,134,Tablet
W007370,U0098,M0012,2026-07-01 14:39:00,54,Web
W007371,U0101,M0028,2026-09-18 03:07:00,124,Web
W007372,U0109,M0016,2026-08-29 09:31:00,134,TV
W007373,U0116,M0035,2026-08-22 21:08:00,134,Mobile
W007374,U0195,M0001,2026-09-28 00:53:00,100,Tablet
W007375,U0190,M0060,2026-07-12 00:56:00,101,Mobile
W007376,U0190,M0068,2026-07-03 09:38:00,114,TV
W007377,U0112,M0013,2026-08-23 11:42:00,77,Mobile
W007378,U0143,M0068,2026-08-29 11:59:00,103,Tablet
W007379,U0013,M0098,2026-09-18 09:41:00,120,Tablet
W007380,U0171,M0022,2026-08-18 00:04:00,128,Mobile
W007381,U0089,M0012,2026-08-12 07:40:00,87,Mobile
W007382,U0022,M0083,2026-08-31 01:52:00,71,Tablet
W007383,U0035,M0002,2026-08-16 02:30:00,134,Mobile
W007384,U0145,M0012,2026-08-08 20:21:00,92,Tablet
W007385,U0079,M0010,2026-07-03 13:32:00,154,Web
W007386,U0153,M0009,2026-08-05 12:43:00,76,Mobile
W007387,U0152,M0026,2026-07-14 14:08:00,112,Mobile
W007388,U0053,M0005,2026-08-06 12:35:00,95,TV
W007389,U0187,M0004,2026-09-11 13:14:00,84,TV
W007390,U0091,M0086,2026-07-05 10:24:00,129,Tablet
W007391,U0092,M0017,2026-08-08 15:09:00,75,Tablet
W007392,U0164,M0011,2026-07-18 05:10:00,92,Web
W007393,U0139,M0002,2026-08-20 03:40:00,110,Tablet
W007394,U0068,M0011,2026-09-24 21:55:00,96,Web
W007395,U0128,M0006,2026-08-25 06:28:00,76,Web
W007396,U0168,M0093,2026-07-20 16:12:00,104,TV
W007397,U0096,M0002,2026-08-25 00:21:00,86,Mobile
W007398,U0046,M0008,2026-07-14 03:52:00,126,Mobile
W007399,U0021,M0038,2026-07-06 14:31:00,80,Tablet
W007400,U0164,M0004,2026-07-14 12:50:00,53,Tablet
W007401,U0126,M0079,2026-08-22 13:11:00,112,TV
W007402,U0054,M0001,2026-07-22 18:02:00,119,Mobile
W007403,U0055,M0032,2026-07-23 07:54:00,72,TV
W007404,U0011,M0100,2026-08-28 09:08:00,111,Tablet
W007405,U0136,M0008,2026-08-16 22:20:00,145,Tablet
W007406,U0096,M0059,2026-07-22 10:17:00,51,Web
W007407,U0085,M0027,2026-08-08 13:12:00,71,Web
W007408,U0199,M0008,2026-07-24 01:57:00,130,Tablet
W007409,U0130,M0004,2026-07-11 08:27:00,93,TV
W007410,U0075,M0005,2026-07-12 02:59:00,97,Tablet
W007411,U0060,M0025,2026-09-11 21:01:00,96,Mobile
W007412,U0113,M0011,2026-08-16 11:36:00,106,Tablet
W007413,U0086,M0040,2026-09-11 04:48:00,138,Tablet
W007414,U0096,M0039,2026-07-29 18:53:00,149,Web
W007415,U0124,M0010,2026-09-04 23:17:00,101,Mobile
W007416,U0118,M0094,2026-07-19 13:17:00,127,Mobile
W007417,U0033,M0095,2026-07-20 06:25:00,119,Web
W007418,U0064,M0009,2026-09-23 04:40:00,96,Mobile
W007419,U0018,M0010,2026-08-15 01:14:00,114,TV
W007420,U0118,M0021,2026-07-05 13:35:00,93,Web
W007421,U0132,M0045,2026-09-05 17:25:00,82,Web
W007422,U0116,M0004,2026-08-08 00:29:00,71,TV
W007423,U0157,M0072,2026-07-18 22:31:00,121,Tablet
W007424,U0118,M0024,2026-09-12 10:00:00,113,Web
W007425,U0084,M0066,2026-08-06 09:14:00,108,Web
W007426,U0069,M0053,2026-07-06 12:02:00,81,Mobile
W007427,U0005,M0089,2026-07-14 06:44:00,158,Tablet
W007428,U0067,M0034,2026-08-01 17:58:00,98,Web
W007429,U0150,M0017,2026-07-11 10:38:00,90,Mobile
W007430,U0130,M0005,2026-08-25 15:23:00,86,Mobile
W007431,U0055,M0020,2026-09-08 10:03:00,140,TV
W007432,U0095,M0010,2026-09-27 09:28:00,115,Web
W007433,U0054,M0093,2026-09-11 12:08:00,55,Mobile
W007434,U0023,M0002,2026-09-04 05:31:00,104,Tablet
W007435,U0010,M0032,2026-07-28 06:24:00,52,Mobile
W007436,U0106,M0087,2026-09-15 14:25:00,98,TV
W007437,U0099,M0036,2026-07-28 11:29:00,114,Web
W007438,U0073,M0006,2026-07-15 19:21:00,59,Mobile
W007439,U0046,M0004,2026-09-14 14:19:00,92,Tablet
W007440,U0160,M0022,2026-07-14 02:45:00,147,TV
W007441,U0146,M0081,2026-07-01 08:39:00,93,Tablet
W007442,U0064,M0087,2026-07-21 20:25:00,95,Web
W007443,U0099,M0001,2026-09-22 02:37:00,140,Web
W007444,U0067,M0005,2026-09-01 08:47:00,104,Mobile
W007445,U0185,M0098,2026-08-07 23:12:00,147,Mobile
W007446,U0014,M0002,2026-08-22 14:51:00,114,Web
W007447,U0028,M0005,2026-07-18 06:48:00,83,Mobile
W007448,U0190,M0026,2026-07-01 00:59:00,93,TV
W007449,U0043,M0090,2026-08-27 15:02:00,125,Mobile
W007450,U0099,M0079,2026-09-21 09:58:00,106,Web
W007451,U0112,M0070,2026-08-30 11:31:00,95,Web
W007452,U0070,M0003,2026-07-18 10:52:00,78,TV
W007453,U0173,M0041,2026-08-09 13:43:00,102,Mobile
W007454,U0036,M0010,2026-09-28 05:59:00,154,Mobile
W007455,U0085,M0008,2026-09-02 09:50:00,137,Mobile
W007456,U0113,M0089,2026-08-30 17:02:00,123,Web
W007457,U0187,M0011,2026-08-19 22:52:00,92,Web
W007458,U0046,M0096,2026-08-23 22:39:00,143,TV
W007459,U0044,M0036,2026-09-13 03:10:00,99,Mobile
W007460,U0167,M0085,2026-07-15 13:35:00,133,Web
W007461,U0129,M0044,2026-07-27 09:56:00,81,Mobile
W007462,U0056,M0009,2026-09-02 02:41:00,82,Tablet
W007463,U0148,M0033,2026-08-22 20:05:00,95,Tablet
W007464,U0083,M0019,2026-07-01 12:29:00,156,Mobile
W007465,U0042,M0032,2026-07-10 20:05:00,34,TV
W007466,U0014,M0011,2026-08-28 20:31:00,101,Web
W007467,U0180,M0098,2026-08-09 16:06:00,101,Tablet
W007468,U0104,M0003,2026-08-26 19:40:00,83,Web
W007469,U0140,M0013,2026-09-01 21:34:00,71,Mobile
W007470,U0064,M0009,2026-08-11 14:28:00,75,Web
W007471,U0156,M0038,2026-09-22 02:47:00,53,Mobile
W007472,U0081,M0033,2026-09-11 10:39:00,95,TV
W007473,U0185,M0050,2026-08-20 22:47:00,111,Mobile
W007474,U0049,M0041,2026-08-17 02:14:00,93,Web
W007475,U0036,M0047,2026-07-10 07:34:00,109,TV
W007476,U0061,M0084,2026-07-17 15:50:00,116,Web
W007477,U0184,M0054,2026-09-05 04:44:00,130,Web
W007478,U0102,M0025,2026-09-24 19:17:00,103,Tablet
W007479,U0123,M0048,2026-08-27 07:40:00,92,Mobile
W007480,U0036,M0096,2026-07-23 11:21:00,169,Web
W007481,U0041,M0064,2026-08-18 20:52:00,60,Tablet
W007482,U0122,M0002,2026-07-03 16:44:00,119,Web
W007483,U0198,M0004,2026-08-26 08:23:00,99,Tablet
W007484,U0164,M0011,2026-09-03 11:22:00,83,Tablet
W007485,U0121,M0095,2026-07-05 17:10:00,152,Tablet
W007486,U0125,M0004,2026-07-07 19:55:00,83,Mobile
W007487,U0115,M0002,2026-07-17 05:53:00,113,Mobile
W007488,U0006,M0064,2026-09-14 18:45:00,55,TV
W007489,U0179,M0042,2026-09-19 07:47:00,97,Mobile
W007490,U0177,M0004,2026-09-26 23:24:00,54,TV
W007491,U0073,M0005,2026-09-12 05:04:00,103,TV
W007492,U0111,M0006,2026-07-27 08:04:00,71,Mobile
W007493,U0112,M0047,2026-08-24 00:34:00,158,Tablet
W007494,U0193,M0060,2026-08-22 21:03:00,156,Web
W007495,U0180,M0035,2026-07-20 23:34:00,131,TV
W007496,U0131,M0038,2026-09-21 15:11:00,89,Tablet
W007497,U0166,M0039,2026-09-27 07:32:00,118,Tablet
W007498,U0141,M0006,2026-08-16 23:09:00,64,Mobile
W007499,U0123,M0072,2026-07-25 22:59:00,134,Web
W007500,U0117,M0054,2026-07-08 04:44:00,134,Web
W007501,U0149,M0061,2026-07-07 10:36:00,118,TV
W007502,U0173,M0047,2026-08-29 05:41:00,104,TV
W007503,U0082,M0063,2026-07-29 10:34:00,124,Web
W007504,U0002,M0004,2026-09-28 12:16:00,61,Mobile
W007505,U0127,M0002,2026-08-04 03:06:00,127,Web
W007506,U0145,M0085,2026-08-29 22:46:00,138,Tablet
W007507,U0051,M0006,2026-08-11 12:17:00,60,Tablet
W007508,U0033,M0005,2026-07-22 15:13:00,100,Mobile
W007509,U0084,M0007,2026-07-07 15:22:00,67,Web
W007510,U0190,M0007,2026-07-26 07:05:00,72,TV
W007511,U0042,M0006,2026-08-23 00:55:00,69,TV
W007512,U0182,M0045,2026-09-06 14:00:00,85,Web
W007513,U0157,M0087,2026-08-01 22:48:00,87,TV
W007514,U0169,M0010,2026-07-10 23:43:00,158,Mobile
W007515,U0007,M0010,2026-08-15 07:38:00,132,TV
W007516,U0110,M0058,2026-08-06 13:58:00,77,Web
W007517,U0188,M0041,2026-09-24 19:32:00,142,Web
W007518,U0017,M0008,2026-07-22 14:30:00,113,Tablet
W007519,U0037,M0013,2026-07-22 14:17:00,89,Tablet
W007520,U0129,M0002,2026-09-18 00:59:00,123,Mobile
W007521,U0182,M0042,2026-09-19 10:04:00,113,TV
W007522,U0163,M0043,2026-07-13 17:40:00,70,Mobile
W007523,U0113,M0049,2026-09-19 17:20:00,90,TV
W007524,U0091,M0098,2026-08-31 10:00:00,95,Tablet
W007525,U0190,M0099,2026-09-18 20:32:00,111,Mobile
W007526,U0042,M0006,2026-09-07 04:39:00,95,Web
W007527,U0149,M0009,2026-07-23 05:23:00,82,TV
W007528,U0019,M0072,2026-07-28 20:03:00,98,TV
W007529,U0062,M0048,2026-09-20 16:58:00,113,Tablet
W007530,U0042,M0064,2026-07-05 21:36:00,91,Tablet
W007531,U0188,M0007,2026-09-10 03:08:00,120,Mobile
W007532,U0007,M0056,2026-09-13 02:17:00,119,Mobile
W007533,U0131,M0078,2026-07-23 03:50:00,66,Web
W007534,U0184,M0094,2026-08-31 16:02:00,109,Mobile
W007535,U0012,M0007,2026-07-07 03:56:00,78,Web
W007536,U0007,M0041,2026-08-10 18:06:00,124,Mobile
W007537,U0035,M0075,2026-09-27 12:29:00,72,Tablet
W007538,U0137,M0004,2026-08-28 09:26:00,97,TV
W007539,U0048,M0071,2026-07-26 15:03:00,116,Mobile
W007540,U0054,M0001,2026-09-26 14:55:00,99,Mobile
W007541,U0072,M0032,2026-08-28 15:20:00,62,TV
W007542,U0186,M0040,2026-07-28 22:11:00,157,Web
W007543,U0034,M0045,2026-07-04 22:46:00,72,Mobile
W007544,U0006,M0091,2026-09-15 18:33:00,131,Tablet
W007545,U0001,M0080,2026-07-02 02:11:00,89,Mobile
W007546,U0061,M0008,2026-08-03 08:23:00,130,Web
W007547,U0191,M0009,2026-08-21 23:51:00,79,Tablet
W007548,U0195,M0011,2026-09-01 07:36:00,94,TV
W007549,U0174,M0059,2026-08-24 07:43:00,97,Tablet
W007550,U0034,M0061,2026-08-14 12:30:00,101,Tablet
W007551,U0200,M0032,2026-09-03 16:42:00,39,Tablet
W007552,U0184,M0001,2026-08-14 16:50:00,104,Tablet
W007553,U0122,M0005,2026-09-22 13:01:00,82,Tablet
W007554,U0119,M0030,2026-07-12 17:21:00,81,TV
W007555,U0156,M0062,2026-08-18 12:25:00,121,Tablet
W007556,U0165,M0023,2026-07-04 19:08:00,106,Web
W007557,U0130,M0012,2026-07-21 11:08:00,88,Web
W007558,U0082,M0010,2026-09-06 06:56:00,139,Tablet
W007559,U0131,M0062,2026-08-28 17:27:00,106,TV
W007560,U0072,M0050,2026-08-19 00:28:00,112,Mobile
W007561,U0128,M0006,2026-09-09 21:26:00,63,TV
W007562,U0161,M0054,2026-08-01 15:51:00,129,Tablet
W007563,U0082,M0005,2026-08-26 10:00:00,95,Web
W007564,U0062,M0005,2026-09-04 13:30:00,109,TV
W007565,U0009,M0009,2026-09-20 23:13:00,78,TV
W007566,U0197,M0056,2026-08-23 02:44:00,141,TV
W007567,U0115,M0045,2026-08-31 08:58:00,65,Tablet
W007568,U0059,M0096,2026-09-16 03:15:00,132,Tablet
W007569,U0117,M0034,2026-07-13 18:25:00,151,Mobile
W007570,U0197,M0005,2026-07-18 22:49:00,83,Tablet
W007571,U0144,M0078,2026-07-17 22:07:00,91,Web
W007572,U0175,M0002,2026-09-04 10:39:00,117,Web
W007573,U0194,M0053,2026-08-31 07:52:00,81,Mobile
W007574,U0116,M0011,2026-08-11 12:13:00,102,Tablet
W007575,U0179,M0009,2026-09-18 14:26:00,33,TV
W007576,U0165,M0010,2026-09-27 17:49:00,127,Mobile
W007577,U0196,M0027,2026-09-06 09:08:00,94,Mobile
W007578,U0071,M0095,2026-09-08 23:58:00,132,Web
W007579,U0127,M0088,2026-09-28 20:29:00,102,Tablet
W007580,U0028,M0008,2026-08-03 09:51:00,144,Tablet
W007581,U0138,M0057,2026-09-20 05:42:00,96,Mobile
W007582,U0178,M0100,2026-08-20 05:45:00,129,Tablet
W007583,U0105,M0011,2026-07-08 10:44:00,75,Web
W007584,U0039,M0002,2026-07-12 11:25:00,102,Web
W007585,U0077,M0006,2026-07-06 09:31:00,66,Tablet
W007586,U0121,M0055,2026-07-11 11:10:00,94,Mobile
W007587,U0031,M0006,2026-08-12 10:25:00,76,TV
W007588,U0084,M0001,2026-09-09 16:25:00,96,Mobile
W007589,U0178,M0087,2026-08-30 00:56:00,85,Mobile
W007590,U0119,M0066,2026-07-13 06:02:00,152,Web
W007591,U0097,M0004,2026-09-09 07:56:00,34,Tablet
W007592,U0169,M0072,2026-08-24 16:17:00,108,Mobile
W007593,U0194,M0050,2026-08-28 04:06:00,134,TV
W007594,U0132,M0029,2026-09-12 01:44:00,55,Tablet
W007595,U0114,M0014,2026-07-24 18:25:00,78,Web
W007596,U0120,M0093,2026-07-26 17:09:00,94,Mobile
W007597,U0027,M0034,2026-07-06 09:17:00,138,Web
W007598,U0063,M0005,2026-07-23 12:35:00,97,Mobile
W007599,U0068,M0011,2026-09-01 17:53:00,77,Mobile
W007600,U0043,M0006,2026-08-03 10:10:00,86,Mobile
W007601,U0122,M0045,2026-07-02 23:07:00,78,Tablet
W007602,U0070,M0042,2026-09-05 08:10:00,101,TV
W007603,U0091,M0012,2026-09-12 08:52:00,65,Web
W007604,U0054,M0006,2026-07-13 13:37:00,60,Web
W007605,U0024,M0020,2026-07-19 16:55:00,149,Web
W007606,U0028,M0085,2026-07-11 08:02:00,161,Mobile
W007607,U0164,M0011,2026-07-03 12:39:00,74,TV
W007608,U0189,M0010,2026-08-29 03:06:00,150,TV
W007609,U0014,M0027,2026-08-02 19:28:00,81,Web
W007610,U0068,M0024,2026-08-28 20:48:00,97,Tablet
W007611,U0113,M0061,2026-09-07 02:36:00,106,Web
W007612,U0172,M0005,2026-07-29 18:13:00,54,Tablet
W007613,U0031,M0004,2026-09-14 18:39:00,49,Web
W007614,U0172,M0095,2026-07-25 14:07:00,149,TV
W007615,U0106,M0064,2026-08-18 14:24:00,83,Web
W007616,U0054,M0012,2026-09-08 11:12:00,92,Web
W007617,U0138,M0014,2026-08-06 13:02:00,70,Web
W007618,U0016,M0053,2026-07-25 13:11:00,82,Web
W007619,U0009,M0029,2026-09-11 17:35:00,73,Web
W007620,U0152,M0058,2026-09-14 03:16:00,80,Web
W007621,U0131,M0038,2026-09-02 03:19:00,100,Web
W007622,U0166,M0028,2026-08-16 05:42:00,127,Mobile
W007623,U0087,M0011,2026-09-23 07:00:00,95,Tablet
W007624,U0184,M0078,2026-08-23 07:56:00,56,Tablet
W007625,U0055,M0001,2026-07-24 14:20:00,117,TV
W007626,U0092,M0028,2026-07-26 12:45:00,69,Tablet
W007627,U0127,M0007,2026-08-13 21:52:00,92,Web
W007628,U0145,M0004,2026-07-25 01:54:00,114,TV
W007629,U0009,M0092,2026-08-08 21:05:00,101,Tablet
W007630,U0003,M0009,2026-08-21 17:28:00,86,TV
W007631,U0100,M0088,2026-08-19 17:29:00,52,Tablet
W007632,U0094,M0003,2026-09-12 00:42:00,115,TV
W007633,U0128,M0012,2026-08-24 00:56:00,76,Web
W007634,U0167,M0089,2026-08-29 10:59:00,175,Tablet
W007635,U0006,M0029,2026-07-13 17:12:00,89,Web
W007636,U0007,M0003,2026-07-15 07:19:00,123,Web
W007637,U0065,M0010,2026-09-05 13:11:00,141,Mobile
W007638,U0194,M0003,2026-07-06 12:02:00,115,TV
W007639,U0037,M0070,2026-08-12 15:57:00,107,Tablet
W007640,U0035,M0001,2026-08-30 20:12:00,113,Mobile
W007641,U0181,M0001,2026-07-28 00:02:00,117,Mobile
W007642,U0056,M0003,2026-08-03 20:03:00,123,Mobile
W007643,U0167,M0059,2026-09-07 05:21:00,67,Web
W007644,U0064,M0012,2026-09-24 01:16:00,46,Web
W007645,U0069,M0020,2026-08-11 20:43:00,109,TV
W007646,U0110,M0085,2026-09-10 13:49:00,132,Tablet
W007647,U0152,M0076,2026-08-21 20:59:00,108,Web
W007648,U0155,M0010,2026-09-03 17:45:00,142,Web
W007649,U0117,M0011,2026-09-18 17:18:00,104,TV
W007650,U0186,M0028,2026-08-14 21:00:00,115,Web
W007651,U0175,M0009,2026-08-09 23:59:00,78,TV
W007652,U0038,M0084,2026-09-21 02:57:00,68,Mobile
W007653,U0042,M0050,2026-08-24 14:04:00,150,TV
W007654,U0122,M0003,2026-07-10 07:36:00,93,Tablet
W007655,U0105,M0074,2026-09-03 16:05:00,135,Mobile
W007656,U0072,M0011,2026-07-31 14:46:00,94,Web
W007657,U0026,M0019,2026-07-15 20:53:00,119,Mobile
W007658,U0032,M0065,2026-08-01 21:03:00,101,Mobile
W007659,U0035,M0008,2026-08-18 09:56:00,134,Tablet
W007660,U0199,M0090,2026-08-31 19:40:00,102,Web
W007661,U0151,M0006,2026-07-16 10:43:00,85,TV
W007662,U0114,M0008,2026-08-14 15:13:00,96,Tablet
W007663,U0070,M0034,2026-07-19 18:37:00,111,Web
W007664,U0056,M0053,2026-09-13 15:08:00,77,Tablet
W007665,U0050,M0009,2026-09-04 02:55:00,38,Tablet
W007666,U0198,M0031,2026-07-08 06:21:00,135,Web
W007667,U0031,M0077,2026-07-02 02:02:00,126,Tablet
W007668,U0194,M0025,2026-07-07 03:55:00,81,Web
W007669,U0050,M0069,2026-09-25 19:31:00,83,Tablet
W007670,U0088,M0051,2026-09-18 14:33:00,131,Tablet
W007671,U0018,M0001,2026-09-21 03:46:00,100,Mobile
W007672,U0092,M0028,2026-07-01 09:23:00,112,TV
W007673,U0017,M0001,2026-07-21 04:55:00,140,Web
W007674,U0014,M0007,2026-08-26 16:18:00,99,TV
W007675,U0060,M0008,2026-08-10 21:29:00,159,Mobile
W007676,U0034,M0012,2026-07-18 13:06:00,40,Web
W007677,U0022,M0100,2026-08-17 01:49:00,111,TV
W007678,U0176,M0001,2026-08-30 23:17:00,140,Web
W007679,U0156,M0014,2026-08-17 19:56:00,111,Mobile
W007680,U0001,M0056,2026-08-12 23:15:00,144,TV
W007681,U0045,M0012,2026-08-21 01:01:00,60,TV
W007682,U0193,M0003,2026-08-17 13:18:00,80,Web
W007683,U0089,M0028,2026-07-23 07:53:00,80,Web
W007684,U0146,M0011,2026-09-09 07:23:00,75,Mobile
W007685,U0034,M0061,2026-07-20 02:06:00,120,Tablet
W007686,U0090,M0049,2026-08-11 21:25:00,92,Web
W007687,U0115,M0029,2026-07-18 23:53:00,70,Mobile
W007688,U0112,M0013,2026-09-19 15:28:00,93,Web
W007689,U0018,M0007,2026-07-31 14:29:00,120,Web
W007690,U0032,M0049,2026-09-23 21:38:00,88,Mobile
W007691,U0013,M0003,2026-08-16 17:10:00,84,Web
W007692,U0133,M0005,2026-07-30 12:58:00,73,Web
W007693,U0175,M0009,2026-09-25 10:11:00,104,Mobile
W007694,U0078,M0007,2026-07-04 22:08:00,92,Web
W007695,U0159,M0012,2026-07-17 00:25:00,86,Web
W007696,U0174,M0006,2026-07-12 15:28:00,63,Tablet
W007697,U0046,M0012,2026-09-25 23:10:00,59,Mobile
W007698,U0074,M0009,2026-07-04 13:59:00,100,Web
W007699,U0058,M0079,2026-09-08 16:06:00,75,Web
W007700,U0103,M0010,2026-07-10 15:39:00,101,Tablet
W007701,U0099,M0074,2026-08-30 07:01:00,114,TV
W007702,U0147,M0082,2026-07-10 16:54:00,92,Tablet
W007703,U0184,M0010,2026-08-10 21:08:00,135,Tablet
W007704,U0145,M0001,2026-08-18 12:08:00,113,Web
W007705,U0115,M0079,2026-08-26 11:42:00,123,Mobile
W007706,U0102,M0011,2026-08-11 15:55:00,103,TV
W007707,U0110,M0089,2026-09-25 10:28:00,155,TV
W007708,U0168,M0006,2026-08-18 23:13:00,84,Web
W007709,U0056,M0008,2026-08-13 00:38:00,175,Web
W007710,U0148,M0044,2026-09-18 23:47:00,94,Mobile
W007711,U0111,M0077,2026-08-02 10:30:00,114,TV
W007712,U0067,M0062,2026-09-28 19:11:00,86,Tablet
W007713,U0140,M0061,2026-07-25 14:42:00,92,Tablet
W007714,U0161,M0043,2026-08-05 09:44:00,83,Web
W007715,U0018,M0009,2026-08-03 23:25:00,62,Tablet
W007716,U0179,M0007,2026-09-07 21:22:00,108,Mobile
W007717,U0199,M0053,2026-08-30 19:46:00,113,Tablet
W007718,U0054,M0011,2026-09-09 15:53:00,84,Tablet
W007719,U0031,M0013,2026-08-03 03:37:00,75,TV
W007720,U0019,M0020,2026-09-16 14:36:00,138,TV
W007721,U0002,M0002,2026-08-20 07:06:00,108,Web
W007722,U0151,M0049,2026-08-03 10:37:00,65,TV
W007723,U0037,M0097,2026-07-17 12:46:00,73,Mobile
W007724,U0002,M0002,2026-09-18 16:28:00,119,Web
W007725,U0126,M0049,2026-08-07 01:40:00,81,TV
W007726,U0008,M0044,2026-09-21 02:10:00,75,Web
W007727,U0019,M0066,2026-09-13 19:16:00,111,TV
W007728,U0033,M0006,2026-08-09 11:23:00,61,Web
W007729,U0158,M0003,2026-09-17 19:14:00,93,Mobile
W007730,U0189,M0012,2026-09-11 22:23:00,52,Mobile
W007731,U0110,M0085,2026-07-03 06:22:00,95,Mobile
W007732,U0072,M0058,2026-07-23 12:43:00,69,Tablet
W007733,U0009,M0002,2026-09-10 08:31:00,100,Tablet
W007734,U0080,M0086,2026-07-18 22:17:00,131,Tablet
W007735,U0144,M0012,2026-07-08 12:06:00,58,Tablet
W007736,U0062,M0003,2026-08-09 17:54:00,75,TV
W007737,U0021,M0007,2026-09-20 04:40:00,72,Web
W007738,U0002,M0002,2026-07-24 04:58:00,107,Web
W007739,U0129,M0011,2026-08-09 01:20:00,97,Tablet
W007740,U0079,M0068,2026-07-25 22:40:00,129,TV
W007741,U0126,M0002,2026-09-19 07:35:00,105,Mobile
W007742,U0186,M0009,2026-08-15 13:30:00,87,Tablet
W007743,U0045,M0002,2026-07-19 20:43:00,97,TV
W007744,U0022,M0023,2026-07-13 09:52:00,82,TV
W007745,U0183,M0053,2026-08-22 10:49:00,111,TV
W007746,U0032,M0096,2026-08-21 06:18:00,113,Mobile
W007747,U0004,M0012,2026-09-02 14:16:00,77,TV
W007748,U0170,M0026,2026-07-27 08:21:00,76,Web
W007749,U0131,M0073,2026-09-23 00:18:00,141,Tablet
W007750,U0019,M0003,2026-09-14 13:16:00,79,Web
W007751,U0029,M0006,2026-08-29 03:44:00,68,Web
W007752,U0081,M0001,2026-08-19 21:14:00,92,TV
W007753,U0148,M0033,2026-09-20 04:28:00,95,Web
W007754,U0095,M0006,2026-08-29 10:17:00,90,Tablet
W007755,U0126,M0011,2026-09-07 10:24:00,106,Tablet
W007756,U0185,M0009,2026-08-05 00:45:00,42,Tablet
W007757,U0065,M0003,2026-09-27 12:49:00,79,TV
W007758,U0003,M0008,2026-08-31 02:17:00,150,Web
W007759,U0165,M0012,2026-08-23 08:23:00,56,Web
W007760,U0048,M0007,2026-08-14 16:37:00,99,Web
W007761,U0016,M0088,2026-08-22 04:13:00,78,TV
W007762,U0152,M0006,2026-07-14 01:40:00,58,Tablet
W007763,U0093,M0094,2026-09-06 09:25:00,122,Tablet
W007764,U0020,M0002,2026-09-02 00:26:00,115,Mobile
W007765,U0107,M0023,2026-08-24 03:36:00,118,TV
W007766,U0166,M0002,2026-09-10 11:07:00,86,Web
W007767,U0009,M0042,2026-08-04 13:54:00,91,Tablet
W007768,U0111,M0044,2026-08-23 04:06:00,70,Mobile
W007769,U0063,M0019,2026-09-11 19:50:00,141,Mobile
W007770,U0050,M0078,2026-08-19 12:21:00,60,TV
W007771,U0146,M0058,2026-07-23 00:15:00,85,Mobile
W007772,U0029,M0075,2026-08-30 20:32:00,55,Mobile
W007773,U0103,M0005,2026-07-23 21:36:00,71,Tablet
W007774,U0082,M0002,2026-07-13 03:28:00,104,Web
W007775,U0092,M0014,2026-08-21 20:07:00,85,Web
W007776,U0050,M0003,2026-08-25 09:32:00,107,Tablet
W007777,U0065,M0006,2026-08-11 09:34:00,68,Web
W007778,U0019,M0012,2026-09-26 04:00:00,50,TV
W007779,U0167,M0002,2026-09-03 20:44:00,128,Web
W007780,U0090,M0003,2026-09-25 22:45:00,85,Tablet
W007781,U0159,M0009,2026-09-27 14:22:00,99,TV
W007782,U0139,M0010,2026-09-03 16:18:00,117,Tablet
W007783,U0171,M0064,2026-07-07 05:11:00,67,TV
W007784,U0084,M0010,2026-09-21 06:43:00,140,Mobile
W007785,U0178,M0003,2026-08-24 14:43:00,79,Mobile
W007786,U0199,M0002,2026-07-12 17:36:00,88,Web
W007787,U0109,M0097,2026-08-27 16:36:00,55,TV
W007788,U0152,M0041,2026-08-05 19:15:00,129,Web
W007789,U0036,M0008,2026-08-17 19:20:00,158,Tablet
W007790,U0152,M0003,2026-07-18 09:46:00,71,Tablet
W007791,U0124,M0005,2026-07-09 05:36:00,87,Tablet
W007792,U0020,M0048,2026-08-31 20:46:00,89,Web
W007793,U0185,M0001,2026-09-15 03:45:00,131,Tablet
W007794,U0041,M0031,2026-09-22 07:04:00,119,TV
W007795,U0032,M0011,2026-08-27 23:25:00,94,Web
W007796,U0091,M0012,2026-07-16 14:41:00,74,Web
W007797,U0186,M0074,2026-08-07 23:06:00,105,Mobile
W007798,U0101,M0008,2026-08-08 16:28:00,126,Tablet
W007799,U0056,M0056,2026-08-24 18:16:00,132,Mobile
W007800,U0134,M0015,2026-07-27 05:02:00,118,TV
W007801,U0188,M0003,2026-08-04 21:14:00,106,Mobile
W007802,U0071,M0063,2026-07-22 09:24:00,141,Mobile
W007803,U0165,M0010,2026-07-29 13:40:00,122,Web
W007804,U0017,M0081,2026-09-20 08:54:00,161,TV
W007805,U0016,M0013,2026-09-19 11:26:00,88,Web
W007806,U0013,M0001,2026-07-26 11:42:00,124,Web
W007807,U0004,M0044,2026-09-06 03:05:00,102,Mobile
W007808,U0150,M0007,2026-07-03 05:23:00,61,TV
W007809,U0068,M0079,2026-07-01 08:32:00,86,Mobile
W007810,U0007,M0049,2026-08-12 14:29:00,109,Tablet
W007811,U0025,M0025,2026-07-22 10:41:00,68,TV
W007812,U0034,M0007,2026-08-13 05:01:00,68,TV
W007813,U0126,M0004,2026-08-02 06:37:00,78,Mobile
W007814,U0113,M0001,2026-08-10 09:31:00,125,Web
W007815,U0122,M0056,2026-07-31 17:23:00,116,Mobile
W007816,U0074,M0008,2026-09-24 08:14:00,157,Mobile
W007817,U0047,M0011,2026-08-06 23:32:00,74,TV
W007818,U0149,M0052,2026-09-11 16:38:00,76,TV
W007819,U0156,M0077,2026-07-17 07:32:00,119,TV
W007820,U0018,M0006,2026-07-06 08:36:00,75,Mobile
W007821,U0054,M0066,2026-09-14 14:16:00,137,Mobile
W007822,U0112,M0021,2026-08-13 00:18:00,52,Web
W007823,U0130,M0033,2026-09-20 03:48:00,69,TV
W007824,U0056,M0073,2026-09-14 16:06:00,157,TV
W007825,U0155,M0085,2026-07-21 02:53:00,129,Mobile
W007826,U0038,M0007,2026-08-01 13:14:00,96,TV
W007827,U0146,M0009,2026-07-29 16:15:00,41,Web
W007828,U0047,M0036,2026-09-10 21:16:00,116,Mobile
W007829,U0108,M0031,2026-09-28 11:26:00,133,Tablet
W007830,U0168,M0002,2026-08-24 10:26:00,134,Mobile
W007831,U0012,M0016,2026-09-04 06:37:00,130,Tablet
W007832,U0065,M0051,2026-08-05 16:59:00,145,Web
W007833,U0075,M0069,2026-07-20 03:19:00,78,Tablet
W007834,U0151,M0065,2026-07-24 00:25:00,79,TV
W007835,U0041,M0031,2026-08-27 11:37:00,142,TV
W007836,U0114,M0008,2026-09-04 08:03:00,145,TV
W007837,U0082,M0016,2026-08-12 00:51:00,97,Tablet
W007838,U0140,M0004,2026-08-30 20:41:00,87,Tablet
W007839,U0028,M0037,2026-08-24 18:10:00,102,Web
W007840,U0056,M0057,2026-07-02 07:09:00,83,Mobile
W007841,U0151,M0073,2026-09-20 21:00:00,155,TV
W007842,U0088,M0010,2026-08-28 17:52:00,142,Tablet
W007843,U0115,M0010,2026-07-26 19:43:00,117,Mobile
W007844,U0123,M0025,2026-08-20 07:28:00,93,Web
W007845,U0119,M0022,2026-07-22 23:11:00,111,TV
W007846,U0057,M0030,2026-09-03 18:48:00,99,Web
W007847,U0097,M0005,2026-08-29 00:41:00,94,Tablet
W007848,U0136,M0086,2026-09-24 09:41:00,78,Mobile
W007849,U0086,M0092,2026-09-07 03:15:00,92,Mobile
W007850,U0120,M0001,2026-08-15 01:31:00,115,TV
W007851,U0081,M0068,2026-09-13 10:07:00,139,Tablet
W007852,U0102,M0009,2026-08-02 16:11:00,79,Web
W007853,U0149,M0002,2026-07-30 18:47:00,105,TV
W007854,U0181,M0053,2026-08-10 18:01:00,85,Web
W007855,U0040,M0034,2026-08-21 19:48:00,138,Web
W007856,U0164,M0012,2026-07-09 00:50:00,47,Mobile
W007857,U0145,M0022,2026-07-17 17:58:00,128,Mobile
W007858,U0188,M0071,2026-07-31 19:29:00,136,Web
W007859,U0123,M0005,2026-09-15 09:12:00,83,TV
W007860,U0059,M0012,2026-08-06 02:09:00,52,Tablet
W007861,U0012,M0080,2026-07-07 09:06:00,86,Web
W007862,U0055,M0048,2026-07-17 19:53:00,117,Tablet
W007863,U0012,M0032,2026-07-21 02:04:00,72,TV
W007864,U0032,M0065,2026-08-26 10:15:00,95,TV
W007865,U0093,M0017,2026-07-29 08:15:00,110,TV
W007866,U0043,M0006,2026-07-03 23:57:00,57,Mobile
W007867,U0184,M0097,2026-08-21 16:18:00,75,Web
W007868,U0007,M0011,2026-09-12 07:07:00,95,Tablet
W007869,U0174,M0009,2026-07-19 00:50:00,48,Tablet
W007870,U0138,M0044,2026-08-30 00:06:00,55,Web
W007871,U0193,M0012,2026-08-06 16:05:00,47,Mobile
W007872,U0113,M0010,2026-07-15 04:24:00,142,Web
W007873,U0078,M0004,2026-08-09 05:24:00,106,Web
W007874,U0177,M0049,2026-08-09 06:28:00,82,Mobile
W007875,U0175,M0094,2026-07-20 03:32:00,102,Web
W007876,U0187,M0072,2026-08-18 04:26:00,116,Web
W007877,U0086,M0033,2026-07-31 10:03:00,78,Tablet
W007878,U0048,M0010,2026-08-04 14:49:00,117,TV
W007879,U0054,M0009,2026-07-30 19:12:00,49,Tablet
W007880,U0063,M0091,2026-09-04 08:08:00,138,Tablet
W007881,U0139,M0025,2026-08-13 02:32:00,103,Web
W007882,U0120,M0031,2026-07-18 12:23:00,111,TV
W007883,U0065,M0069,2026-09-18 15:59:00,78,Tablet
W007884,U0027,M0082,2026-08-02 04:05:00,64,Mobile
W007885,U0077,M0009,2026-07-08 21:54:00,32,Tablet
W007886,U0044,M0009,2026-09-13 01:40:00,66,Tablet
W007887,U0194,M0010,2026-09-24 19:14:00,174,Web
W007888,U0065,M0071,2026-09-19 23:07:00,132,Mobile
W007889,U0194,M0066,2026-08-31 21:52:00,149,Web
W007890,U0022,M0011,2026-08-26 13:52:00,77,Web
W007891,U0107,M0043,2026-07-21 21:27:00,70,TV
W007892,U0179,M0056,2026-09-18 01:58:00,113,Mobile
W007893,U0140,M0067,2026-08-19 13:22:00,123,TV
W007894,U0069,M0009,2026-08-08 07:18:00,84,Mobile
W007895,U0035,M0045,2026-08-14 23:04:00,100,TV
W007896,U0162,M0013,2026-07-09 06:55:00,86,TV
W007897,U0041,M0023,2026-07-07 23:43:00,103,Web
W007898,U0047,M0020,2026-07-01 12:53:00,130,TV
W007899,U0062,M0024,2026-08-03 02:45:00,110,TV
W007900,U0063,M0002,2026-08-27 23:53:00,110,TV
W007901,U0174,M0086,2026-07-27 11:53:00,110,TV
W007902,U0021,M0021,2026-08-14 03:34:00,48,Mobile
W007903,U0047,M0061,2026-07-12 02:56:00,67,Tablet
W007904,U0048,M0047,2026-09-14 21:20:00,118,Mobile
W007905,U0047,M0002,2026-08-25 00:19:00,134,TV
W007906,U0026,M0009,2026-08-14 05:35:00,85,Web
W007907,U0103,M0058,2026-07-01 17:02:00,60,Mobile
W007908,U0119,M0009,2026-09-18 01:57:00,54,Web
W007909,U0055,M0030,2026-09-24 11:18:00,72,TV
W007910,U0066,M0047,2026-09-10 09:01:00,145,Tablet
W007911,U0030,M0007,2026-09-22 02:47:00,106,Tablet
W007912,U0078,M0010,2026-08-26 07:48:00,142,Mobile
W007913,U0030,M0007,2026-09-27 20:54:00,66,Tablet
W007914,U0003,M0004,2026-08-13 22:19:00,61,TV
W007915,U0137,M0031,2026-09-21 11:26:00,132,Mobile
W007916,U0160,M0057,2026-08-29 18:46:00,91,Mobile
W007917,U0140,M0044,2026-07-26 18:17:00,63,Mobile
W007918,U0046,M0045,2026-07-16 06:24:00,61,Mobile
W007919,U0098,M0052,2026-07-03 06:37:00,52,TV
W007920,U0046,M0076,2026-09-02 12:34:00,137,Mobile
W007921,U0140,M0060,2026-07-13 15:17:00,109,TV
W007922,U0183,M0011,2026-08-04 23:41:00,62,TV
W007923,U0093,M0016,2026-08-29 16:03:00,157,Mobile
W007924,U0057,M0043,2026-07-09 23:40:00,50,Tablet
W007925,U0120,M0006,2026-09-05 00:58:00,68,TV
W007926,U0043,M0002,2026-08-14 23:23:00,125,Mobile
W007927,U0026,M0027,2026-08-06 11:45:00,65,Tablet
W007928,U0120,M0003,2026-09-06 01:41:00,100,TV
W007929,U0154,M0026,2026-07-17 08:09:00,80,Tablet
W007930,U0066,M0022,2026-08-09 08:23:00,134,Tablet
W007931,U0060,M0072,2026-07-16 12:45:00,131,Web
W007932,U0022,M0004,2026-09-01 10:05:00,110,Web
W007933,U0054,M0091,2026-07-26 18:02:00,130,TV
W007934,U0020,M0084,2026-09-09 22:25:00,89,Mobile
W007935,U0016,M0004,2026-07-03 12:00:00,58,Mobile
W007936,U0136,M0073,2026-08-15 16:12:00,148,Web
W007937,U0042,M0090,2026-08-07 13:54:00,130,TV
W007938,U0128,M0010,2026-07-23 19:13:00,127,Tablet
W007939,U0116,M0003,2026-07-05 12:09:00,95,TV
W007940,U0007,M0006,2026-08-05 17:52:00,51,Web
W007941,U0169,M0091,2026-09-14 14:51:00,164,TV
W007942,U0083,M0008,2026-09-04 08:14:00,147,Mobile
W007943,U0022,M0011,2026-09-21 04:07:00,95,Tablet
W007944,U0063,M0006,2026-08-19 22:12:00,83,TV
W007945,U0145,M0013,2026-07-11 17:20:00,104,TV
W007946,U0034,M0045,2026-08-02 20:37:00,59,Mobile
W007947,U0024,M0021,2026-07-06 18:05:00,78,Tablet
W007948,U0051,M0001,2026-08-18 14:53:00,96,Mobile
W007949,U0019,M0072,2026-08-03 02:54:00,134,Tablet
W007950,U0081,M0052,2026-07-07 00:29:00,72,Tablet
W007951,U0164,M0080,2026-09-16 21:39:00,122,Mobile
W007952,U0118,M0016,2026-08-30 19:54:00,122,Tablet
W007953,U0070,M0009,2026-09-24 11:37:00,88,Tablet
W007954,U0131,M0012,2026-09-25 15:57:00,53,TV
W007955,U0162,M0077,2026-07-15 21:13:00,150,Web
W007956,U0015,M0010,2026-09-06 04:47:00,116,Mobile
W007957,U0079,M0088,2026-08-19 10:15:00,77,Mobile
W007958,U0148,M0041,2026-09-22 04:28:00,85,Mobile
W007959,U0026,M0076,2026-09-13 17:23:00,143,Tablet
W007960,U0178,M0010,2026-08-12 07:12:00,120,Tablet
W007961,U0107,M0083,2026-08-23 04:47:00,109,Tablet
W007962,U0189,M0022,2026-07-09 18:39:00,112,Tablet
W007963,U0010,M0014,2026-09-10 22:06:00,113,Web
W007964,U0020,M0004,2026-09-18 04:32:00,99,Tablet
W007965,U0195,M0058,2026-07-12 17:39:00,89,Mobile
W007966,U0065,M0008,2026-09-26 03:08:00,118,TV
W007967,U0079,M0007,2026-08-15 22:45:00,107,TV
W007968,U0083,M0038,2026-09-05 07:29:00,79,TV
W007969,U0016,M0009,2026-08-27 21:36:00,57,Web
W007970,U0135,M0011,2026-09-10 08:19:00,75,TV
W007971,U0093,M0012,2026-07-16 21:31:00,92,TV
W007972,U0056,M0009,2026-09-02 18:27:00,75,Tablet
W007973,U0176,M0071,2026-07-15 20:58:00,133,TV
W007974,U0148,M0009,2026-08-06 11:44:00,67,Tablet
W007975,U0051,M0098,2026-09-08 16:53:00,100,Web
W007976,U0035,M0001,2026-07-23 14:46:00,123,TV
W007977,U0082,M0001,2026-09-11 11:01:00,104,TV
W007978,U0155,M0029,2026-08-20 08:12:00,60,Tablet
W007979,U0170,M0008,2026-08-06 21:18:00,160,Tablet
W007980,U0064,M0006,2026-09-27 14:13:00,95,TV
W007981,U0061,M0095,2026-09-20 11:03:00,142,TV
W007982,U0015,M0048,2026-08-07 09:52:00,91,Tablet
W007983,U0050,M0066,2026-07-25 14:11:00,123,TV
W007984,U0024,M0008,2026-08-06 06:13:00,127,TV
W007985,U0066,M0011,2026-07-17 02:46:00,108,Tablet
W007986,U0044,M0002,2026-07-17 13:28:00,101,TV
W007987,U0050,M0003,2026-08-11 19:30:00,111,Web
W007988,U0093,M0001,2026-09-06 08:59:00,112,Web
W007989,U0053,M0079,2026-09-18 07:18:00,94,Mobile
W007990,U0027,M0003,2026-07-31 21:43:00,107,Web
W007991,U0148,M0071,2026-07-27 16:07:00,154,Web
W007992,U0043,M0046,2026-08-27 12:08:00,102,Web
W007993,U0046,M0094,2026-08-04 10:59:00,124,Web
W007994,U0020,M0023,2026-08-26 19:14:00,117,Mobile
W007995,U0032,M0008,2026-07-25 20:37:00,136,TV
W007996,U0065,M0003,2026-07-27 05:44:00,71,TV
W007997,U0151,M0008,2026-08-10 05:54:00,145,TV
W007998,U0083,M0050,2026-08-29 07:54:00,149,Tablet
W007999,U0096,M0001,2026-08-02 18:43:00,109,Tablet
W008000,U0081,M0076,2026-07-24 18:21:00,121,Web
